school_name,school_district,county,archetype,peer_rank,peer_school,peer_district,peer_county,standardized_distance
Douglas Byrd High,Cumberland County Schools,Cumberland County,Multidomain Elevated Stress,1,Westover High,Cumberland County Schools,Cumberland County,0.38329894986084084
Douglas Byrd High,Cumberland County Schools,Cumberland County,Multidomain Elevated Stress,2,Gray'S Creek High,Cumberland County Schools,Cumberland County,0.3927796156521743
Douglas Byrd High,Cumberland County Schools,Cumberland County,Multidomain Elevated Stress,3,Cape Fear High,Cumberland County Schools,Cumberland County,0.5373607043648307
Douglas Byrd High,Cumberland County Schools,Cumberland County,Multidomain Elevated Stress,4,Massey Hill Classical High,Cumberland County Schools,Cumberland County,0.5373607043648307
Douglas Byrd High,Cumberland County Schools,Cumberland County,Multidomain Elevated Stress,5,Cumberland International Early College,Cumberland County Schools,Cumberland County,0.5373607043648307
Cape Fear High,Cumberland County Schools,Cumberland County,Multidomain Elevated Stress,1,Cumberland Polytechnic,Cumberland County Schools,Cumberland County,0.0
Cape Fear High,Cumberland County Schools,Cumberland County,Multidomain Elevated Stress,2,Massey Hill Classical High,Cumberland County Schools,Cumberland County,0.0
Cape Fear High,Cumberland County Schools,Cumberland County,Multidomain Elevated Stress,3,Cumberland International Early College,Cumberland County Schools,Cumberland County,0.0
Cape Fear High,Cumberland County Schools,Cumberland County,Multidomain Elevated Stress,4,Reid Ross Classical High,Cumberland County Schools,Cumberland County,0.0
Cape Fear High,Cumberland County Schools,Cumberland County,Multidomain Elevated Stress,5,Terry Sanford High,Cumberland County Schools,Cumberland County,0.0
Massey Hill Classical High,Cumberland County Schools,Cumberland County,Multidomain Elevated Stress,1,Cumberland Polytechnic,Cumberland County Schools,Cumberland County,0.0
Massey Hill Classical High,Cumberland County Schools,Cumberland County,Multidomain Elevated Stress,2,Cape Fear High,Cumberland County Schools,Cumberland County,0.0
Massey Hill Classical High,Cumberland County Schools,Cumberland County,Multidomain Elevated Stress,3,Cumberland International Early College,Cumberland County Schools,Cumberland County,0.0
Massey Hill Classical High,Cumberland County Schools,Cumberland County,Multidomain Elevated Stress,4,Reid Ross Classical High,Cumberland County Schools,Cumberland County,0.0
Massey Hill Classical High,Cumberland County Schools,Cumberland County,Multidomain Elevated Stress,5,Terry Sanford High,Cumberland County Schools,Cumberland County,0.0
Pine Forest High,Cumberland County Schools,Cumberland County,Multidomain Elevated Stress,1,E E Smith High,Cumberland County Schools,Cumberland County,0.4558339257702722
Pine Forest High,Cumberland County Schools,Cumberland County,Multidomain Elevated Stress,2,Westover High,Cumberland County Schools,Cumberland County,0.5298394717856802
Pine Forest High,Cumberland County Schools,Cumberland County,Multidomain Elevated Stress,3,Seventy-First High,Cumberland County Schools,Cumberland County,0.530483626124729
Pine Forest High,Cumberland County Schools,Cumberland County,Multidomain Elevated Stress,4,South View High,Cumberland County Schools,Cumberland County,0.5726928726445719
Pine Forest High,Cumberland County Schools,Cumberland County,Multidomain Elevated Stress,5,Terry Sanford High,Cumberland County Schools,Cumberland County,0.5741203652582948
Seventy-First High,Cumberland County Schools,Cumberland County,Multidomain Elevated Stress,1,E E Smith High,Cumberland County Schools,Cumberland County,0.15666132228824503
Seventy-First High,Cumberland County Schools,Cumberland County,Multidomain Elevated Stress,2,Terry Sanford High,Cumberland County Schools,Cumberland County,0.2918642463382959
Seventy-First High,Cumberland County Schools,Cumberland County,Multidomain Elevated Stress,3,Cape Fear High,Cumberland County Schools,Cumberland County,0.2918642463382959
Seventy-First High,Cumberland County Schools,Cumberland County,Multidomain Elevated Stress,4,Massey Hill Classical High,Cumberland County Schools,Cumberland County,0.2918642463382959
Seventy-First High,Cumberland County Schools,Cumberland County,Multidomain Elevated Stress,5,Cumberland International Early College,Cumberland County Schools,Cumberland County,0.2918642463382959
South View High,Cumberland County Schools,Cumberland County,Multidomain Elevated Stress,1,Tar River Academy,Nash County Public Schools,Nash County,0.4476777480025908
South View High,Cumberland County Schools,Cumberland County,Multidomain Elevated Stress,2,Citi High School,Nash County Public Schools,Nash County,0.4476777480025908
South View High,Cumberland County Schools,Cumberland County,Multidomain Elevated Stress,3,E E Smith High,Cumberland County Schools,Cumberland County,0.46729395256001455
South View High,Cumberland County Schools,Cumberland County,Multidomain Elevated Stress,4,Alger B. Wilkins High School,Cumberland County Schools,Cumberland County,0.4864677481033051
South View High,Cumberland County Schools,Cumberland County,Multidomain Elevated Stress,5,Pine Forest High,Cumberland County Schools,Cumberland County,0.5726928726445719
Westover High,Cumberland County Schools,Cumberland County,Multidomain Elevated Stress,1,Cape Fear High,Cumberland County Schools,Cumberland County,0.30455361076309845
Westover High,Cumberland County Schools,Cumberland County,Multidomain Elevated Stress,2,Massey Hill Classical High,Cumberland County Schools,Cumberland County,0.30455361076309845
Westover High,Cumberland County Schools,Cumberland County,Multidomain Elevated Stress,3,Reid Ross Classical High,Cumberland County Schools,Cumberland County,0.30455361076309845
Westover High,Cumberland County Schools,Cumberland County,Multidomain Elevated Stress,4,Terry Sanford High,Cumberland County Schools,Cumberland County,0.30455361076309845
Westover High,Cumberland County Schools,Cumberland County,Multidomain Elevated Stress,5,Cumberland International Early College,Cumberland County Schools,Cumberland County,0.30455361076309845
E E Smith High,Cumberland County Schools,Cumberland County,Multidomain Elevated Stress,1,Seventy-First High,Cumberland County Schools,Cumberland County,0.15666132228824503
E E Smith High,Cumberland County Schools,Cumberland County,Multidomain Elevated Stress,2,Terry Sanford High,Cumberland County Schools,Cumberland County,0.24625590021260238
E E Smith High,Cumberland County Schools,Cumberland County,Multidomain Elevated Stress,3,Cape Fear High,Cumberland County Schools,Cumberland County,0.24625590021260238
E E Smith High,Cumberland County Schools,Cumberland County,Multidomain Elevated Stress,4,Massey Hill Classical High,Cumberland County Schools,Cumberland County,0.24625590021260238
E E Smith High,Cumberland County Schools,Cumberland County,Multidomain Elevated Stress,5,Reid Ross Classical High,Cumberland County Schools,Cumberland County,0.24625590021260238
Reid Ross Classical High,Cumberland County Schools,Cumberland County,Multidomain Elevated Stress,1,Cumberland Polytechnic,Cumberland County Schools,Cumberland County,0.0
Reid Ross Classical High,Cumberland County Schools,Cumberland County,Multidomain Elevated Stress,2,Cape Fear High,Cumberland County Schools,Cumberland County,0.0
Reid Ross Classical High,Cumberland County Schools,Cumberland County,Multidomain Elevated Stress,3,Massey Hill Classical High,Cumberland County Schools,Cumberland County,0.0
Reid Ross Classical High,Cumberland County Schools,Cumberland County,Multidomain Elevated Stress,4,Cumberland International Early College,Cumberland County Schools,Cumberland County,0.0
Reid Ross Classical High,Cumberland County Schools,Cumberland County,Multidomain Elevated Stress,5,Terry Sanford High,Cumberland County Schools,Cumberland County,0.0
Terry Sanford High,Cumberland County Schools,Cumberland County,Multidomain Elevated Stress,1,Cumberland Polytechnic,Cumberland County Schools,Cumberland County,0.0
Terry Sanford High,Cumberland County Schools,Cumberland County,Multidomain Elevated Stress,2,Cape Fear High,Cumberland County Schools,Cumberland County,0.0
Terry Sanford High,Cumberland County Schools,Cumberland County,Multidomain Elevated Stress,3,Massey Hill Classical High,Cumberland County Schools,Cumberland County,0.0
Terry Sanford High,Cumberland County Schools,Cumberland County,Multidomain Elevated Stress,4,Cumberland International Early College,Cumberland County Schools,Cumberland County,0.0
Terry Sanford High,Cumberland County Schools,Cumberland County,Multidomain Elevated Stress,5,Reid Ross Classical High,Cumberland County Schools,Cumberland County,0.0
Ramsey Street High,Cumberland County Schools,Cumberland County,Multidomain Elevated Stress,1,Cumberland Academy 6-12 Virtual School,Cumberland County Schools,Cumberland County,0.0
Ramsey Street High,Cumberland County Schools,Cumberland County,Multidomain Elevated Stress,2,Cape Fear High,Cumberland County Schools,Cumberland County,0.3755011069904414
Ramsey Street High,Cumberland County Schools,Cumberland County,Multidomain Elevated Stress,3,Massey Hill Classical High,Cumberland County Schools,Cumberland County,0.3755011069904414
Ramsey Street High,Cumberland County Schools,Cumberland County,Multidomain Elevated Stress,4,Cumberland International Early College,Cumberland County Schools,Cumberland County,0.3755011069904414
Ramsey Street High,Cumberland County Schools,Cumberland County,Multidomain Elevated Stress,5,Cumberland Polytechnic,Cumberland County Schools,Cumberland County,0.3755011069904414
Jack Britt High,Cumberland County Schools,Cumberland County,Multidomain Elevated Stress,1,Tar River Academy,Nash County Public Schools,Nash County,0.5640236446084537
Jack Britt High,Cumberland County Schools,Cumberland County,Multidomain Elevated Stress,2,Citi High School,Nash County Public Schools,Nash County,0.5640236446084537
Jack Britt High,Cumberland County Schools,Cumberland County,Multidomain Elevated Stress,3,Seventy-First High,Cumberland County Schools,Cumberland County,0.6364570020537464
Jack Britt High,Cumberland County Schools,Cumberland County,Multidomain Elevated Stress,4,E E Smith High,Cumberland County Schools,Cumberland County,0.6554542587887763
Jack Britt High,Cumberland County Schools,Cumberland County,Multidomain Elevated Stress,5,Alger B. Wilkins High School,Cumberland County Schools,Cumberland County,0.7082476932345364
Gray'S Creek High,Cumberland County Schools,Cumberland County,Multidomain Elevated Stress,1,Douglas Byrd High,Cumberland County Schools,Cumberland County,0.3927796156521743
Gray'S Creek High,Cumberland County Schools,Cumberland County,Multidomain Elevated Stress,2,Cumberland Polytechnic,Cumberland County Schools,Cumberland County,0.4318642410111361
Gray'S Creek High,Cumberland County Schools,Cumberland County,Multidomain Elevated Stress,3,Cross Creek Early College,Cumberland County Schools,Cumberland County,0.4318642410111361
Gray'S Creek High,Cumberland County Schools,Cumberland County,Multidomain Elevated Stress,4,Terry Sanford High,Cumberland County Schools,Cumberland County,0.4318642410111361
Gray'S Creek High,Cumberland County Schools,Cumberland County,Multidomain Elevated Stress,5,Reid Ross Classical High,Cumberland County Schools,Cumberland County,0.4318642410111361
Cross Creek Early College,Cumberland County Schools,Cumberland County,Multidomain Elevated Stress,1,Cumberland Polytechnic,Cumberland County Schools,Cumberland County,0.0
Cross Creek Early College,Cumberland County Schools,Cumberland County,Multidomain Elevated Stress,2,Cape Fear High,Cumberland County Schools,Cumberland County,0.0
Cross Creek Early College,Cumberland County Schools,Cumberland County,Multidomain Elevated Stress,3,Massey Hill Classical High,Cumberland County Schools,Cumberland County,0.0
Cross Creek Early College,Cumberland County Schools,Cumberland County,Multidomain Elevated Stress,4,Cumberland International Early College,Cumberland County Schools,Cumberland County,0.0
Cross Creek Early College,Cumberland County Schools,Cumberland County,Multidomain Elevated Stress,5,Reid Ross Classical High,Cumberland County Schools,Cumberland County,0.0
Cumberland Polytechnic,Cumberland County Schools,Cumberland County,Multidomain Elevated Stress,1,Cross Creek Early College,Cumberland County Schools,Cumberland County,0.0
Cumberland Polytechnic,Cumberland County Schools,Cumberland County,Multidomain Elevated Stress,2,Cape Fear High,Cumberland County Schools,Cumberland County,0.0
Cumberland Polytechnic,Cumberland County Schools,Cumberland County,Multidomain Elevated Stress,3,Massey Hill Classical High,Cumberland County Schools,Cumberland County,0.0
Cumberland Polytechnic,Cumberland County Schools,Cumberland County,Multidomain Elevated Stress,4,Cumberland International Early College,Cumberland County Schools,Cumberland County,0.0
Cumberland Polytechnic,Cumberland County Schools,Cumberland County,Multidomain Elevated Stress,5,Reid Ross Classical High,Cumberland County Schools,Cumberland County,0.0
Alger B. Wilkins High School,Cumberland County Schools,Cumberland County,Multidomain Elevated Stress,1,Tar River Academy,Nash County Public Schools,Nash County,0.28975343760984995
Alger B. Wilkins High School,Cumberland County Schools,Cumberland County,Multidomain Elevated Stress,2,Citi High School,Nash County Public Schools,Nash County,0.28975343760984995
Alger B. Wilkins High School,Cumberland County Schools,Cumberland County,Multidomain Elevated Stress,3,E E Smith High,Cumberland County Schools,Cumberland County,0.46328111450214804
Alger B. Wilkins High School,Cumberland County Schools,Cumberland County,Multidomain Elevated Stress,4,South View High,Cumberland County Schools,Cumberland County,0.4864677481033051
Alger B. Wilkins High School,Cumberland County Schools,Cumberland County,Multidomain Elevated Stress,5,Cumberland Academy 6-12 Virtual School,Cumberland County Schools,Cumberland County,0.5744000073270064
Cumberland International Early College,Cumberland County Schools,Cumberland County,Multidomain Elevated Stress,1,Cross Creek Early College,Cumberland County Schools,Cumberland County,0.0
Cumberland International Early College,Cumberland County Schools,Cumberland County,Multidomain Elevated Stress,2,Cape Fear High,Cumberland County Schools,Cumberland County,0.0
Cumberland International Early College,Cumberland County Schools,Cumberland County,Multidomain Elevated Stress,3,Massey Hill Classical High,Cumberland County Schools,Cumberland County,0.0
Cumberland International Early College,Cumberland County Schools,Cumberland County,Multidomain Elevated Stress,4,Cumberland Polytechnic,Cumberland County Schools,Cumberland County,0.0
Cumberland International Early College,Cumberland County Schools,Cumberland County,Multidomain Elevated Stress,5,Reid Ross Classical High,Cumberland County Schools,Cumberland County,0.0
Cumberland Academy 6-12 Virtual School,Cumberland County Schools,Cumberland County,Multidomain Elevated Stress,1,Ramsey Street High,Cumberland County Schools,Cumberland County,0.0
Cumberland Academy 6-12 Virtual School,Cumberland County Schools,Cumberland County,Multidomain Elevated Stress,2,Cumberland International Early College,Cumberland County Schools,Cumberland County,0.3755011069904414
Cumberland Academy 6-12 Virtual School,Cumberland County Schools,Cumberland County,Multidomain Elevated Stress,3,Cape Fear High,Cumberland County Schools,Cumberland County,0.3755011069904414
Cumberland Academy 6-12 Virtual School,Cumberland County Schools,Cumberland County,Multidomain Elevated Stress,4,Massey Hill Classical High,Cumberland County Schools,Cumberland County,0.3755011069904414
Cumberland Academy 6-12 Virtual School,Cumberland County Schools,Cumberland County,Multidomain Elevated Stress,5,Cumberland Polytechnic,Cumberland County Schools,Cumberland County,0.3755011069904414
Ayden-Grifton High,Pitt County Schools,Pitt County,Multidomain Elevated Stress,1,Farmville Central High,Pitt County Schools,Pitt County,0.4539350627335038
Ayden-Grifton High,Pitt County Schools,Pitt County,Multidomain Elevated Stress,2,D H Conley High,Pitt County Schools,Pitt County,0.6010066069325615
Ayden-Grifton High,Pitt County Schools,Pitt County,Multidomain Elevated Stress,3,Overhills High,Harnett County Schools,Harnett County,0.6502746949127762
Ayden-Grifton High,Pitt County Schools,Pitt County,Multidomain Elevated Stress,4,Northern Nash High,Nash County Public Schools,Nash County,0.6967439994188853
Ayden-Grifton High,Pitt County Schools,Pitt County,Multidomain Elevated Stress,5,Gray'S Creek High,Cumberland County Schools,Cumberland County,0.7178014213381216
D H Conley High,Pitt County Schools,Pitt County,Multidomain Elevated Stress,1,Overhills High,Harnett County Schools,Harnett County,0.48309129844734855
D H Conley High,Pitt County Schools,Pitt County,Multidomain Elevated Stress,2,Tar River Academy,Nash County Public Schools,Nash County,0.5251618491035844
D H Conley High,Pitt County Schools,Pitt County,Multidomain Elevated Stress,3,Citi High School,Nash County Public Schools,Nash County,0.5251618491035844
D H Conley High,Pitt County Schools,Pitt County,Multidomain Elevated Stress,4,Ayden-Grifton High,Pitt County Schools,Pitt County,0.6010066069325615
D H Conley High,Pitt County Schools,Pitt County,Multidomain Elevated Stress,5,South View High,Cumberland County Schools,Cumberland County,0.617597846156642
Farmville Central High,Pitt County Schools,Pitt County,Multidomain Elevated Stress,1,Ayden-Grifton High,Pitt County Schools,Pitt County,0.4539350627335038
Farmville Central High,Pitt County Schools,Pitt County,Multidomain Elevated Stress,2,Gray'S Creek High,Cumberland County Schools,Cumberland County,0.6053303459700613
Farmville Central High,Pitt County Schools,Pitt County,Multidomain Elevated Stress,3,D H Conley High,Pitt County Schools,Pitt County,0.6289173374834167
Farmville Central High,Pitt County Schools,Pitt County,Multidomain Elevated Stress,4,Cape Fear High,Cumberland County Schools,Cumberland County,0.6414633576448557
Farmville Central High,Pitt County Schools,Pitt County,Multidomain Elevated Stress,5,Massey Hill Classical High,Cumberland County Schools,Cumberland County,0.6414633576448557
North Pitt High,Pitt County Schools,Pitt County,Multidomain Elevated Stress,1,Douglas Byrd High,Cumberland County Schools,Cumberland County,0.7033093536846563
North Pitt High,Pitt County Schools,Pitt County,Multidomain Elevated Stress,2,Farmville Central High,Pitt County Schools,Pitt County,0.8363958294196284
North Pitt High,Pitt County Schools,Pitt County,Multidomain Elevated Stress,3,Westover High,Cumberland County Schools,Cumberland County,0.9284979949426282
North Pitt High,Pitt County Schools,Pitt County,Multidomain Elevated Stress,4,Gray'S Creek High,Cumberland County Schools,Cumberland County,0.9414693344466317
North Pitt High,Pitt County Schools,Pitt County,Multidomain Elevated Stress,5,Ayden-Grifton High,Pitt County Schools,Pitt County,1.046166208002081
Junius H Rose High,Pitt County Schools,Pitt County,Multidomain Elevated Stress,1,South Central,Pitt County Schools,Pitt County,0.4318642410111371
Junius H Rose High,Pitt County Schools,Pitt County,Multidomain Elevated Stress,2,West Forsyth High,Winston Salem / Forsyth County Schools,Forsyth County,0.7320565774897134
Junius H Rose High,Pitt County Schools,Pitt County,Multidomain Elevated Stress,3,Innovation Early College High,Pitt County Schools,Pitt County,0.8343372668737834
Junius H Rose High,Pitt County Schools,Pitt County,Multidomain Elevated Stress,4,Southside High,Beaufort County Schools,Beaufort County,0.8354237887290414
Junius H Rose High,Pitt County Schools,Pitt County,Multidomain Elevated Stress,5,B C Ed Tech Center,Beaufort County Schools,Beaufort County,0.8354237887290414
South Central,Pitt County Schools,Pitt County,Multidomain Elevated Stress,1,Junius H Rose High,Pitt County Schools,Pitt County,0.4318642410111371
South Central,Pitt County Schools,Pitt County,Multidomain Elevated Stress,2,Pcs Early College High School,Pitt County Schools,Pitt County,0.5800508744718278
South Central,Pitt County Schools,Pitt County,Multidomain Elevated Stress,3,West Forsyth High,Winston Salem / Forsyth County Schools,Forsyth County,0.6393267263766225
South Central,Pitt County Schools,Pitt County,Multidomain Elevated Stress,4,Innovation Early College High,Pitt County Schools,Pitt County,0.7211375384763664
South Central,Pitt County Schools,Pitt County,Multidomain Elevated Stress,5,Middle College Of Forsyth Cnty,Winston Salem / Forsyth County Schools,Forsyth County,0.7374991867225914
Pcs Early College High School,Pitt County Schools,Pitt County,Multidomain Elevated Stress,1,South Central,Pitt County Schools,Pitt County,0.5800508744718278
Pcs Early College High School,Pitt County Schools,Pitt County,Multidomain Elevated Stress,2,North Forsyth High,Winston Salem / Forsyth County Schools,Forsyth County,0.6252486757981424
Pcs Early College High School,Pitt County Schools,Pitt County,Multidomain Elevated Stress,3,Walkertown High,Winston Salem / Forsyth County Schools,Forsyth County,0.6478878087102605
Pcs Early College High School,Pitt County Schools,Pitt County,Multidomain Elevated Stress,4,Seventy-First High,Cumberland County Schools,Cumberland County,0.6975796630113219
Pcs Early College High School,Pitt County Schools,Pitt County,Multidomain Elevated Stress,5,Farmville Central High,Pitt County Schools,Pitt County,0.7094001656805897
Innovation Early College High,Pitt County Schools,Pitt County,Multidomain Elevated Stress,1,East Forsyth High,Winston Salem / Forsyth County Schools,Forsyth County,0.574400007327006
Innovation Early College High,Pitt County Schools,Pitt County,Multidomain Elevated Stress,2,South Central,Pitt County Schools,Pitt County,0.7211375384763664
Innovation Early College High,Pitt County Schools,Pitt County,Multidomain Elevated Stress,3,Junius H Rose High,Pitt County Schools,Pitt County,0.8343372668737834
Innovation Early College High,Pitt County Schools,Pitt County,Multidomain Elevated Stress,4,Early College Of Forsyth Co,Winston Salem / Forsyth County Schools,Forsyth County,0.8428441073906856
Innovation Early College High,Pitt County Schools,Pitt County,Multidomain Elevated Stress,5,Middle College Of Forsyth Cnty,Winston Salem / Forsyth County Schools,Forsyth County,0.8428441073906856
Eastern Alamance High,Alamance-Burlington Schools,Alamance County,"Moderate Stress, Lower Housing",1,East Rowan High,Rowan-Salisbury Schools,Rowan County,0.48365575751528744
Eastern Alamance High,Alamance-Burlington Schools,Alamance County,"Moderate Stress, Lower Housing",2,Cherryville High,Gaston County Schools,Gaston County,0.4885828515306149
Eastern Alamance High,Alamance-Burlington Schools,Alamance County,"Moderate Stress, Lower Housing",3,Harnett Central High,Harnett County Schools,Harnett County,0.5510764357341065
Eastern Alamance High,Alamance-Burlington Schools,Alamance County,"Moderate Stress, Lower Housing",4,Franklin County Early College,Franklin County Schools,Franklin County,0.5531882921909381
Eastern Alamance High,Alamance-Burlington Schools,Alamance County,"Moderate Stress, Lower Housing",5,South Caldwell High,Caldwell County Schools,Caldwell County,0.5588432697394711
Graham High,Alamance-Burlington Schools,Alamance County,Multidomain Elevated Stress,1,Southern Alamance High,Alamance-Burlington Schools,Alamance County,0.0
Graham High,Alamance-Burlington Schools,Alamance County,Multidomain Elevated Stress,2,Abss Early College At Acc,Alamance-Burlington Schools,Alamance County,0.0
Graham High,Alamance-Burlington Schools,Alamance County,Multidomain Elevated Stress,3,Ray Street Academy,Alamance-Burlington Schools,Alamance County,0.0
Graham High,Alamance-Burlington Schools,Alamance County,Multidomain Elevated Stress,4,Carson High,Rowan-Salisbury Schools,Rowan County,0.3892914696019612
Graham High,Alamance-Burlington Schools,Alamance County,Multidomain Elevated Stress,5,Rowan Co Early College,Rowan-Salisbury Schools,Rowan County,0.4643658686123978
Southern Alamance High,Alamance-Burlington Schools,Alamance County,Multidomain Elevated Stress,1,Graham High,Alamance-Burlington Schools,Alamance County,0.0
Southern Alamance High,Alamance-Burlington Schools,Alamance County,Multidomain Elevated Stress,2,Abss Early College At Acc,Alamance-Burlington Schools,Alamance County,0.0
Southern Alamance High,Alamance-Burlington Schools,Alamance County,Multidomain Elevated Stress,3,Ray Street Academy,Alamance-Burlington Schools,Alamance County,0.0
Southern Alamance High,Alamance-Burlington Schools,Alamance County,Multidomain Elevated Stress,4,Carson High,Rowan-Salisbury Schools,Rowan County,0.3892914696019612
Southern Alamance High,Alamance-Burlington Schools,Alamance County,Multidomain Elevated Stress,5,Rowan Co Early College,Rowan-Salisbury Schools,Rowan County,0.4643658686123978
Western Alamance High,Alamance-Burlington Schools,Alamance County,Housing-Concentrated Stress,1,South Point High,Gaston County Schools,Gaston County,0.7069868993667189
Western Alamance High,Alamance-Burlington Schools,Alamance County,Housing-Concentrated Stress,2,Ronald W Reagan High School,Winston Salem / Forsyth County Schools,Forsyth County,0.7750668256710503
Western Alamance High,Alamance-Burlington Schools,Alamance County,Housing-Concentrated Stress,3,Southwest High,Onslow County Schools,Onslow County,0.8084494062325287
Western Alamance High,Alamance-Burlington Schools,Alamance County,Housing-Concentrated Stress,4,Jacksonville High,Onslow County Schools,Onslow County,0.8157851682922349
Western Alamance High,Alamance-Burlington Schools,Alamance County,Housing-Concentrated Stress,5,Emsley A Laney High,New Hanover County Schools,New Hanover County,0.8376194970859819
Hugh M Cummings High,Alamance-Burlington Schools,Alamance County,Education and Health Pressure,1,Career And Technical Education Center,Alamance-Burlington Schools,Alamance County,0.0
Hugh M Cummings High,Alamance-Burlington Schools,Alamance County,Education and Health Pressure,2,High Point Central High,Guilford County Schools,Guilford County,0.6727438089963849
Hugh M Cummings High,Alamance-Burlington Schools,Alamance County,Education and Health Pressure,3,Hunter Huss High,Gaston County Schools,Gaston County,0.7237980589295728
Hugh M Cummings High,Alamance-Burlington Schools,Alamance County,Education and Health Pressure,4,Pruette Scale Academy,Guilford County Schools,Guilford County,0.7664965069718476
Hugh M Cummings High,Alamance-Burlington Schools,Alamance County,Education and Health Pressure,5,Southern Guilford High,Guilford County Schools,Guilford County,0.8131190347867805
Walter M Williams High,Alamance-Burlington Schools,Alamance County,Multidomain Elevated Stress,1,Mount Tabor High School,Winston Salem / Forsyth County Schools,Forsyth County,0.4448834400987701
Walter M Williams High,Alamance-Burlington Schools,Alamance County,Multidomain Elevated Stress,2,West Forsyth High,Winston Salem / Forsyth County Schools,Forsyth County,0.45828665738202873
Walter M Williams High,Alamance-Burlington Schools,Alamance County,Multidomain Elevated Stress,3,Southeast Guilford High,Guilford County Schools,Guilford County,0.608546754015717
Walter M Williams High,Alamance-Burlington Schools,Alamance County,Multidomain Elevated Stress,4,Forestview High,Gaston County Schools,Gaston County,0.9616463887374839
Walter M Williams High,Alamance-Burlington Schools,Alamance County,Multidomain Elevated Stress,5,Gaston Early College High School,Gaston County Schools,Gaston County,0.9616463887374839
Ray Street Academy,Alamance-Burlington Schools,Alamance County,Multidomain Elevated Stress,1,Graham High,Alamance-Burlington Schools,Alamance County,0.0
Ray Street Academy,Alamance-Burlington Schools,Alamance County,Multidomain Elevated Stress,2,Abss Early College At Acc,Alamance-Burlington Schools,Alamance County,0.0
Ray Street Academy,Alamance-Burlington Schools,Alamance County,Multidomain Elevated Stress,3,Southern Alamance High,Alamance-Burlington Schools,Alamance County,0.0
Ray Street Academy,Alamance-Burlington Schools,Alamance County,Multidomain Elevated Stress,4,Carson High,Rowan-Salisbury Schools,Rowan County,0.3892914696019612
Ray Street Academy,Alamance-Burlington Schools,Alamance County,Multidomain Elevated Stress,5,Rowan Co Early College,Rowan-Salisbury Schools,Rowan County,0.4643658686123978
Abss Early College At Acc,Alamance-Burlington Schools,Alamance County,Multidomain Elevated Stress,1,Graham High,Alamance-Burlington Schools,Alamance County,0.0
Abss Early College At Acc,Alamance-Burlington Schools,Alamance County,Multidomain Elevated Stress,2,Ray Street Academy,Alamance-Burlington Schools,Alamance County,0.0
Abss Early College At Acc,Alamance-Burlington Schools,Alamance County,Multidomain Elevated Stress,3,Southern Alamance High,Alamance-Burlington Schools,Alamance County,0.0
Abss Early College At Acc,Alamance-Burlington Schools,Alamance County,Multidomain Elevated Stress,4,Carson High,Rowan-Salisbury Schools,Rowan County,0.3892914696019612
Abss Early College At Acc,Alamance-Burlington Schools,Alamance County,Multidomain Elevated Stress,5,Rowan Co Early College,Rowan-Salisbury Schools,Rowan County,0.4643658686123978
Career And Technical Education Center,Alamance-Burlington Schools,Alamance County,Education and Health Pressure,1,Hugh M Cummings High,Alamance-Burlington Schools,Alamance County,0.0
Career And Technical Education Center,Alamance-Burlington Schools,Alamance County,Education and Health Pressure,2,High Point Central High,Guilford County Schools,Guilford County,0.6727438089963849
Career And Technical Education Center,Alamance-Burlington Schools,Alamance County,Education and Health Pressure,3,Hunter Huss High,Gaston County Schools,Gaston County,0.7237980589295728
Career And Technical Education Center,Alamance-Burlington Schools,Alamance County,Education and Health Pressure,4,Pruette Scale Academy,Guilford County Schools,Guilford County,0.7664965069718476
Career And Technical Education Center,Alamance-Burlington Schools,Alamance County,Education and Health Pressure,5,Southern Guilford High,Guilford County Schools,Guilford County,0.8131190347867805
Alexander Central High,Alexander County Schools,Alexander County,"Moderate Stress, Lower Housing",1,Alexander Early College,Alexander County Schools,Alexander County,0.0
Alexander Central High,Alexander County Schools,Alexander County,"Moderate Stress, Lower Housing",2,J. F. Webb High,Granville County Schools,Granville County,0.4374129603074868
Alexander Central High,Alexander County Schools,Alexander County,"Moderate Stress, Lower Housing",3,Elkin High,Elkin City Schools,Surry County,0.5705872897989676
Alexander Central High,Alexander County Schools,Alexander County,"Moderate Stress, Lower Housing",4,Chase High School,Rutherford County Schools,Rutherford County,0.7149546532110208
Alexander Central High,Alexander County Schools,Alexander County,"Moderate Stress, Lower Housing",5,Mcdowell Virtual Academy,Mcdowell County Schools,McDowell County,0.7660118700775641
Alexander Early College,Alexander County Schools,Alexander County,"Moderate Stress, Lower Housing",1,Alexander Central High,Alexander County Schools,Alexander County,0.0
Alexander Early College,Alexander County Schools,Alexander County,"Moderate Stress, Lower Housing",2,J. F. Webb High,Granville County Schools,Granville County,0.4374129603074868
Alexander Early College,Alexander County Schools,Alexander County,"Moderate Stress, Lower Housing",3,Elkin High,Elkin City Schools,Surry County,0.5705872897989676
Alexander Early College,Alexander County Schools,Alexander County,"Moderate Stress, Lower Housing",4,Chase High School,Rutherford County Schools,Rutherford County,0.7149546532110208
Alexander Early College,Alexander County Schools,Alexander County,"Moderate Stress, Lower Housing",5,Mcdowell Virtual Academy,Mcdowell County Schools,McDowell County,0.7660118700775641
Raleigh Charter High School,Raleigh Charter High School,Wake County,Broadly Lower Stress,1,Carrboro High,Chapel Hill-Carrboro City Schools,Orange County,0.969648716600886
Raleigh Charter High School,Raleigh Charter High School,Wake County,Broadly Lower Stress,2,Score Academy,Wake County Schools,Wake County,1.074273048411358
Raleigh Charter High School,Raleigh Charter High School,Wake County,Broadly Lower Stress,3,Crossroads Flex,Wake County Schools,Wake County,1.074273048411358
Raleigh Charter High School,Raleigh Charter High School,Wake County,Broadly Lower Stress,4,Green Hope High,Wake County Schools,Wake County,1.209039088770873
Raleigh Charter High School,Raleigh Charter High School,Wake County,Broadly Lower Stress,5,Green Level High,Wake County Schools,Wake County,1.2278709822522842
Bethany Community School,Bethany Community School,Rockingham County,Housing-Concentrated Stress,1,Northwest Guilford High,Guilford County Schools,Guilford County,0.4015992507727959
Bethany Community School,Bethany Community School,Rockingham County,Housing-Concentrated Stress,2,C Joyner Greene Education Center,Guilford County Schools,Guilford County,0.6627212489097404
Bethany Community School,Bethany Community School,Rockingham County,Housing-Concentrated Stress,3,Western Guilford High,Guilford County Schools,Guilford County,0.8741327044474674
Bethany Community School,Bethany Community School,Rockingham County,Housing-Concentrated Stress,4,J. C. Roe Center,New Hanover County Schools,New Hanover County,1.0302595107460784
Bethany Community School,Bethany Community School,Rockingham County,Housing-Concentrated Stress,5,Ronald W Reagan High School,Winston Salem / Forsyth County Schools,Forsyth County,1.0470966341340953
Southern Wake Academy,Southern Wake Academy,Wake County,Broadly Lower Stress,1,Pinecrest High,Moore County Schools,Moore County,1.058801565763829
Southern Wake Academy,Southern Wake Academy,Wake County,Broadly Lower Stress,2,Hendersonville High,Henderson County Schools,Henderson County,1.1439478634583373
Southern Wake Academy,Southern Wake Academy,Wake County,Broadly Lower Stress,3,Cuthbertson High,Union County Public Schools,Union County,1.2439131177453646
Southern Wake Academy,Southern Wake Academy,Wake County,Broadly Lower Stress,4,Phoenix Academy High,Chapel Hill-Carrboro City Schools,Orange County,1.304222760143652
Southern Wake Academy,Southern Wake Academy,Wake County,Broadly Lower Stress,5,Virtual Academy School,Chapel Hill-Carrboro City Schools,Orange County,1.304222760143652
Alleghany High,Alleghany County Schools,Alleghany County,Multidomain Elevated Stress,1,Greene Central High,Greene County Schools,Greene County,1.421433619658637
Alleghany High,Alleghany County Schools,Alleghany County,Multidomain Elevated Stress,2,Greene Early College High,Greene County Schools,Greene County,1.421433619658637
Alleghany High,Alleghany County Schools,Alleghany County,Multidomain Elevated Stress,3,West Rowan High,Rowan-Salisbury Schools,Rowan County,1.6347001932615037
Alleghany High,Alleghany County Schools,Alleghany County,Multidomain Elevated Stress,4,Ashe County High,Ashe County Schools,Ashe County,1.7250696479181413
Alleghany High,Alleghany County Schools,Alleghany County,Multidomain Elevated Stress,5,Sandhoke Early College High,Hoke County Schools,Hoke County,1.7930235632330063
Gray Stone Day,Gray Stone Day School,Stanly County,"Moderate Stress, Lower Housing",1,East Burke High,Burke County Schools,Burke County,0.483655757515287
Gray Stone Day,Gray Stone Day School,Stanly County,"Moderate Stress, Lower Housing",2,Harnett Central High,Harnett County Schools,Harnett County,0.5199745652128409
Gray Stone Day,Gray Stone Day School,Stanly County,"Moderate Stress, Lower Housing",3,Star Academy,Harnett County Schools,Harnett County,0.5967106897470097
Gray Stone Day,Gray Stone Day School,Stanly County,"Moderate Stress, Lower Housing",4,Western Harnett High,Harnett County Schools,Harnett County,0.6200602546975701
Gray Stone Day,Gray Stone Day School,Stanly County,"Moderate Stress, Lower Housing",5,Stanly Academy Learning Center,Stanly County Schools,Stanly County,0.7905598195177223
Charlotte Secondary,Charlotte Secondary School,Mecklenburg County,Housing-Concentrated Stress,1,Tuscola High,Haywood County Schools,Haywood County,0.49938000907833247
Charlotte Secondary,Charlotte Secondary School,Mecklenburg County,Housing-Concentrated Stress,2,New Hanover High,New Hanover County Schools,New Hanover County,0.5327718009240798
Charlotte Secondary,Charlotte Secondary School,Mecklenburg County,Housing-Concentrated Stress,3,Ronald W Reagan High School,Winston Salem / Forsyth County Schools,Forsyth County,0.548367010595802
Charlotte Secondary,Charlotte Secondary School,Mecklenburg County,Housing-Concentrated Stress,4,Kearns Academy,Guilford County Schools,Guilford County,0.6020518128382499
Charlotte Secondary,Charlotte Secondary School,Mecklenburg County,Housing-Concentrated Stress,5,Haywood Early College,Haywood County Schools,Haywood County,0.6373547732018711
Roxboro Community School,Roxboro Community School,Person County,"Moderate Stress, Lower Housing",1,Person High,Person County Schools,Person County,0.0
Roxboro Community School,Roxboro Community School,Person County,"Moderate Stress, Lower Housing",2,Person Early College Innovation & Ldrshp,Person County Schools,Person County,0.0
Roxboro Community School,Roxboro Community School,Person County,"Moderate Stress, Lower Housing",3,Wayne School Of Engineering,Wayne County Public Schools,Wayne County,0.3697421045736197
Roxboro Community School,Roxboro Community School,Person County,"Moderate Stress, Lower Housing",4,Edgewood Cmty Developmental,Wayne County Public Schools,Wayne County,0.3697421045736197
Roxboro Community School,Roxboro Community School,Person County,"Moderate Stress, Lower Housing",5,Eastern Wayne High,Wayne County Public Schools,Wayne County,0.5447025262652647
Anson High School,Anson County Schools,Anson County,Economic and Crime Concentrated,1,Anson Co. Early College High,Anson County Schools,Anson County,0.0
Anson High School,Anson County Schools,Anson County,Economic and Crime Concentrated,2,North Whiteville Academy,Whiteville City Schools,Columbus County,0.5698583533567377
Anson High School,Anson County Schools,Anson County,Economic and Crime Concentrated,3,Columbus Career And College Academy,Columbus County Schools,Columbus County,0.5698583533567377
Anson High School,Anson County Schools,Anson County,Economic and Crime Concentrated,4,Kinston High,Lenoir County Public Schools,Lenoir County,0.7393167840547734
Anson High School,Anson County Schools,Anson County,Economic and Crime Concentrated,5,Whiteville High,Whiteville City Schools,Columbus County,0.8344434308854991
Anson Co. Early College High,Anson County Schools,Anson County,Economic and Crime Concentrated,1,Anson High School,Anson County Schools,Anson County,0.0
Anson Co. Early College High,Anson County Schools,Anson County,Economic and Crime Concentrated,2,North Whiteville Academy,Whiteville City Schools,Columbus County,0.5698583533567377
Anson Co. Early College High,Anson County Schools,Anson County,Economic and Crime Concentrated,3,Columbus Career And College Academy,Columbus County Schools,Columbus County,0.5698583533567377
Anson Co. Early College High,Anson County Schools,Anson County,Economic and Crime Concentrated,4,Kinston High,Lenoir County Public Schools,Lenoir County,0.7393167840547734
Anson Co. Early College High,Anson County Schools,Anson County,Economic and Crime Concentrated,5,Whiteville High,Whiteville City Schools,Columbus County,0.8344434308854991
Ashe County High,Ashe County Schools,Ashe County,Multidomain Elevated Stress,1,Sandhoke Early College High,Hoke County Schools,Hoke County,0.7021702082320025
Ashe County High,Ashe County Schools,Ashe County,Multidomain Elevated Stress,2,Hoke County High,Hoke County Schools,Hoke County,0.7021702082320025
Ashe County High,Ashe County Schools,Ashe County,Multidomain Elevated Stress,3,Early College East High,Craven County Schools,Craven County,1.24320764311606
Ashe County High,Ashe County Schools,Ashe County,Multidomain Elevated Stress,4,Craven Early College High,Craven County Schools,Craven County,1.24320764311606
Ashe County High,Ashe County Schools,Ashe County,Multidomain Elevated Stress,5,West Rowan High,Rowan-Salisbury Schools,Rowan County,1.3122503107504266
Ashe County Early College High,Ashe County Schools,Ashe County,"Moderate Stress, Lower Housing",1,Perquimans County High,Perquimans County Schools,Perquimans County,0.7803543166017187
Ashe County Early College High,Ashe County Schools,Ashe County,"Moderate Stress, Lower Housing",2,Pasquotank County High,Elizabeth City-Pasquotank Public Schools,Pasquotank County,1.1731144548063728
Ashe County Early College High,Ashe County Schools,Ashe County,"Moderate Stress, Lower Housing",3,New Bern High,Craven County Schools,Craven County,1.3539955995067607
Ashe County Early College High,Ashe County Schools,Ashe County,"Moderate Stress, Lower Housing",4,Mcdowell Early College,Mcdowell County Schools,McDowell County,1.361204586770073
Ashe County Early College High,Ashe County Schools,Ashe County,"Moderate Stress, Lower Housing",5,Mcdowell High School,Mcdowell County Schools,McDowell County,1.361204586770073
Asheboro High,Asheboro City Schools,Randolph County,"Moderate Stress, Lower Housing",1,Providence Grove High School,Randolph County School System,Randolph County,0.4302093412148036
Asheboro High,Asheboro City Schools,Randolph County,"Moderate Stress, Lower Housing",2,Southwestern Randolph High School,Randolph County School System,Randolph County,0.5599164680526246
Asheboro High,Asheboro City Schools,Randolph County,"Moderate Stress, Lower Housing",3,Statesville High,Iredell-Statesville Schools,Iredell County,0.5642023181445163
Asheboro High,Asheboro City Schools,Randolph County,"Moderate Stress, Lower Housing",4,South Davidson Middle And High,Davidson County Schools,Davidson County,0.6131098354590343
Asheboro High,Asheboro City Schools,Randolph County,"Moderate Stress, Lower Housing",5,Yadkin Valley Regional Career Academy,Davidson County Schools,Davidson County,0.6736556362317914
Asheville High,Asheville City Schools,Buncombe County,Housing-Concentrated Stress,1,School Of Inquiry And Life Sciences,Asheville City Schools,Buncombe County,0.0
Asheville High,Asheville City Schools,Buncombe County,Housing-Concentrated Stress,2,Reynolds High,Buncombe County Schools,Buncombe County,0.5381828222637677
Asheville High,Asheville City Schools,Buncombe County,Housing-Concentrated Stress,3,Cox Mill High School,Cabarrus County Schools,Cabarrus County,0.5889121291239632
Asheville High,Asheville City Schools,Buncombe County,Housing-Concentrated Stress,4,Nesbitt Discovery Academy,Buncombe County Schools,Buncombe County,0.655454258788776
Asheville High,Asheville City Schools,Buncombe County,Housing-Concentrated Stress,5,The Franklin School Of Innovation,The Franklin School Of Innovation,Buncombe County,0.655454258788776
School Of Inquiry And Life Sciences,Asheville City Schools,Buncombe County,Housing-Concentrated Stress,1,Asheville High,Asheville City Schools,Buncombe County,0.0
School Of Inquiry And Life Sciences,Asheville City Schools,Buncombe County,Housing-Concentrated Stress,2,Reynolds High,Buncombe County Schools,Buncombe County,0.5381828222637677
School Of Inquiry And Life Sciences,Asheville City Schools,Buncombe County,Housing-Concentrated Stress,3,Cox Mill High School,Cabarrus County Schools,Cabarrus County,0.5889121291239632
School Of Inquiry And Life Sciences,Asheville City Schools,Buncombe County,Housing-Concentrated Stress,4,Nesbitt Discovery Academy,Buncombe County Schools,Buncombe County,0.655454258788776
School Of Inquiry And Life Sciences,Asheville City Schools,Buncombe County,Housing-Concentrated Stress,5,The Franklin School Of Innovation,The Franklin School Of Innovation,Buncombe County,0.655454258788776
Avery County High,Avery County Schools,Avery County,Housing-Concentrated Stress,1,Bandys High,Catawba County Schools,Catawba County,0.5640236446084506
Avery County High,Avery County Schools,Avery County,Housing-Concentrated Stress,2,Harnett County Early College,Harnett County Schools,Harnett County,0.7473337866488529
Avery County High,Avery County Schools,Avery County,Housing-Concentrated Stress,3,Surry Early College,Surry County Schools,Surry County,0.7569530462382809
Avery County High,Avery County Schools,Avery County,Housing-Concentrated Stress,4,Challenger Early College High,Catawba County Schools,Catawba County,0.7788124379394319
Avery County High,Avery County Schools,Avery County,Housing-Concentrated Stress,5,Macon Early College High School,Macon County Schools,Macon County,0.9283213178778725
Northeast Regional School - Biotech/Agri,Northeast Regional School - Biotech/Agri,Martin County,Economic and Crime Concentrated,1,Riverside High,Martin County Schools,Martin County,1.0747214087296628
Northeast Regional School - Biotech/Agri,Northeast Regional School - Biotech/Agri,Martin County,Economic and Crime Concentrated,2,South Creek High,Martin County Schools,Martin County,1.1424827370688433
Northeast Regional School - Biotech/Agri,Northeast Regional School - Biotech/Agri,Martin County,Economic and Crime Concentrated,3,Washington County High,Washington County Schools,Washington County,1.4870203682296963
Northeast Regional School - Biotech/Agri,Northeast Regional School - Biotech/Agri,Martin County,Economic and Crime Concentrated,4,Bertie High,Bertie County Schools,Bertie County,1.5500680929174744
Northeast Regional School - Biotech/Agri,Northeast Regional School - Biotech/Agri,Martin County,Economic and Crime Concentrated,5,Bertie Early College High,Bertie County Schools,Bertie County,1.5500680929174744
Bear Grass Charter School,Bear Grass Charter School,Martin County,Multidomain Elevated Stress,1,Early College East High,Craven County Schools,Craven County,1.3688924975738088
Bear Grass Charter School,Bear Grass Charter School,Martin County,Multidomain Elevated Stress,2,Craven Early College High,Craven County Schools,Craven County,1.3688924975738088
Bear Grass Charter School,Bear Grass Charter School,Martin County,Multidomain Elevated Stress,3,Pine Forest High,Cumberland County Schools,Cumberland County,1.3888370784215398
Bear Grass Charter School,Bear Grass Charter School,Martin County,Multidomain Elevated Stress,4,Seventy-First High,Cumberland County Schools,Cumberland County,1.6140139624883165
Bear Grass Charter School,Bear Grass Charter School,Martin County,Multidomain Elevated Stress,5,Jack Britt High,Cumberland County Schools,Cumberland County,1.6144259216263634
Research Triangle High School,Research Triangle High School,Durham County,"Moderate Stress, Lower Housing",1,J D Clement Early College High School,Durham Public Schools,Durham County,0.5526233785465137
Research Triangle High School,Research Triangle High School,Durham County,"Moderate Stress, Lower Housing",2,Middle College Hs @ Dtcc,Durham Public Schools,Durham County,0.5526233785465137
Research Triangle High School,Research Triangle High School,Durham County,"Moderate Stress, Lower Housing",3,Durham School Of Technology,Durham Public Schools,Durham County,0.5526233785465137
Research Triangle High School,Research Triangle High School,Durham County,"Moderate Stress, Lower Housing",4,City Of Medicine Academy,Durham Public Schools,Durham County,0.5526233785465137
Research Triangle High School,Research Triangle High School,Durham County,"Moderate Stress, Lower Housing",5,Riverside High,Durham Public Schools,Durham County,0.5800508744718277
B C Ed Tech Center,Beaufort County Schools,Beaufort County,Multidomain Elevated Stress,1,Southside High,Beaufort County Schools,Beaufort County,0.0
B C Ed Tech Center,Beaufort County Schools,Beaufort County,Multidomain Elevated Stress,2,Junius H Rose High,Pitt County Schools,Pitt County,0.8354237887290414
B C Ed Tech Center,Beaufort County Schools,Beaufort County,Multidomain Elevated Stress,3,South Central,Pitt County Schools,Pitt County,0.9978529342783932
B C Ed Tech Center,Beaufort County Schools,Beaufort County,Multidomain Elevated Stress,4,Pcs Early College High School,Pitt County Schools,Pitt County,1.1723204185517504
B C Ed Tech Center,Beaufort County Schools,Beaufort County,Multidomain Elevated Stress,5,Innovation Early College High,Pitt County Schools,Pitt County,1.2749725721950917
Washington High,Beaufort County Schools,Beaufort County,Education and Health Pressure,1,Beaufort Co Early College High,Beaufort County Schools,Beaufort County,0.0
Washington High,Beaufort County Schools,Beaufort County,Education and Health Pressure,2,Philip J Weaver Ed Center,Guilford County Schools,Guilford County,0.7809863782382744
Washington High,Beaufort County Schools,Beaufort County,Education and Health Pressure,3,Atkins Academic & Tech High,Winston Salem / Forsyth County Schools,Forsyth County,0.8537360657617808
Washington High,Beaufort County Schools,Beaufort County,Education and Health Pressure,4,Winston-Salem Preparatory Acad,Winston Salem / Forsyth County Schools,Forsyth County,0.8537360657617808
Washington High,Beaufort County Schools,Beaufort County,Education and Health Pressure,5,J F Kennedy High,Winston Salem / Forsyth County Schools,Forsyth County,0.8537360657617808
Northside High,Beaufort County Schools,Beaufort County,Multidomain Elevated Stress,1,Walkertown High,Winston Salem / Forsyth County Schools,Forsyth County,0.6163401184065397
Northside High,Beaufort County Schools,Beaufort County,Multidomain Elevated Stress,2,North Forsyth High,Winston Salem / Forsyth County Schools,Forsyth County,0.6306935072975524
Northside High,Beaufort County Schools,Beaufort County,Multidomain Elevated Stress,3,Main Street Academy,Winston Salem / Forsyth County Schools,Forsyth County,0.734003602852136
Northside High,Beaufort County Schools,Beaufort County,Multidomain Elevated Stress,4,Early College Of Forsyth Co,Winston Salem / Forsyth County Schools,Forsyth County,0.7661401665989512
Northside High,Beaufort County Schools,Beaufort County,Multidomain Elevated Stress,5,Middle College Of Forsyth Cnty,Winston Salem / Forsyth County Schools,Forsyth County,0.7661401665989512
Southside High,Beaufort County Schools,Beaufort County,Multidomain Elevated Stress,1,B C Ed Tech Center,Beaufort County Schools,Beaufort County,0.0
Southside High,Beaufort County Schools,Beaufort County,Multidomain Elevated Stress,2,Junius H Rose High,Pitt County Schools,Pitt County,0.8354237887290414
Southside High,Beaufort County Schools,Beaufort County,Multidomain Elevated Stress,3,South Central,Pitt County Schools,Pitt County,0.9978529342783932
Southside High,Beaufort County Schools,Beaufort County,Multidomain Elevated Stress,4,Pcs Early College High School,Pitt County Schools,Pitt County,1.1723204185517504
Southside High,Beaufort County Schools,Beaufort County,Multidomain Elevated Stress,5,Innovation Early College High,Pitt County Schools,Pitt County,1.2749725721950917
Beaufort Co Early College High,Beaufort County Schools,Beaufort County,Education and Health Pressure,1,Washington High,Beaufort County Schools,Beaufort County,0.0
Beaufort Co Early College High,Beaufort County Schools,Beaufort County,Education and Health Pressure,2,Philip J Weaver Ed Center,Guilford County Schools,Guilford County,0.7809863782382744
Beaufort Co Early College High,Beaufort County Schools,Beaufort County,Education and Health Pressure,3,Atkins Academic & Tech High,Winston Salem / Forsyth County Schools,Forsyth County,0.8537360657617808
Beaufort Co Early College High,Beaufort County Schools,Beaufort County,Education and Health Pressure,4,Winston-Salem Preparatory Acad,Winston Salem / Forsyth County Schools,Forsyth County,0.8537360657617808
Beaufort Co Early College High,Beaufort County Schools,Beaufort County,Education and Health Pressure,5,J F Kennedy High,Winston Salem / Forsyth County Schools,Forsyth County,0.8537360657617808
Longleaf School Of The Arts,Longleaf School Of The Arts,Wake County,Broadly Lower Stress,1,East Lincoln High,Lincoln County Schools,Lincoln County,0.8245573352345529
Longleaf School Of The Arts,Longleaf School Of The Arts,Wake County,Broadly Lower Stress,2,Carrboro High,Chapel Hill-Carrboro City Schools,Orange County,1.05880156576383
Longleaf School Of The Arts,Longleaf School Of The Arts,Wake County,Broadly Lower Stress,3,Chapel Hill High,Chapel Hill-Carrboro City Schools,Orange County,1.0740783392270776
Longleaf School Of The Arts,Longleaf School Of The Arts,Wake County,Broadly Lower Stress,4,East Chapel Hill High,Chapel Hill-Carrboro City Schools,Orange County,1.1685079849633544
Longleaf School Of The Arts,Longleaf School Of The Arts,Wake County,Broadly Lower Stress,5,Wake Young Men'S Leadership Academy,Wake County Schools,Wake County,1.2694697430790793
Thomas Academy,Thomas Academy,Columbus County,Economic and Crime Concentrated,1,East Columbus Junior-Senior High,Columbus County Schools,Columbus County,0.0
Thomas Academy,Thomas Academy,Columbus County,Economic and Crime Concentrated,2,Bladen Early College,Bladen County Schools,Bladen County,0.8637413464607184
Thomas Academy,Thomas Academy,Columbus County,Economic and Crime Concentrated,3,Whiteville High,Whiteville City Schools,Columbus County,1.0835297312923253
Thomas Academy,Thomas Academy,Columbus County,Economic and Crime Concentrated,4,North Whiteville Academy,Whiteville City Schools,Columbus County,1.2924448237835466
Thomas Academy,Thomas Academy,Columbus County,Economic and Crime Concentrated,5,Columbus Career And College Academy,Columbus County Schools,Columbus County,1.2924448237835466
Paul R. Brown Leadership Academy,Paul R Brown Leadership Academy,Bladen County,Economic and Crime Concentrated,1,East Bladen High,Bladen County Schools,Bladen County,1.983781981127707
Paul R. Brown Leadership Academy,Paul R Brown Leadership Academy,Bladen County,Economic and Crime Concentrated,2,Swain County High School,Swain County Schools,Swain County,2.159407972154852
Paul R. Brown Leadership Academy,Paul R Brown Leadership Academy,Bladen County,Economic and Crime Concentrated,3,Pamlico County High,Pamlico County Schools,Pamlico County,2.3554581890690884
Paul R. Brown Leadership Academy,Paul R Brown Leadership Academy,Bladen County,Economic and Crime Concentrated,4,Union High,Sampson County Schools,Sampson County,2.4584079917121544
Paul R. Brown Leadership Academy,Paul R Brown Leadership Academy,Bladen County,Economic and Crime Concentrated,5,Hobbton High,Sampson County Schools,Sampson County,2.469673326300696
Ncvps,Nc Virtual Public School,Wake County,Housing-Concentrated Stress,1,Wake Young Women'S Leadership Academy,Wake County Schools,Wake County,0.0
Ncvps,Nc Virtual Public School,Wake County,Housing-Concentrated Stress,2,South Garner High,Wake County Schools,Wake County,1.0795875338159024
Ncvps,Nc Virtual Public School,Wake County,Housing-Concentrated Stress,3,Garner High,Wake County Schools,Wake County,1.1407890628190396
Ncvps,Nc Virtual Public School,Wake County,Housing-Concentrated Stress,4,Nf Woods Campus,Mooresville Graded School District,Iredell County,1.1797124497341493
Ncvps,Nc Virtual Public School,Wake County,Housing-Concentrated Stress,5,Rolesville High,Wake County Schools,Wake County,1.2176080978061805
Bertie High,Bertie County Schools,Bertie County,Economic and Crime Concentrated,1,Bertie Early College High,Bertie County Schools,Bertie County,0.0
Bertie High,Bertie County Schools,Bertie County,Economic and Crime Concentrated,2,Warren Early College High,Warren County Schools,Warren County,0.652806093900018
Bertie High,Bertie County Schools,Bertie County,Economic and Crime Concentrated,3,Warren New Tech High,Warren County Schools,Warren County,0.652806093900018
Bertie High,Bertie County Schools,Bertie County,Economic and Crime Concentrated,4,Warren County High,Warren County Schools,Warren County,0.652806093900018
Bertie High,Bertie County Schools,Bertie County,Economic and Crime Concentrated,5,South Creek High,Martin County Schools,Martin County,0.6690470803542207
Bertie Early College High,Bertie County Schools,Bertie County,Economic and Crime Concentrated,1,Bertie High,Bertie County Schools,Bertie County,0.0
Bertie Early College High,Bertie County Schools,Bertie County,Economic and Crime Concentrated,2,Warren Early College High,Warren County Schools,Warren County,0.652806093900018
Bertie Early College High,Bertie County Schools,Bertie County,Economic and Crime Concentrated,3,Warren New Tech High,Warren County Schools,Warren County,0.652806093900018
Bertie Early College High,Bertie County Schools,Bertie County,Economic and Crime Concentrated,4,Warren County High,Warren County Schools,Warren County,0.652806093900018
Bertie Early College High,Bertie County Schools,Bertie County,Economic and Crime Concentrated,5,South Creek High,Martin County Schools,Martin County,0.6690470803542207
The Franklin School Of Innovation,The Franklin School Of Innovation,Buncombe County,Housing-Concentrated Stress,1,Nesbitt Discovery Academy,Buncombe County Schools,Buncombe County,0.0
The Franklin School Of Innovation,The Franklin School Of Innovation,Buncombe County,Housing-Concentrated Stress,2,Enka High,Buncombe County Schools,Buncombe County,0.3054481805003643
The Franklin School Of Innovation,The Franklin School Of Innovation,Buncombe County,Housing-Concentrated Stress,3,Central Cabarrus High,Cabarrus County Schools,Cabarrus County,0.3107434568580434
The Franklin School Of Innovation,The Franklin School Of Innovation,Buncombe County,Housing-Concentrated Stress,4,Cabarrus-Kannapolis Early Coll,Cabarrus County Schools,Cabarrus County,0.31303057578411936
The Franklin School Of Innovation,The Franklin School Of Innovation,Buncombe County,Housing-Concentrated Stress,5,Middle College,Buncombe County Schools,Buncombe County,0.4135809726942684
Stewart Creek High,Stewart Creek High School,Mecklenburg County,Education and Health Pressure,1,Phillip O Berry Academy Of Technology,Charlotte-Mecklenburg Schools,Mecklenburg County,0.0
Stewart Creek High,Stewart Creek High School,Mecklenburg County,Education and Health Pressure,2,Duplin Early College High,Duplin County Schools,Duplin County,0.40201673573112623
Stewart Creek High,Stewart Creek High School,Mecklenburg County,Education and Health Pressure,3,East Duplin High,Duplin County Schools,Duplin County,0.4655685282263421
Stewart Creek High,Stewart Creek High School,Mecklenburg County,Education and Health Pressure,4,Wallace-Rose Hill High,Duplin County Schools,Duplin County,0.6452651247399669
Stewart Creek High,Stewart Creek High School,Mecklenburg County,Education and Health Pressure,5,James Kenan High,Duplin County Schools,Duplin County,0.8003072672596192
Commonwealth High,Commonwealth High School,Mecklenburg County,Education and Health Pressure,1,Hawthorne Academy Of Health Sciences,Charlotte-Mecklenburg Schools,Mecklenburg County,0.0
Commonwealth High,Commonwealth High School,Mecklenburg County,Education and Health Pressure,2,Military And Global Leadership,Charlotte-Mecklenburg Schools,Mecklenburg County,0.0
Commonwealth High,Commonwealth High School,Mecklenburg County,Education and Health Pressure,3,Sage Academy,Chatham County Schools,Chatham County,1.0408174844007216
Commonwealth High,Commonwealth High School,Mecklenburg County,Education and Health Pressure,4,Chatham School Of Science & Engineering,Chatham County Schools,Chatham County,1.0408174844007216
Commonwealth High,Commonwealth High School,Mecklenburg County,Education and Health Pressure,5,Garinger High School,Charlotte-Mecklenburg Schools,Mecklenburg County,1.2612784610084407
Piedmont Classical High School,Piedmont Classical High School,Guilford County,Multidomain Elevated Stress,1,Northeast Guilford High,Guilford County Schools,Guilford County,0.8073756827465673
Piedmont Classical High School,Piedmont Classical High School,Guilford County,Multidomain Elevated Stress,2,East Forsyth High,Winston Salem / Forsyth County Schools,Forsyth County,0.878154676018247
Piedmont Classical High School,Piedmont Classical High School,Guilford County,Multidomain Elevated Stress,3,Citi High School,Nash County Public Schools,Nash County,0.9091896197669301
Piedmont Classical High School,Piedmont Classical High School,Guilford County,Multidomain Elevated Stress,4,Tar River Academy,Nash County Public Schools,Nash County,0.9091896197669301
Piedmont Classical High School,Piedmont Classical High School,Guilford County,Multidomain Elevated Stress,5,D H Conley High,Pitt County Schools,Pitt County,0.9826127809197711
East Bladen High,Bladen County Schools,Bladen County,Economic and Crime Concentrated,1,Advance Academy,Vance County Schools,Vance County,0.9998514972205151
East Bladen High,Bladen County Schools,Bladen County,Economic and Crime Concentrated,2,Vance Co Early College,Vance County Schools,Vance County,1.1273939991683535
East Bladen High,Bladen County Schools,Bladen County,Economic and Crime Concentrated,3,Vance County High School,Vance County Schools,Vance County,1.1273939991683535
East Bladen High,Bladen County Schools,Bladen County,Economic and Crime Concentrated,4,West Bladen High,Bladen County Schools,Bladen County,1.1338682556053044
East Bladen High,Bladen County Schools,Bladen County,Economic and Crime Concentrated,5,Swain County High School,Swain County Schools,Swain County,1.4102891418614107
West Bladen High,Bladen County Schools,Bladen County,Economic and Crime Concentrated,1,Advance Academy,Vance County Schools,Vance County,0.9737839575263397
West Bladen High,Bladen County Schools,Bladen County,Economic and Crime Concentrated,2,Vance Co Early College,Vance County Schools,Vance County,1.1274332865743506
West Bladen High,Bladen County Schools,Bladen County,Economic and Crime Concentrated,3,Vance County High School,Vance County Schools,Vance County,1.1274332865743506
West Bladen High,Bladen County Schools,Bladen County,Economic and Crime Concentrated,4,East Bladen High,Bladen County Schools,Bladen County,1.1338682556053044
West Bladen High,Bladen County Schools,Bladen County,Economic and Crime Concentrated,5,Cherokee Central High School,Cherokee Central High School,Swain County,1.3082247748683096
Bladen Early College,Bladen County Schools,Bladen County,Economic and Crime Concentrated,1,Thomas Academy,Thomas Academy,Columbus County,0.8637413464607184
Bladen Early College,Bladen County Schools,Bladen County,Economic and Crime Concentrated,2,East Columbus Junior-Senior High,Columbus County Schools,Columbus County,0.8637413464607184
Bladen Early College,Bladen County Schools,Bladen County,Economic and Crime Concentrated,3,Whiteville High,Whiteville City Schools,Columbus County,0.9378230785683355
Bladen Early College,Bladen County Schools,Bladen County,Economic and Crime Concentrated,4,North Whiteville Academy,Whiteville City Schools,Columbus County,0.9394158547986958
Bladen Early College,Bladen County Schools,Bladen County,Economic and Crime Concentrated,5,Columbus Career And College Academy,Columbus County Schools,Columbus County,0.9394158547986958
Northeast Academy Of Aerospace & Advtech,Northeast Academy Of Aerospace & Advtech,Pasquotank County,"Moderate Stress, Lower Housing",1,Elizabeth City Pasquotank Early College,Elizabeth City-Pasquotank Public Schools,Pasquotank County,0.0
Northeast Academy Of Aerospace & Advtech,Northeast Academy Of Aerospace & Advtech,Pasquotank County,"Moderate Stress, Lower Housing",2,H L Trigg Community,Elizabeth City-Pasquotank Public Schools,Pasquotank County,0.0
Northeast Academy Of Aerospace & Advtech,Northeast Academy Of Aerospace & Advtech,Pasquotank County,"Moderate Stress, Lower Housing",3,Northeastern High,Elizabeth City-Pasquotank Public Schools,Pasquotank County,0.18461654307540964
Northeast Academy Of Aerospace & Advtech,Northeast Academy Of Aerospace & Advtech,Pasquotank County,"Moderate Stress, Lower Housing",4,Pasquotank County High,Elizabeth City-Pasquotank Public Schools,Pasquotank County,0.24625590021260238
Northeast Academy Of Aerospace & Advtech,Northeast Academy Of Aerospace & Advtech,Pasquotank County,"Moderate Stress, Lower Housing",5,Havelock High,Craven County Schools,Craven County,0.8588949070688294
Central Wake High School,Central Wake Charter High School,Wake County,"Moderate Stress, Lower Housing",1,Longview,Wake County Schools,Wake County,0.0
Central Wake High School,Central Wake Charter High School,Wake County,"Moderate Stress, Lower Housing",2,Phillips High,Wake County Schools,Wake County,0.0
Central Wake High School,Central Wake Charter High School,Wake County,"Moderate Stress, Lower Housing",3,Pender High,Pender County Schools,Pender County,0.30297709128804473
Central Wake High School,Central Wake Charter High School,Wake County,"Moderate Stress, Lower Housing",4,Enloe High,Wake County Schools,Wake County,0.46269180013504685
Central Wake High School,Central Wake Charter High School,Wake County,"Moderate Stress, Lower Housing",5,Southeast Raleigh High,Wake County Schools,Wake County,0.6155493038470063
Girls Leadership Academy Of Wilmington,Girls Leadership Academy Of Wilmington,New Hanover County,Housing-Concentrated Stress,1,Career Readiness Academy At Mosley Plc,New Hanover County Schools,New Hanover County,0.0
Girls Leadership Academy Of Wilmington,Girls Leadership Academy Of Wilmington,New Hanover County,Housing-Concentrated Stress,2,Wilmington Early College High,New Hanover County Schools,New Hanover County,0.2918642463382951
Girls Leadership Academy Of Wilmington,Girls Leadership Academy Of Wilmington,New Hanover County,Housing-Concentrated Stress,3,Isaac M Bear Early College High School,New Hanover County Schools,New Hanover County,0.2918642463382951
Girls Leadership Academy Of Wilmington,Girls Leadership Academy Of Wilmington,New Hanover County,Housing-Concentrated Stress,4,Kearns Academy,Guilford County Schools,Guilford County,0.523491810594947
Girls Leadership Academy Of Wilmington,Girls Leadership Academy Of Wilmington,New Hanover County,Housing-Concentrated Stress,5,New Hanover High,New Hanover County Schools,New Hanover County,0.6060341246749694
North Brunswick High,Brunswick County Schools,Brunswick County,Housing-Concentrated Stress,1,Tuscola High,Haywood County Schools,Haywood County,0.576708589514587
North Brunswick High,Brunswick County Schools,Brunswick County,Housing-Concentrated Stress,2,Haywood Early College,Haywood County Schools,Haywood County,0.6277863664200843
North Brunswick High,Brunswick County Schools,Brunswick County,Housing-Concentrated Stress,3,Charlotte Secondary,Charlotte Secondary School,Mecklenburg County,0.7812257762771713
North Brunswick High,Brunswick County Schools,Brunswick County,Housing-Concentrated Stress,4,Clayton High,Johnston County Public Schools,Johnston County,0.8731898031006363
North Brunswick High,Brunswick County Schools,Brunswick County,Housing-Concentrated Stress,5,Millbrook High,Wake County Schools,Wake County,0.9358020720722917
South Brunswick High,Brunswick County Schools,Brunswick County,Housing-Concentrated Stress,1,Roberson High,Buncombe County Schools,Buncombe County,0.5533127338689439
South Brunswick High,Brunswick County Schools,Brunswick County,Housing-Concentrated Stress,2,The Jp Knapp Ech (I)School,Currituck County Schools,Currituck County,0.7291345032381346
South Brunswick High,Brunswick County Schools,Brunswick County,Housing-Concentrated Stress,3,Currituck County High,Currituck County Schools,Currituck County,0.7291345032381346
South Brunswick High,Brunswick County Schools,Brunswick County,Housing-Concentrated Stress,4,Union Pines High,Moore County Schools,Moore County,0.8112833883230995
South Brunswick High,Brunswick County Schools,Brunswick County,Housing-Concentrated Stress,5,Bandys High,Catawba County Schools,Catawba County,1.0189730818959584
West Brunswick High,Brunswick County Schools,Brunswick County,Housing-Concentrated Stress,1,Millbrook High,Wake County Schools,Wake County,0.48744840017110935
West Brunswick High,Brunswick County Schools,Brunswick County,Housing-Concentrated Stress,2,Clayton High,Johnston County Public Schools,Johnston County,0.5014765775943519
West Brunswick High,Brunswick County Schools,Brunswick County,Housing-Concentrated Stress,3,Central Cabarrus High,Cabarrus County Schools,Cabarrus County,0.504065426140015
West Brunswick High,Brunswick County Schools,Brunswick County,Housing-Concentrated Stress,4,Rolesville High,Wake County Schools,Wake County,0.5120046022551701
West Brunswick High,Brunswick County Schools,Brunswick County,Housing-Concentrated Stress,5,Cabarrus-Kannapolis Early Coll,Cabarrus County Schools,Cabarrus County,0.6082717946259869
The Coast,Brunswick County Schools,Brunswick County,"Moderate Stress, Lower Housing",1,Forbush High,Yadkin County Schools,Yadkin County,0.6672076110052373
The Coast,Brunswick County Schools,Brunswick County,"Moderate Stress, Lower Housing",2,Pender Early College High,Pender County Schools,Pender County,0.7533961539956778
The Coast,Brunswick County Schools,Brunswick County,"Moderate Stress, Lower Housing",3,Yadkin Early College,Yadkin County Schools,Yadkin County,0.7626087906262133
The Coast,Brunswick County Schools,Brunswick County,"Moderate Stress, Lower Housing",4,Heide Trask High,Pender County Schools,Pender County,0.7658542096363968
The Coast,Brunswick County Schools,Brunswick County,"Moderate Stress, Lower Housing",5,Richlands High,Onslow County Schools,Onslow County,0.8210533566169541
Brunswick County Early College,Brunswick County Schools,Brunswick County,Housing-Concentrated Stress,1,Cabarrus-Kannapolis Early Coll,Cabarrus County Schools,Cabarrus County,0.4655685282263421
Brunswick County Early College,Brunswick County Schools,Brunswick County,Housing-Concentrated Stress,2,Mount Pleasant High,Cabarrus County Schools,Cabarrus County,0.5755345614183356
Brunswick County Early College,Brunswick County Schools,Brunswick County,Housing-Concentrated Stress,3,Central Cabarrus High,Cabarrus County Schools,Cabarrus County,0.5816985975273171
Brunswick County Early College,Brunswick County Schools,Brunswick County,Housing-Concentrated Stress,4,Jacksonville High,Onslow County Schools,Onslow County,0.5991832291578683
Brunswick County Early College,Brunswick County Schools,Brunswick County,Housing-Concentrated Stress,5,Northside High,Onslow County Schools,Onslow County,0.6218284496553204
Ascend Leadership Academy: Lee County,Ascend Leadership Academy: Lee County,Lee County,"Moderate Stress, Lower Housing",1,Rockingham County High,Rockingham County Schools,Rockingham County,0.5610026044674247
Ascend Leadership Academy: Lee County,Ascend Leadership Academy: Lee County,Lee County,"Moderate Stress, Lower Housing",2,Dalton Mcmichael High,Rockingham County Schools,Rockingham County,0.7606860931202968
Ascend Leadership Academy: Lee County,Ascend Leadership Academy: Lee County,Lee County,"Moderate Stress, Lower Housing",3,Rosewood High,Wayne County Public Schools,Wayne County,0.8058130488043913
Ascend Leadership Academy: Lee County,Ascend Leadership Academy: Lee County,Lee County,"Moderate Stress, Lower Housing",4,Rockingham Co Early College High,Rockingham County Schools,Rockingham County,0.868707219851316
Ascend Leadership Academy: Lee County,Ascend Leadership Academy: Lee County,Lee County,"Moderate Stress, Lower Housing",5,Reidsville High,Rockingham County Schools,Rockingham County,0.877270981516967
Apprentice Academy High School,Apprentice Academy Hs Of Nc,Union County,"Moderate Stress, Lower Housing",1,Piedmont High,Union County Public Schools,Union County,0.5562622824438018
Apprentice Academy High School,Apprentice Academy Hs Of Nc,Union County,"Moderate Stress, Lower Housing",2,Lincolnton High,Lincoln County Schools,Lincoln County,0.6131578469437915
Apprentice Academy High School,Apprentice Academy Hs Of Nc,Union County,"Moderate Stress, Lower Housing",3,West Lincoln High,Lincoln County Schools,Lincoln County,0.6131578469437915
Apprentice Academy High School,Apprentice Academy Hs Of Nc,Union County,"Moderate Stress, Lower Housing",4,Asbury Academy,Lincoln County Schools,Lincoln County,0.6131578469437915
Apprentice Academy High School,Apprentice Academy Hs Of Nc,Union County,"Moderate Stress, Lower Housing",5,North Lincoln High,Lincoln County Schools,Lincoln County,0.6131578469437915
Reynolds High,Buncombe County Schools,Buncombe County,Housing-Concentrated Stress,1,Asheville High,Asheville City Schools,Buncombe County,0.5381828222637677
Reynolds High,Buncombe County Schools,Buncombe County,Housing-Concentrated Stress,2,School Of Inquiry And Life Sciences,Asheville City Schools,Buncombe County,0.5381828222637677
Reynolds High,Buncombe County Schools,Buncombe County,Housing-Concentrated Stress,3,Nesbitt Discovery Academy,Buncombe County Schools,Buncombe County,0.6531488619347032
Reynolds High,Buncombe County Schools,Buncombe County,Housing-Concentrated Stress,4,The Franklin School Of Innovation,The Franklin School Of Innovation,Buncombe County,0.6531488619347032
Reynolds High,Buncombe County Schools,Buncombe County,Housing-Concentrated Stress,5,Early College,Buncombe County Schools,Buncombe County,0.7254498794720945
Owen High,Buncombe County Schools,Buncombe County,Housing-Concentrated Stress,1,Blue Ridge Early College,Jackson County Public Schools,Jackson County,0.6571952328160842
Owen High,Buncombe County Schools,Buncombe County,Housing-Concentrated Stress,2,North Buncombe High,Buncombe County Schools,Buncombe County,0.7835120850054974
Owen High,Buncombe County Schools,Buncombe County,Housing-Concentrated Stress,3,Union Pines High,Moore County Schools,Moore County,1.2679780250825217
Owen High,Buncombe County Schools,Buncombe County,Housing-Concentrated Stress,4,South Brunswick High,Brunswick County Schools,Brunswick County,1.3736379400863699
Owen High,Buncombe County Schools,Buncombe County,Housing-Concentrated Stress,5,Middle College,Buncombe County Schools,Buncombe County,1.4504007586075232
Erwin High,Buncombe County Schools,Buncombe County,Housing-Concentrated Stress,1,Middle College,Buncombe County Schools,Buncombe County,0.42996471394487873
Erwin High,Buncombe County Schools,Buncombe County,Housing-Concentrated Stress,2,Early College,Buncombe County Schools,Buncombe County,0.42996471394487873
Erwin High,Buncombe County Schools,Buncombe County,Housing-Concentrated Stress,3,Mount Pleasant High,Cabarrus County Schools,Cabarrus County,0.4337425045425039
Erwin High,Buncombe County Schools,Buncombe County,Housing-Concentrated Stress,4,Northwest Cabarrus High,Cabarrus County Schools,Cabarrus County,0.4734425351814271
Erwin High,Buncombe County Schools,Buncombe County,Housing-Concentrated Stress,5,Cabarrus-Kannapolis Early Coll,Cabarrus County Schools,Cabarrus County,0.5142533858468086
Enka High,Buncombe County Schools,Buncombe County,Housing-Concentrated Stress,1,Middle College,Buncombe County Schools,Buncombe County,0.198968936519501
Enka High,Buncombe County Schools,Buncombe County,Housing-Concentrated Stress,2,Early College,Buncombe County Schools,Buncombe County,0.198968936519501
Enka High,Buncombe County Schools,Buncombe County,Housing-Concentrated Stress,3,The Franklin School Of Innovation,The Franklin School Of Innovation,Buncombe County,0.3054481805003643
Enka High,Buncombe County Schools,Buncombe County,Housing-Concentrated Stress,4,Nesbitt Discovery Academy,Buncombe County Schools,Buncombe County,0.3054481805003643
Enka High,Buncombe County Schools,Buncombe County,Housing-Concentrated Stress,5,Cabarrus-Kannapolis Early Coll,Cabarrus County Schools,Cabarrus County,0.3452180866016543
North Buncombe High,Buncombe County Schools,Buncombe County,Housing-Concentrated Stress,1,Blue Ridge Early College,Jackson County Public Schools,Jackson County,0.42260154066305816
North Buncombe High,Buncombe County Schools,Buncombe County,Housing-Concentrated Stress,2,Owen High,Buncombe County Schools,Buncombe County,0.7835120850054974
North Buncombe High,Buncombe County Schools,Buncombe County,Housing-Concentrated Stress,3,Early College,Buncombe County Schools,Buncombe County,0.8296802606031682
North Buncombe High,Buncombe County Schools,Buncombe County,Housing-Concentrated Stress,4,Middle College,Buncombe County Schools,Buncombe County,0.8296802606031682
North Buncombe High,Buncombe County Schools,Buncombe County,Housing-Concentrated Stress,5,Reynolds High,Buncombe County Schools,Buncombe County,0.8791342356209267
Roberson High,Buncombe County Schools,Buncombe County,Housing-Concentrated Stress,1,The Jp Knapp Ech (I)School,Currituck County Schools,Currituck County,0.2606530294319412
Roberson High,Buncombe County Schools,Buncombe County,Housing-Concentrated Stress,2,Currituck County High,Currituck County Schools,Currituck County,0.2606530294319412
Roberson High,Buncombe County Schools,Buncombe County,Housing-Concentrated Stress,3,Union Pines High,Moore County Schools,Moore County,0.5235177895622746
Roberson High,Buncombe County Schools,Buncombe County,Housing-Concentrated Stress,4,South Brunswick High,Brunswick County Schools,Brunswick County,0.5533127338689439
Roberson High,Buncombe County Schools,Buncombe County,Housing-Concentrated Stress,5,Enka High,Buncombe County Schools,Buncombe County,0.6174235292297432
Community High School,Buncombe County Schools,Buncombe County,Education and Health Pressure,1,Hunter Huss High,Gaston County Schools,Gaston County,0.8623467066603863
Community High School,Buncombe County Schools,Buncombe County,Education and Health Pressure,2,Bessemer City High,Gaston County Schools,Gaston County,0.9206208808973442
Community High School,Buncombe County Schools,Buncombe County,Education and Health Pressure,3,Oak Grove High,Davidson County Schools,Davidson County,1.0987078410255893
Community High School,Buncombe County Schools,Buncombe County,Education and Health Pressure,4,Parkland High,Winston Salem / Forsyth County Schools,Forsyth County,1.1472026483187798
Community High School,Buncombe County Schools,Buncombe County,Education and Health Pressure,5,Southern Guilford High,Guilford County Schools,Guilford County,1.1958332157623832
Early College,Buncombe County Schools,Buncombe County,Housing-Concentrated Stress,1,Middle College,Buncombe County Schools,Buncombe County,0.0
Early College,Buncombe County Schools,Buncombe County,Housing-Concentrated Stress,2,Enka High,Buncombe County Schools,Buncombe County,0.198968936519501
Early College,Buncombe County Schools,Buncombe County,Housing-Concentrated Stress,3,Cabarrus-Kannapolis Early Coll,Cabarrus County Schools,Cabarrus County,0.39485551056723034
Early College,Buncombe County Schools,Buncombe County,Housing-Concentrated Stress,4,Nesbitt Discovery Academy,Buncombe County Schools,Buncombe County,0.4135809726942684
Early College,Buncombe County Schools,Buncombe County,Housing-Concentrated Stress,5,The Franklin School Of Innovation,The Franklin School Of Innovation,Buncombe County,0.4135809726942684
Middle College,Buncombe County Schools,Buncombe County,Housing-Concentrated Stress,1,Early College,Buncombe County Schools,Buncombe County,0.0
Middle College,Buncombe County Schools,Buncombe County,Housing-Concentrated Stress,2,Enka High,Buncombe County Schools,Buncombe County,0.198968936519501
Middle College,Buncombe County Schools,Buncombe County,Housing-Concentrated Stress,3,Cabarrus-Kannapolis Early Coll,Cabarrus County Schools,Cabarrus County,0.39485551056723034
Middle College,Buncombe County Schools,Buncombe County,Housing-Concentrated Stress,4,Nesbitt Discovery Academy,Buncombe County Schools,Buncombe County,0.4135809726942684
Middle College,Buncombe County Schools,Buncombe County,Housing-Concentrated Stress,5,The Franklin School Of Innovation,The Franklin School Of Innovation,Buncombe County,0.4135809726942684
Nesbitt Discovery Academy,Buncombe County Schools,Buncombe County,Housing-Concentrated Stress,1,The Franklin School Of Innovation,The Franklin School Of Innovation,Buncombe County,0.0
Nesbitt Discovery Academy,Buncombe County Schools,Buncombe County,Housing-Concentrated Stress,2,Enka High,Buncombe County Schools,Buncombe County,0.3054481805003643
Nesbitt Discovery Academy,Buncombe County Schools,Buncombe County,Housing-Concentrated Stress,3,Central Cabarrus High,Cabarrus County Schools,Cabarrus County,0.3107434568580434
Nesbitt Discovery Academy,Buncombe County Schools,Buncombe County,Housing-Concentrated Stress,4,Cabarrus-Kannapolis Early Coll,Cabarrus County Schools,Cabarrus County,0.31303057578411936
Nesbitt Discovery Academy,Buncombe County Schools,Buncombe County,Housing-Concentrated Stress,5,Early College,Buncombe County Schools,Buncombe County,0.4135809726942684
East Burke High,Burke County Schools,Burke County,"Moderate Stress, Lower Housing",1,Gray Stone Day,Gray Stone Day School,Stanly County,0.483655757515287
East Burke High,Burke County Schools,Burke County,"Moderate Stress, Lower Housing",2,Starmount High,Yadkin County Schools,Yadkin County,0.6292062475129697
East Burke High,Burke County Schools,Burke County,"Moderate Stress, Lower Housing",3,Harnett Central High,Harnett County Schools,Harnett County,0.6489036795179192
East Burke High,Burke County Schools,Burke County,"Moderate Stress, Lower Housing",4,Stanly Stem Early College,Stanly County Schools,Stanly County,0.673989711898823
East Burke High,Burke County Schools,Burke County,"Moderate Stress, Lower Housing",5,Stanly Academy Learning Center,Stanly County Schools,Stanly County,0.673989711898823
Freedom High,Burke County Schools,Burke County,"Moderate Stress, Lower Housing",1,Yadkin Valley Regional Career Academy,Davidson County Schools,Davidson County,0.1932515795180443
Freedom High,Burke County Schools,Burke County,"Moderate Stress, Lower Housing",2,Davidson County High School,Davidson County Schools,Davidson County,0.1932515795180443
Freedom High,Burke County Schools,Burke County,"Moderate Stress, Lower Housing",3,Central Davidson High,Davidson County Schools,Davidson County,0.1932515795180443
Freedom High,Burke County Schools,Burke County,"Moderate Stress, Lower Housing",4,Jimmy C Draughn High School,Burke County Schools,Burke County,0.34045942828449355
Freedom High,Burke County Schools,Burke County,"Moderate Stress, Lower Housing",5,Robert L. Patton High School,Burke County Schools,Burke County,0.34045942828449355
Hallyburton Academy,Burke County Schools,Burke County,"Moderate Stress, Lower Housing",1,West Lincoln High,Lincoln County Schools,Lincoln County,0.9016738614708468
Hallyburton Academy,Burke County Schools,Burke County,"Moderate Stress, Lower Housing",2,Asbury Academy,Lincoln County Schools,Lincoln County,0.9016738614708468
Hallyburton Academy,Burke County Schools,Burke County,"Moderate Stress, Lower Housing",3,North Lincoln High,Lincoln County Schools,Lincoln County,0.9016738614708468
Hallyburton Academy,Burke County Schools,Burke County,"Moderate Stress, Lower Housing",4,Lincolnton High,Lincoln County Schools,Lincoln County,0.9016738614708468
Hallyburton Academy,Burke County Schools,Burke County,"Moderate Stress, Lower Housing",5,East Henderson High,Henderson County Schools,Henderson County,0.9350672525071312
Robert L. Patton High School,Burke County Schools,Burke County,"Moderate Stress, Lower Housing",1,Jimmy C Draughn High School,Burke County Schools,Burke County,0.0
Robert L. Patton High School,Burke County Schools,Burke County,"Moderate Stress, Lower Housing",2,Davidson County High School,Davidson County Schools,Davidson County,0.30986417482172046
Robert L. Patton High School,Burke County Schools,Burke County,"Moderate Stress, Lower Housing",3,Yadkin Valley Regional Career Academy,Davidson County Schools,Davidson County,0.30986417482172046
Robert L. Patton High School,Burke County Schools,Burke County,"Moderate Stress, Lower Housing",4,Central Davidson High,Davidson County Schools,Davidson County,0.30986417482172046
Robert L. Patton High School,Burke County Schools,Burke County,"Moderate Stress, Lower Housing",5,Freedom High,Burke County Schools,Burke County,0.34045942828449355
Jimmy C Draughn High School,Burke County Schools,Burke County,"Moderate Stress, Lower Housing",1,Robert L. Patton High School,Burke County Schools,Burke County,0.0
Jimmy C Draughn High School,Burke County Schools,Burke County,"Moderate Stress, Lower Housing",2,Davidson County High School,Davidson County Schools,Davidson County,0.30986417482172046
Jimmy C Draughn High School,Burke County Schools,Burke County,"Moderate Stress, Lower Housing",3,Yadkin Valley Regional Career Academy,Davidson County Schools,Davidson County,0.30986417482172046
Jimmy C Draughn High School,Burke County Schools,Burke County,"Moderate Stress, Lower Housing",4,Central Davidson High,Davidson County Schools,Davidson County,0.30986417482172046
Jimmy C Draughn High School,Burke County Schools,Burke County,"Moderate Stress, Lower Housing",5,Freedom High,Burke County Schools,Burke County,0.34045942828449355
Burke Middle College,Burke County Schools,Burke County,"Moderate Stress, Lower Housing",1,Gateway School,Caldwell County Schools,Caldwell County,0.3029770912880444
Burke Middle College,Burke County Schools,Burke County,"Moderate Stress, Lower Housing",2,Freedom High,Burke County Schools,Burke County,0.36320216565892777
Burke Middle College,Burke County Schools,Burke County,"Moderate Stress, Lower Housing",3,Yadkin Valley Regional Career Academy,Davidson County Schools,Davidson County,0.3875319212316939
Burke Middle College,Burke County Schools,Burke County,"Moderate Stress, Lower Housing",4,Davidson County High School,Davidson County Schools,Davidson County,0.3875319212316939
Burke Middle College,Burke County Schools,Burke County,"Moderate Stress, Lower Housing",5,Central Davidson High,Davidson County Schools,Davidson County,0.3875319212316939
Central Cabarrus High,Cabarrus County Schools,Cabarrus County,Housing-Concentrated Stress,1,Cabarrus-Kannapolis Early Coll,Cabarrus County Schools,Cabarrus County,0.19896893651950212
Central Cabarrus High,Cabarrus County Schools,Cabarrus County,Housing-Concentrated Stress,2,Nesbitt Discovery Academy,Buncombe County Schools,Buncombe County,0.3107434568580434
Central Cabarrus High,Cabarrus County Schools,Cabarrus County,Housing-Concentrated Stress,3,The Franklin School Of Innovation,The Franklin School Of Innovation,Buncombe County,0.3107434568580434
Central Cabarrus High,Cabarrus County Schools,Cabarrus County,Housing-Concentrated Stress,4,Enka High,Buncombe County Schools,Buncombe County,0.3948555105672309
Central Cabarrus High,Cabarrus County Schools,Cabarrus County,Housing-Concentrated Stress,5,Clayton High,Johnston County Public Schools,Johnston County,0.4593990344920641
Mount Pleasant High,Cabarrus County Schools,Cabarrus County,Housing-Concentrated Stress,1,Erwin High,Buncombe County Schools,Buncombe County,0.4337425045425039
Mount Pleasant High,Cabarrus County Schools,Cabarrus County,Housing-Concentrated Stress,2,Southwest High,Onslow County Schools,Onslow County,0.5422274973415413
Mount Pleasant High,Cabarrus County Schools,Cabarrus County,Housing-Concentrated Stress,3,Brunswick County Early College,Brunswick County Schools,Brunswick County,0.5755345614183356
Mount Pleasant High,Cabarrus County Schools,Cabarrus County,Housing-Concentrated Stress,4,Jacksonville High,Onslow County Schools,Onslow County,0.6909316262168484
Mount Pleasant High,Cabarrus County Schools,Cabarrus County,Housing-Concentrated Stress,5,Cabarrus-Kannapolis Early Coll,Cabarrus County Schools,Cabarrus County,0.7203695067693192
Northwest Cabarrus High,Cabarrus County Schools,Cabarrus County,Housing-Concentrated Stress,1,Erwin High,Buncombe County Schools,Buncombe County,0.4734425351814271
Northwest Cabarrus High,Cabarrus County Schools,Cabarrus County,Housing-Concentrated Stress,2,Cabarrus Co Opportunity School,Cabarrus County Schools,Cabarrus County,0.5705872897989679
Northwest Cabarrus High,Cabarrus County Schools,Cabarrus County,Housing-Concentrated Stress,3,Jackson Co Early College,Jackson County Public Schools,Jackson County,0.6197283496434395
Northwest Cabarrus High,Cabarrus County Schools,Cabarrus County,Housing-Concentrated Stress,4,West Cabarrus High,Cabarrus County Schools,Cabarrus County,0.6318213077947241
Northwest Cabarrus High,Cabarrus County Schools,Cabarrus County,Housing-Concentrated Stress,5,Cabarrus Early College Of Technology,Cabarrus County Schools,Cabarrus County,0.6318213077947241
Concord High,Cabarrus County Schools,Cabarrus County,Housing-Concentrated Stress,1,A L Brown High,Kannapolis City Schools,Cabarrus County,0.5086338437144932
Concord High,Cabarrus County Schools,Cabarrus County,Housing-Concentrated Stress,2,Triton High,Harnett County Schools,Harnett County,0.6774532557323611
Concord High,Cabarrus County Schools,Cabarrus County,Housing-Concentrated Stress,3,Erwin High,Buncombe County Schools,Buncombe County,0.7398344914825085
Concord High,Cabarrus County Schools,Cabarrus County,Housing-Concentrated Stress,4,Harnett County Early College,Harnett County Schools,Harnett County,0.7613679539744718
Concord High,Cabarrus County Schools,Cabarrus County,Housing-Concentrated Stress,5,Cabarrus Co Opportunity School,Cabarrus County Schools,Cabarrus County,0.7851254336073591
Cabarrus Co Opportunity School,Cabarrus County Schools,Cabarrus County,Housing-Concentrated Stress,1,Northwest Cabarrus High,Cabarrus County Schools,Cabarrus County,0.5705872897989679
Cabarrus Co Opportunity School,Cabarrus County Schools,Cabarrus County,Housing-Concentrated Stress,2,Concord High,Cabarrus County Schools,Cabarrus County,0.7851254336073591
Cabarrus Co Opportunity School,Cabarrus County Schools,Cabarrus County,Housing-Concentrated Stress,3,Erwin High,Buncombe County Schools,Buncombe County,0.8348498720163748
Cabarrus Co Opportunity School,Cabarrus County Schools,Cabarrus County,Housing-Concentrated Stress,4,Onslow Virtual Secondary,Onslow County Schools,Onslow County,0.8726368457714233
Cabarrus Co Opportunity School,Cabarrus County Schools,Cabarrus County,Housing-Concentrated Stress,5,Mount Pleasant High,Cabarrus County Schools,Cabarrus County,0.8806436284278458
Jay M Robinson High,Cabarrus County Schools,Cabarrus County,Housing-Concentrated Stress,1,Cabarrus Early College Of Technology,Cabarrus County Schools,Cabarrus County,0.18461654307540845
Jay M Robinson High,Cabarrus County Schools,Cabarrus County,Housing-Concentrated Stress,2,West Cabarrus High,Cabarrus County Schools,Cabarrus County,0.18461654307540845
Jay M Robinson High,Cabarrus County Schools,Cabarrus County,Housing-Concentrated Stress,3,Performance Learning Center,Cabarrus County Schools,Cabarrus County,0.18461654307540845
Jay M Robinson High,Cabarrus County Schools,Cabarrus County,Housing-Concentrated Stress,4,Enka High,Buncombe County Schools,Buncombe County,0.3996517084281497
Jay M Robinson High,Cabarrus County Schools,Cabarrus County,Housing-Concentrated Stress,5,Cabarrus-Kannapolis Early Coll,Cabarrus County Schools,Cabarrus County,0.4638191639983873
Hickory Ridge High,Cabarrus County Schools,Cabarrus County,Broadly Lower Stress,1,Fuquay-Varina High,Wake County Schools,Wake County,0.566363021100135
Hickory Ridge High,Cabarrus County Schools,Cabarrus County,Broadly Lower Stress,2,Panther Creek High,Wake County Schools,Wake County,0.9136799777953222
Hickory Ridge High,Cabarrus County Schools,Cabarrus County,Broadly Lower Stress,3,Wakefield High,Wake County Schools,Wake County,0.9417975348264815
Hickory Ridge High,Cabarrus County Schools,Cabarrus County,Broadly Lower Stress,4,Cary High,Wake County Schools,Wake County,0.9601780764567578
Hickory Ridge High,Cabarrus County Schools,Cabarrus County,Broadly Lower Stress,5,Vernon Malone College And Career Academy,Wake County Schools,Wake County,1.0124247575748095
Performance Learning Center,Cabarrus County Schools,Cabarrus County,Housing-Concentrated Stress,1,Cabarrus Early College Of Technology,Cabarrus County Schools,Cabarrus County,0.0
Performance Learning Center,Cabarrus County Schools,Cabarrus County,Housing-Concentrated Stress,2,West Cabarrus High,Cabarrus County Schools,Cabarrus County,0.0
Performance Learning Center,Cabarrus County Schools,Cabarrus County,Housing-Concentrated Stress,3,Jay M Robinson High,Cabarrus County Schools,Cabarrus County,0.18461654307540845
Performance Learning Center,Cabarrus County Schools,Cabarrus County,Housing-Concentrated Stress,4,Enka High,Buncombe County Schools,Buncombe County,0.47308487576420455
Performance Learning Center,Cabarrus County Schools,Cabarrus County,Housing-Concentrated Stress,5,Middle College,Buncombe County Schools,Buncombe County,0.5132230873377912
Cox Mill High School,Cabarrus County Schools,Cabarrus County,Housing-Concentrated Stress,1,Asheville High,Asheville City Schools,Buncombe County,0.5889121291239632
Cox Mill High School,Cabarrus County Schools,Cabarrus County,Housing-Concentrated Stress,2,School Of Inquiry And Life Sciences,Asheville City Schools,Buncombe County,0.5889121291239632
Cox Mill High School,Cabarrus County Schools,Cabarrus County,Housing-Concentrated Stress,3,Reynolds High,Buncombe County Schools,Buncombe County,0.9467550914635738
Cox Mill High School,Cabarrus County Schools,Cabarrus County,Housing-Concentrated Stress,4,Lake Norman High,Iredell-Statesville Schools,Iredell County,1.0026199023104891
Cox Mill High School,Cabarrus County Schools,Cabarrus County,Housing-Concentrated Stress,5,Nesbitt Discovery Academy,Buncombe County Schools,Buncombe County,1.081097658946594
Cabarrus-Kannapolis Early Coll,Cabarrus County Schools,Cabarrus County,Housing-Concentrated Stress,1,Central Cabarrus High,Cabarrus County Schools,Cabarrus County,0.19896893651950212
Cabarrus-Kannapolis Early Coll,Cabarrus County Schools,Cabarrus County,Housing-Concentrated Stress,2,Nesbitt Discovery Academy,Buncombe County Schools,Buncombe County,0.31303057578411936
Cabarrus-Kannapolis Early Coll,Cabarrus County Schools,Cabarrus County,Housing-Concentrated Stress,3,The Franklin School Of Innovation,The Franklin School Of Innovation,Buncombe County,0.31303057578411936
Cabarrus-Kannapolis Early Coll,Cabarrus County Schools,Cabarrus County,Housing-Concentrated Stress,4,Enka High,Buncombe County Schools,Buncombe County,0.3452180866016549
Cabarrus-Kannapolis Early Coll,Cabarrus County Schools,Cabarrus County,Housing-Concentrated Stress,5,Early College,Buncombe County Schools,Buncombe County,0.3948555105672309
Cabarrus Early College Of Technology,Cabarrus County Schools,Cabarrus County,Housing-Concentrated Stress,1,West Cabarrus High,Cabarrus County Schools,Cabarrus County,0.0
Cabarrus Early College Of Technology,Cabarrus County Schools,Cabarrus County,Housing-Concentrated Stress,2,Performance Learning Center,Cabarrus County Schools,Cabarrus County,0.0
Cabarrus Early College Of Technology,Cabarrus County Schools,Cabarrus County,Housing-Concentrated Stress,3,Jay M Robinson High,Cabarrus County Schools,Cabarrus County,0.18461654307540845
Cabarrus Early College Of Technology,Cabarrus County Schools,Cabarrus County,Housing-Concentrated Stress,4,Enka High,Buncombe County Schools,Buncombe County,0.47308487576420455
Cabarrus Early College Of Technology,Cabarrus County Schools,Cabarrus County,Housing-Concentrated Stress,5,Middle College,Buncombe County Schools,Buncombe County,0.5132230873377912
West Cabarrus High,Cabarrus County Schools,Cabarrus County,Housing-Concentrated Stress,1,Cabarrus Early College Of Technology,Cabarrus County Schools,Cabarrus County,0.0
West Cabarrus High,Cabarrus County Schools,Cabarrus County,Housing-Concentrated Stress,2,Performance Learning Center,Cabarrus County Schools,Cabarrus County,0.0
West Cabarrus High,Cabarrus County Schools,Cabarrus County,Housing-Concentrated Stress,3,Jay M Robinson High,Cabarrus County Schools,Cabarrus County,0.18461654307540845
West Cabarrus High,Cabarrus County Schools,Cabarrus County,Housing-Concentrated Stress,4,Enka High,Buncombe County Schools,Buncombe County,0.47308487576420455
West Cabarrus High,Cabarrus County Schools,Cabarrus County,Housing-Concentrated Stress,5,Middle College,Buncombe County Schools,Buncombe County,0.5132230873377912
Hibriten High,Caldwell County Schools,Caldwell County,"Moderate Stress, Lower Housing",1,Northwest School Of The Arts,Charlotte-Mecklenburg Schools,Mecklenburg County,0.3988724127496198
Hibriten High,Caldwell County Schools,Caldwell County,"Moderate Stress, Lower Housing",2,Caldwell Applied Sciences Academy,Caldwell County Schools,Caldwell County,0.40244745341848503
Hibriten High,Caldwell County Schools,Caldwell County,"Moderate Stress, Lower Housing",3,Caldwell Early College,Caldwell County Schools,Caldwell County,0.40244745341848503
Hibriten High,Caldwell County Schools,Caldwell County,"Moderate Stress, Lower Housing",4,Agriculture And Science Early College,Iredell-Statesville Schools,Iredell County,0.4070616869595968
Hibriten High,Caldwell County Schools,Caldwell County,"Moderate Stress, Lower Housing",5,West Charlotte High School,Charlotte-Mecklenburg Schools,Mecklenburg County,0.5660684946694885
South Caldwell High,Caldwell County Schools,Caldwell County,"Moderate Stress, Lower Housing",1,West Iredell High,Iredell-Statesville Schools,Iredell County,0.3738628059424372
South Caldwell High,Caldwell County Schools,Caldwell County,"Moderate Stress, Lower Housing",2,Southwestern Randolph High School,Randolph County School System,Randolph County,0.3996517084281514
South Caldwell High,Caldwell County Schools,Caldwell County,"Moderate Stress, Lower Housing",3,Cherryville High,Gaston County Schools,Gaston County,0.42853467952291174
South Caldwell High,Caldwell County Schools,Caldwell County,"Moderate Stress, Lower Housing",4,Providence Grove High School,Randolph County School System,Randolph County,0.5367940591861943
South Caldwell High,Caldwell County Schools,Caldwell County,"Moderate Stress, Lower Housing",5,Gateway School,Caldwell County Schools,Caldwell County,0.5373607043648312
West Caldwell High,Caldwell County Schools,Caldwell County,"Moderate Stress, Lower Housing",1,Rosman High,Transylvania County Schools,Transylvania County,0.6448254423496176
West Caldwell High,Caldwell County Schools,Caldwell County,"Moderate Stress, Lower Housing",2,West Mecklenburg High School,Charlotte-Mecklenburg Schools,Mecklenburg County,0.6831736985345834
West Caldwell High,Caldwell County Schools,Caldwell County,"Moderate Stress, Lower Housing",3,Wilkes Early College High School,Wilkes County Schools,Wilkes County,0.726189043940239
West Caldwell High,Caldwell County Schools,Caldwell County,"Moderate Stress, Lower Housing",4,South Stanly High,Stanly County Schools,Stanly County,0.7491572642909164
West Caldwell High,Caldwell County Schools,Caldwell County,"Moderate Stress, Lower Housing",5,Hibriten High,Caldwell County Schools,Caldwell County,0.7969533529422667
Gateway School,Caldwell County Schools,Caldwell County,"Moderate Stress, Lower Housing",1,Burke Middle College,Burke County Schools,Burke County,0.3029770912880444
Gateway School,Caldwell County Schools,Caldwell County,"Moderate Stress, Lower Housing",2,Providence Grove High School,Randolph County School System,Randolph County,0.4142661597077931
Gateway School,Caldwell County Schools,Caldwell County,"Moderate Stress, Lower Housing",3,Freedom High,Burke County Schools,Burke County,0.4927392080367917
Gateway School,Caldwell County Schools,Caldwell County,"Moderate Stress, Lower Housing",4,Southwestern Randolph High School,Randolph County School System,Randolph County,0.5135527936042407
Gateway School,Caldwell County Schools,Caldwell County,"Moderate Stress, Lower Housing",5,Central Davidson High,Davidson County Schools,Davidson County,0.5177637954624904
Caldwell Applied Sciences Academy,Caldwell County Schools,Caldwell County,"Moderate Stress, Lower Housing",1,Caldwell Early College,Caldwell County Schools,Caldwell County,0.0
Caldwell Applied Sciences Academy,Caldwell County Schools,Caldwell County,"Moderate Stress, Lower Housing",2,Hibriten High,Caldwell County Schools,Caldwell County,0.40244745341848503
Caldwell Applied Sciences Academy,Caldwell County Schools,Caldwell County,"Moderate Stress, Lower Housing",3,Stanly Early College High,Stanly County Schools,Stanly County,0.4166400453674478
Caldwell Applied Sciences Academy,Caldwell County Schools,Caldwell County,"Moderate Stress, Lower Housing",4,Rosman High,Transylvania County Schools,Transylvania County,0.4280675156818552
Caldwell Applied Sciences Academy,Caldwell County Schools,Caldwell County,"Moderate Stress, Lower Housing",5,Wilkes Central High School,Wilkes County Schools,Wilkes County,0.5730852583501167
Caldwell Early College,Caldwell County Schools,Caldwell County,"Moderate Stress, Lower Housing",1,Caldwell Applied Sciences Academy,Caldwell County Schools,Caldwell County,0.0
Caldwell Early College,Caldwell County Schools,Caldwell County,"Moderate Stress, Lower Housing",2,Hibriten High,Caldwell County Schools,Caldwell County,0.40244745341848503
Caldwell Early College,Caldwell County Schools,Caldwell County,"Moderate Stress, Lower Housing",3,Stanly Early College High,Stanly County Schools,Stanly County,0.4166400453674478
Caldwell Early College,Caldwell County Schools,Caldwell County,"Moderate Stress, Lower Housing",4,Rosman High,Transylvania County Schools,Transylvania County,0.4280675156818552
Caldwell Early College,Caldwell County Schools,Caldwell County,"Moderate Stress, Lower Housing",5,Wilkes Central High School,Wilkes County Schools,Wilkes County,0.5730852583501167
Camden County High,Camden County Schools,Camden County,Housing-Concentrated Stress,1,Hayesville High,Clay County Schools,Clay County,0.2937511670151729
Camden County High,Camden County Schools,Camden County,Housing-Concentrated Stress,2,Madison Velocity Learning Center,Madison County Schools,Madison County,0.7082476932345364
Camden County High,Camden County Schools,Camden County,Housing-Concentrated Stress,3,Madison High School,Madison County Schools,Madison County,1.0363612688309083
Camden County High,Camden County Schools,Camden County,Housing-Concentrated Stress,4,Madison Early College High,Madison County Schools,Madison County,1.0363612688309083
Camden County High,Camden County Schools,Camden County,Housing-Concentrated Stress,5,East Surry High,Surry County Schools,Surry County,1.0755672127299407
Camden Early College High,Camden County Schools,Camden County,Broadly Lower Stress,1,Sea-Tech,New Hanover County Schools,New Hanover County,1.5930315177783172
Camden Early College High,Camden County Schools,Camden County,Broadly Lower Stress,2,Pinecrest High,Moore County Schools,Moore County,2.1496078038767967
Camden Early College High,Camden County Schools,Camden County,Broadly Lower Stress,3,Bridges School,Carteret County Public Schools,Carteret County,2.3457363814479377
Camden Early College High,Camden County Schools,Camden County,Broadly Lower Stress,4,Marine Sci. And Tech. Early College High School,Carteret County Public Schools,Carteret County,2.3457363814479377
Camden Early College High,Camden County Schools,Camden County,Broadly Lower Stress,5,East Lincoln High,Lincoln County Schools,Lincoln County,2.413419023625567
East Carteret High,Carteret County Public Schools,Carteret County,Housing-Concentrated Stress,1,Watauga High,Watauga County Schools,Watauga County,0.4626918001350454
East Carteret High,Carteret County Public Schools,Carteret County,Housing-Concentrated Stress,2,Watauga Innovation Academy,Watauga County Schools,Watauga County,0.4626918001350454
East Carteret High,Carteret County Public Schools,Carteret County,Housing-Concentrated Stress,3,West Henderson High,Henderson County Schools,Henderson County,0.6025771871146364
East Carteret High,Carteret County Public Schools,Carteret County,Housing-Concentrated Stress,4,South Iredell High,Iredell-Statesville Schools,Iredell County,0.6220060836222949
East Carteret High,Carteret County Public Schools,Carteret County,Housing-Concentrated Stress,5,West Brunswick High,Brunswick County Schools,Brunswick County,0.6739897118988241
West Carteret High,Carteret County Public Schools,Carteret County,Housing-Concentrated Stress,1,East Gaston High,Gaston County Schools,Gaston County,0.5513359257221198
West Carteret High,Carteret County Public Schools,Carteret County,Housing-Concentrated Stress,2,West Brunswick High,Brunswick County Schools,Brunswick County,0.6168628714140312
West Carteret High,Carteret County Public Schools,Carteret County,Housing-Concentrated Stress,3,Stuart W Cramer High,Gaston County Schools,Gaston County,0.631135301478249
West Carteret High,Carteret County Public Schools,Carteret County,Housing-Concentrated Stress,4,Rolesville High,Wake County Schools,Wake County,0.6517918479889042
West Carteret High,Carteret County Public Schools,Carteret County,Housing-Concentrated Stress,5,Millbrook High,Wake County Schools,Wake County,0.6703546695637262
Croatan High,Carteret County Public Schools,Carteret County,Broadly Lower Stress,1,Dixon High,Onslow County Schools,Onslow County,0.5002510111852344
Croatan High,Carteret County Public Schools,Carteret County,Broadly Lower Stress,2,Central Haywood High,Haywood County Schools,Haywood County,0.6613321081631278
Croatan High,Carteret County Public Schools,Carteret County,Broadly Lower Stress,3,Myers Park High School,Charlotte-Mecklenburg Schools,Mecklenburg County,0.683918146832087
Croatan High,Carteret County Public Schools,Carteret County,Broadly Lower Stress,4,Heritage High,Wake County Schools,Wake County,0.7244093266565759
Croatan High,Carteret County Public Schools,Carteret County,Broadly Lower Stress,5,Hopewell High School,Charlotte-Mecklenburg Schools,Mecklenburg County,0.7284015077718626
Bridges School,Carteret County Public Schools,Carteret County,Broadly Lower Stress,1,Marine Sci. And Tech. Early College High School,Carteret County Public Schools,Carteret County,0.0
Bridges School,Carteret County Public Schools,Carteret County,Broadly Lower Stress,2,Needham Broughton High,Wake County Schools,Wake County,0.7383511997564007
Bridges School,Carteret County Public Schools,Carteret County,Broadly Lower Stress,3,Dixon High,Onslow County Schools,Onslow County,0.8492378252229463
Bridges School,Carteret County Public Schools,Carteret County,Broadly Lower Stress,4,Middle Creek High,Wake County Schools,Wake County,0.8901807006735005
Bridges School,Carteret County Public Schools,Carteret County,Broadly Lower Stress,5,Pinecrest High,Moore County Schools,Moore County,0.9301922235340231
Marine Sci. And Tech. Early College High School,Carteret County Public Schools,Carteret County,Broadly Lower Stress,1,Bridges School,Carteret County Public Schools,Carteret County,0.0
Marine Sci. And Tech. Early College High School,Carteret County Public Schools,Carteret County,Broadly Lower Stress,2,Needham Broughton High,Wake County Schools,Wake County,0.7383511997564007
Marine Sci. And Tech. Early College High School,Carteret County Public Schools,Carteret County,Broadly Lower Stress,3,Dixon High,Onslow County Schools,Onslow County,0.8492378252229463
Marine Sci. And Tech. Early College High School,Carteret County Public Schools,Carteret County,Broadly Lower Stress,4,Middle Creek High,Wake County Schools,Wake County,0.8901807006735005
Marine Sci. And Tech. Early College High School,Carteret County Public Schools,Carteret County,Broadly Lower Stress,5,Pinecrest High,Moore County Schools,Moore County,0.9301922235340231
Bartlett Yancey High,Caswell County Schools,Caswell County,Multidomain Elevated Stress,1,Douglas Byrd High,Cumberland County Schools,Cumberland County,0.7033521841831434
Bartlett Yancey High,Caswell County Schools,Caswell County,Multidomain Elevated Stress,2,Westover High,Cumberland County Schools,Cumberland County,0.8159819945431022
Bartlett Yancey High,Caswell County Schools,Caswell County,Multidomain Elevated Stress,3,Gray'S Creek High,Cumberland County Schools,Cumberland County,0.9211064798970044
Bartlett Yancey High,Caswell County Schools,Caswell County,Multidomain Elevated Stress,4,Cross Creek Early College,Cumberland County Schools,Cumberland County,0.9716853980852477
Bartlett Yancey High,Caswell County Schools,Caswell County,Multidomain Elevated Stress,5,Cape Fear High,Cumberland County Schools,Cumberland County,0.9716853980852477
Bandys High,Catawba County Schools,Catawba County,Housing-Concentrated Stress,1,Avery County High,Avery County Schools,Avery County,0.5640236446084506
Bandys High,Catawba County Schools,Catawba County,Housing-Concentrated Stress,2,Crossroads Arts Sciences Early College,Iredell-Statesville Schools,Iredell County,0.7272543697304181
Bandys High,Catawba County Schools,Catawba County,Housing-Concentrated Stress,3,Collaborative College For Technology,Iredell-Statesville Schools,Iredell County,0.7272543697304181
Bandys High,Catawba County Schools,Catawba County,Housing-Concentrated Stress,4,Union Pines High,Moore County Schools,Moore County,0.7494175490551962
Bandys High,Catawba County Schools,Catawba County,Housing-Concentrated Stress,5,Roberson High,Buncombe County Schools,Buncombe County,0.7756513132863667
Bunker Hill High,Catawba County Schools,Catawba County,"Moderate Stress, Lower Housing",1,Saint Stephens High,Catawba County Schools,Catawba County,0.4024474534184845
Bunker Hill High,Catawba County Schools,Catawba County,"Moderate Stress, Lower Housing",2,Jimmy C Draughn High School,Burke County Schools,Burke County,0.47330091173258354
Bunker Hill High,Catawba County Schools,Catawba County,"Moderate Stress, Lower Housing",3,Robert L. Patton High School,Burke County Schools,Burke County,0.47330091173258354
Bunker Hill High,Catawba County Schools,Catawba County,"Moderate Stress, Lower Housing",4,Rutherford Opportunity Center,Rutherford County Schools,Rutherford County,0.582856690777961
Bunker Hill High,Catawba County Schools,Catawba County,"Moderate Stress, Lower Housing",5,Freedom High,Burke County Schools,Burke County,0.5854738816941369
Fred T Foard High,Catawba County Schools,Catawba County,"Moderate Stress, Lower Housing",1,Hickory Career  Arts Magnet High School,Hickory City Schools,Catawba County,0.36018475338466005
Fred T Foard High,Catawba County Schools,Catawba County,"Moderate Stress, Lower Housing",2,Hickory High,Hickory City Schools,Catawba County,0.46381916399838824
Fred T Foard High,Catawba County Schools,Catawba County,"Moderate Stress, Lower Housing",3,North Stokes High School,Stokes County Schools,Stokes County,0.48466750353779314
Fred T Foard High,Catawba County Schools,Catawba County,"Moderate Stress, Lower Housing",4,South Stokes High School,Stokes County Schools,Stokes County,0.5292547744903552
Fred T Foard High,Catawba County Schools,Catawba County,"Moderate Stress, Lower Housing",5,Chase High School,Rutherford County Schools,Rutherford County,0.8010598368785355
Maiden High,Catawba County Schools,Catawba County,"Moderate Stress, Lower Housing",1,Discovery High School,Newton Conover City Schools,Catawba County,0.26491973589283885
Maiden High,Catawba County Schools,Catawba County,"Moderate Stress, Lower Housing",2,Newton-Conover High,Newton Conover City Schools,Catawba County,0.26491973589283885
Maiden High,Catawba County Schools,Catawba County,"Moderate Stress, Lower Housing",3,Wheatmore High School,Randolph County School System,Randolph County,0.4593686190191788
Maiden High,Catawba County Schools,Catawba County,"Moderate Stress, Lower Housing",4,Uwharrie Ridge Six-Twelve,Randolph County School System,Randolph County,0.47871986039204034
Maiden High,Catawba County Schools,Catawba County,"Moderate Stress, Lower Housing",5,West Lincoln High,Lincoln County Schools,Lincoln County,0.6928176126457773
Saint Stephens High,Catawba County Schools,Catawba County,"Moderate Stress, Lower Housing",1,Bunker Hill High,Catawba County Schools,Catawba County,0.4024474534184845
Saint Stephens High,Catawba County Schools,Catawba County,"Moderate Stress, Lower Housing",2,Rutherford Opportunity Center,Rutherford County Schools,Rutherford County,0.5040654261400146
Saint Stephens High,Catawba County Schools,Catawba County,"Moderate Stress, Lower Housing",3,Hickory Career  Arts Magnet High School,Hickory City Schools,Catawba County,0.6364570020537461
Saint Stephens High,Catawba County Schools,Catawba County,"Moderate Stress, Lower Housing",4,Louisburg Magnet High,Franklin County Schools,Franklin County,0.648903679517919
Saint Stephens High,Catawba County Schools,Catawba County,"Moderate Stress, Lower Housing",5,Jimmy C Draughn High School,Burke County Schools,Burke County,0.6534470054298744
Challenger Early College High,Catawba County Schools,Catawba County,Housing-Concentrated Stress,1,Stokes Early College High School,Stokes County Schools,Stokes County,0.693780373751673
Challenger Early College High,Catawba County Schools,Catawba County,Housing-Concentrated Stress,2,Surry Early College,Surry County Schools,Surry County,0.7031231744731181
Challenger Early College High,Catawba County Schools,Catawba County,Housing-Concentrated Stress,3,Macon Early College High School,Macon County Schools,Macon County,0.7185175323526577
Challenger Early College High,Catawba County Schools,Catawba County,Housing-Concentrated Stress,4,Avery County High,Avery County Schools,Avery County,0.7788124379394319
Challenger Early College High,Catawba County Schools,Catawba County,Housing-Concentrated Stress,5,East Surry High,Surry County Schools,Surry County,0.7947871953680203
Chapel Hill High,Chapel Hill-Carrboro City Schools,Orange County,Broadly Lower Stress,1,East Chapel Hill High,Chapel Hill-Carrboro City Schools,Orange County,0.4881474545371761
Chapel Hill High,Chapel Hill-Carrboro City Schools,Orange County,Broadly Lower Stress,2,Phoenix Academy High,Chapel Hill-Carrboro City Schools,Orange County,0.8135051315657292
Chapel Hill High,Chapel Hill-Carrboro City Schools,Orange County,Broadly Lower Stress,3,Virtual Academy School,Chapel Hill-Carrboro City Schools,Orange County,0.8135051315657292
Chapel Hill High,Chapel Hill-Carrboro City Schools,Orange County,Broadly Lower Stress,4,Carrboro High,Chapel Hill-Carrboro City Schools,Orange County,0.8797136652707722
Chapel Hill High,Chapel Hill-Carrboro City Schools,Orange County,Broadly Lower Stress,5,Longleaf School Of The Arts,Longleaf School Of The Arts,Wake County,1.0740783392270776
East Chapel Hill High,Chapel Hill-Carrboro City Schools,Orange County,Broadly Lower Stress,1,Chapel Hill High,Chapel Hill-Carrboro City Schools,Orange County,0.4881474545371761
East Chapel Hill High,Chapel Hill-Carrboro City Schools,Orange County,Broadly Lower Stress,2,Carrboro High,Chapel Hill-Carrboro City Schools,Orange County,1.0351858843994677
East Chapel Hill High,Chapel Hill-Carrboro City Schools,Orange County,Broadly Lower Stress,3,Green Level High,Wake County Schools,Wake County,1.045556204818705
East Chapel Hill High,Chapel Hill-Carrboro City Schools,Orange County,Broadly Lower Stress,4,Needham Broughton High,Wake County Schools,Wake County,1.087599229548274
East Chapel Hill High,Chapel Hill-Carrboro City Schools,Orange County,Broadly Lower Stress,5,Wake Early College Of Health And Science,Wake County Schools,Wake County,1.1121609117029674
Carrboro High,Chapel Hill-Carrboro City Schools,Orange County,Broadly Lower Stress,1,Chapel Hill High,Chapel Hill-Carrboro City Schools,Orange County,0.8797136652707722
Carrboro High,Chapel Hill-Carrboro City Schools,Orange County,Broadly Lower Stress,2,Raleigh Charter High School,Raleigh Charter High School,Wake County,0.969648716600886
Carrboro High,Chapel Hill-Carrboro City Schools,Orange County,Broadly Lower Stress,3,East Chapel Hill High,Chapel Hill-Carrboro City Schools,Orange County,1.0351858843994677
Carrboro High,Chapel Hill-Carrboro City Schools,Orange County,Broadly Lower Stress,4,Longleaf School Of The Arts,Longleaf School Of The Arts,Wake County,1.05880156576383
Carrboro High,Chapel Hill-Carrboro City Schools,Orange County,Broadly Lower Stress,5,East Lincoln High,Lincoln County Schools,Lincoln County,1.0749980364706067
Phoenix Academy High,Chapel Hill-Carrboro City Schools,Orange County,Broadly Lower Stress,1,Virtual Academy School,Chapel Hill-Carrboro City Schools,Orange County,0.0
Phoenix Academy High,Chapel Hill-Carrboro City Schools,Orange County,Broadly Lower Stress,2,Cuthbertson High,Union County Public Schools,Union County,0.7758845149583627
Phoenix Academy High,Chapel Hill-Carrboro City Schools,Orange County,Broadly Lower Stress,3,Chapel Hill High,Chapel Hill-Carrboro City Schools,Orange County,0.8135051315657292
Phoenix Academy High,Chapel Hill-Carrboro City Schools,Orange County,Broadly Lower Stress,4,East Chapel Hill High,Chapel Hill-Carrboro City Schools,Orange County,1.1439706262831255
Phoenix Academy High,Chapel Hill-Carrboro City Schools,Orange County,Broadly Lower Stress,5,Southern Wake Academy,Southern Wake Academy,Wake County,1.304222760143652
Virtual Academy School,Chapel Hill-Carrboro City Schools,Orange County,Broadly Lower Stress,1,Phoenix Academy High,Chapel Hill-Carrboro City Schools,Orange County,0.0
Virtual Academy School,Chapel Hill-Carrboro City Schools,Orange County,Broadly Lower Stress,2,Cuthbertson High,Union County Public Schools,Union County,0.7758845149583627
Virtual Academy School,Chapel Hill-Carrboro City Schools,Orange County,Broadly Lower Stress,3,Chapel Hill High,Chapel Hill-Carrboro City Schools,Orange County,0.8135051315657292
Virtual Academy School,Chapel Hill-Carrboro City Schools,Orange County,Broadly Lower Stress,4,East Chapel Hill High,Chapel Hill-Carrboro City Schools,Orange County,1.1439706262831255
Virtual Academy School,Chapel Hill-Carrboro City Schools,Orange County,Broadly Lower Stress,5,Southern Wake Academy,Southern Wake Academy,Wake County,1.304222760143652
Chatham Central High,Chatham County Schools,Chatham County,Education and Health Pressure,1,Washington High,Beaufort County Schools,Beaufort County,1.0472711018021477
Chatham Central High,Chatham County Schools,Chatham County,Education and Health Pressure,2,Beaufort Co Early College High,Beaufort County Schools,Beaufort County,1.0472711018021477
Chatham Central High,Chatham County Schools,Chatham County,Education and Health Pressure,3,Jordan Matthews High,Chatham County Schools,Chatham County,1.079587533815902
Chatham Central High,Chatham County Schools,Chatham County,Education and Health Pressure,4,Ben L. Smith High School,Guilford County Schools,Guilford County,1.4989841984168626
Chatham Central High,Chatham County Schools,Chatham County,Education and Health Pressure,5,Hugh M Cummings High,Alamance-Burlington Schools,Alamance County,1.5032804334408618
Jordan Matthews High,Chatham County Schools,Chatham County,Education and Health Pressure,1,Chatham School Of Science & Engineering,Chatham County Schools,Chatham County,0.9384872622756072
Jordan Matthews High,Chatham County Schools,Chatham County,Education and Health Pressure,2,Sage Academy,Chatham County Schools,Chatham County,0.9384872622756072
Jordan Matthews High,Chatham County Schools,Chatham County,Education and Health Pressure,3,Chatham Central High,Chatham County Schools,Chatham County,1.079587533815902
Jordan Matthews High,Chatham County Schools,Chatham County,Education and Health Pressure,4,Williams Secondary Montessori,Charlotte-Mecklenburg Schools,Mecklenburg County,1.2380312313809057
Jordan Matthews High,Chatham County Schools,Chatham County,Education and Health Pressure,5,Harding University High School,Charlotte-Mecklenburg Schools,Mecklenburg County,1.3304581326954292
Northwood High,Chatham County Schools,Chatham County,Broadly Lower Stress,1,Marvin Ridge High,Union County Public Schools,Union County,0.8341667103420005
Northwood High,Chatham County Schools,Chatham County,Broadly Lower Stress,2,Apex Friendship High,Wake County Schools,Wake County,1.1227457111631967
Northwood High,Chatham County Schools,Chatham County,Broadly Lower Stress,3,Weddington High,Union County Public Schools,Union County,1.1235963765097907
Northwood High,Chatham County Schools,Chatham County,Broadly Lower Stress,4,John T Hoggard High,New Hanover County Schools,New Hanover County,1.295964314037448
Northwood High,Chatham County Schools,Chatham County,Broadly Lower Stress,5,Vernon Malone College And Career Academy,Wake County Schools,Wake County,1.3008020874590986
Sage Academy,Chatham County Schools,Chatham County,Education and Health Pressure,1,Chatham School Of Science & Engineering,Chatham County Schools,Chatham County,0.0
Sage Academy,Chatham County Schools,Chatham County,Education and Health Pressure,2,Jordan Matthews High,Chatham County Schools,Chatham County,0.9384872622756072
Sage Academy,Chatham County Schools,Chatham County,Education and Health Pressure,3,Commonwealth High,Commonwealth High School,Mecklenburg County,1.0408174844007216
Sage Academy,Chatham County Schools,Chatham County,Education and Health Pressure,4,Hawthorne Academy Of Health Sciences,Charlotte-Mecklenburg Schools,Mecklenburg County,1.0408174844007216
Sage Academy,Chatham County Schools,Chatham County,Education and Health Pressure,5,Military And Global Leadership,Charlotte-Mecklenburg Schools,Mecklenburg County,1.0408174844007216
Chatham School Of Science & Engineering,Chatham County Schools,Chatham County,Education and Health Pressure,1,Sage Academy,Chatham County Schools,Chatham County,0.0
Chatham School Of Science & Engineering,Chatham County Schools,Chatham County,Education and Health Pressure,2,Jordan Matthews High,Chatham County Schools,Chatham County,0.9384872622756072
Chatham School Of Science & Engineering,Chatham County Schools,Chatham County,Education and Health Pressure,3,Commonwealth High,Commonwealth High School,Mecklenburg County,1.0408174844007216
Chatham School Of Science & Engineering,Chatham County Schools,Chatham County,Education and Health Pressure,4,Hawthorne Academy Of Health Sciences,Charlotte-Mecklenburg Schools,Mecklenburg County,1.0408174844007216
Chatham School Of Science & Engineering,Chatham County Schools,Chatham County,Education and Health Pressure,5,Military And Global Leadership,Charlotte-Mecklenburg Schools,Mecklenburg County,1.0408174844007216
Andrews High,Cherokee County Schools,Cherokee County,Multidomain Elevated Stress,1,Tri-County Early College High,Cherokee County Schools,Cherokee County,0.3512075320870472
Andrews High,Cherokee County Schools,Cherokee County,Multidomain Elevated Stress,2,Murphy High,Cherokee County Schools,Cherokee County,0.4135809726942684
Andrews High,Cherokee County Schools,Cherokee County,Multidomain Elevated Stress,3,Hiwassee Dam High,Cherokee County Schools,Cherokee County,0.6337234697257139
Andrews High,Cherokee County Schools,Cherokee County,Multidomain Elevated Stress,4,The Oaks Academy,Cherokee County Schools,Cherokee County,0.7911778842796067
Andrews High,Cherokee County Schools,Cherokee County,Multidomain Elevated Stress,5,Ashe County High,Ashe County Schools,Ashe County,1.5753952735978733
Murphy High,Cherokee County Schools,Cherokee County,Multidomain Elevated Stress,1,Tri-County Early College High,Cherokee County Schools,Cherokee County,0.09767547325718685
Murphy High,Cherokee County Schools,Cherokee County,Multidomain Elevated Stress,2,Hiwassee Dam High,Cherokee County Schools,Cherokee County,0.2532417967097935
Murphy High,Cherokee County Schools,Cherokee County,Multidomain Elevated Stress,3,Andrews High,Cherokee County Schools,Cherokee County,0.4135809726942684
Murphy High,Cherokee County Schools,Cherokee County,Multidomain Elevated Stress,4,The Oaks Academy,Cherokee County Schools,Cherokee County,0.8353177493150976
Murphy High,Cherokee County Schools,Cherokee County,Multidomain Elevated Stress,5,Ashe County High,Ashe County Schools,Ashe County,1.5185314396807064
The Oaks Academy,Cherokee County Schools,Cherokee County,Multidomain Elevated Stress,1,Andrews High,Cherokee County Schools,Cherokee County,0.7911778842796067
The Oaks Academy,Cherokee County Schools,Cherokee County,Multidomain Elevated Stress,2,Tri-County Early College High,Cherokee County Schools,Cherokee County,0.7943376207814596
The Oaks Academy,Cherokee County Schools,Cherokee County,Multidomain Elevated Stress,3,Murphy High,Cherokee County Schools,Cherokee County,0.8353177493150976
The Oaks Academy,Cherokee County Schools,Cherokee County,Multidomain Elevated Stress,4,Hiwassee Dam High,Cherokee County Schools,Cherokee County,0.987145893214969
The Oaks Academy,Cherokee County Schools,Cherokee County,Multidomain Elevated Stress,5,Ashe County High,Ashe County Schools,Ashe County,1.752287764171947
Hiwassee Dam High,Cherokee County Schools,Cherokee County,Multidomain Elevated Stress,1,Murphy High,Cherokee County Schools,Cherokee County,0.2532417967097935
Hiwassee Dam High,Cherokee County Schools,Cherokee County,Multidomain Elevated Stress,2,Tri-County Early College High,Cherokee County Schools,Cherokee County,0.30455361076310283
Hiwassee Dam High,Cherokee County Schools,Cherokee County,Multidomain Elevated Stress,3,Andrews High,Cherokee County Schools,Cherokee County,0.6337234697257139
Hiwassee Dam High,Cherokee County Schools,Cherokee County,Multidomain Elevated Stress,4,The Oaks Academy,Cherokee County Schools,Cherokee County,0.987145893214969
Hiwassee Dam High,Cherokee County Schools,Cherokee County,Multidomain Elevated Stress,5,Ashe County High,Ashe County Schools,Ashe County,1.4898942401417645
Tri-County Early College High,Cherokee County Schools,Cherokee County,Multidomain Elevated Stress,1,Murphy High,Cherokee County Schools,Cherokee County,0.09767547325718685
Tri-County Early College High,Cherokee County Schools,Cherokee County,Multidomain Elevated Stress,2,Hiwassee Dam High,Cherokee County Schools,Cherokee County,0.30455361076310283
Tri-County Early College High,Cherokee County Schools,Cherokee County,Multidomain Elevated Stress,3,Andrews High,Cherokee County Schools,Cherokee County,0.3512075320870472
Tri-County Early College High,Cherokee County Schools,Cherokee County,Multidomain Elevated Stress,4,The Oaks Academy,Cherokee County Schools,Cherokee County,0.7943376207814596
Tri-County Early College High,Cherokee County Schools,Cherokee County,Multidomain Elevated Stress,5,Ashe County High,Ashe County Schools,Ashe County,1.5279264470277345
John A Holmes High,Edenton-Chowan Schools,Chowan County,"Moderate Stress, Lower Housing",1,R-S Central High School,Rutherford County Schools,Rutherford County,0.7186123275950023
John A Holmes High,Edenton-Chowan Schools,Chowan County,"Moderate Stress, Lower Housing",2,Rutherford Early College High School,Rutherford County Schools,Rutherford County,0.7382582011732379
John A Holmes High,Edenton-Chowan Schools,Chowan County,"Moderate Stress, Lower Housing",3,Alexander Central High,Alexander County Schools,Alexander County,0.7730807878088597
John A Holmes High,Edenton-Chowan Schools,Chowan County,"Moderate Stress, Lower Housing",4,Alexander Early College,Alexander County Schools,Alexander County,0.7730807878088597
John A Holmes High,Edenton-Chowan Schools,Chowan County,"Moderate Stress, Lower Housing",5,John M Morehead High,Rockingham County Schools,Rockingham County,0.8267572217540671
Hayesville High,Clay County Schools,Clay County,Housing-Concentrated Stress,1,Camden County High,Camden County Schools,Camden County,0.2937511670151729
Hayesville High,Clay County Schools,Clay County,Housing-Concentrated Stress,2,Madison Velocity Learning Center,Madison County Schools,Madison County,0.8793879432909449
Hayesville High,Clay County Schools,Clay County,Housing-Concentrated Stress,3,East Surry High,Surry County Schools,Surry County,0.9200812289246783
Hayesville High,Clay County Schools,Clay County,Housing-Concentrated Stress,4,Eugene Ashley High,New Hanover County Schools,New Hanover County,1.1026718514442382
Hayesville High,Clay County Schools,Clay County,Housing-Concentrated Stress,5,Madison High School,Madison County Schools,Madison County,1.208403498951571
Burns High,Cleveland County Schools,Cleveland County,Economic and Crime Concentrated,1,Shelby High,Cleveland County Schools,Cleveland County,0.23364697628000727
Burns High,Cleveland County Schools,Cleveland County,Economic and Crime Concentrated,2,Turning Point Academy,Cleveland County Schools,Cleveland County,0.4864677481033056
Burns High,Cleveland County Schools,Cleveland County,Economic and Crime Concentrated,3,Cleveland Echs,Cleveland County Schools,Cleveland County,0.5786380125338355
Burns High,Cleveland County Schools,Cleveland County,Economic and Crime Concentrated,4,Crest High,Cleveland County Schools,Cleveland County,0.6171227667153562
Burns High,Cleveland County Schools,Cleveland County,Economic and Crime Concentrated,5,Kings Mountain High,Cleveland County Schools,Cleveland County,0.967775474391714
Crest High,Cleveland County Schools,Cleveland County,Economic and Crime Concentrated,1,Cleveland Echs,Cleveland County Schools,Cleveland County,0.2918642463382951
Crest High,Cleveland County Schools,Cleveland County,Economic and Crime Concentrated,2,Shelby High,Cleveland County Schools,Cleveland County,0.45393506273350476
Crest High,Cleveland County Schools,Cleveland County,Economic and Crime Concentrated,3,Burns High,Cleveland County Schools,Cleveland County,0.6171227667153562
Crest High,Cleveland County Schools,Cleveland County,Economic and Crime Concentrated,4,Kings Mountain High,Cleveland County Schools,Cleveland County,0.8090636185129045
Crest High,Cleveland County Schools,Cleveland County,Economic and Crime Concentrated,5,Turning Point Academy,Cleveland County Schools,Cleveland County,1.0722863516783252
Turning Point Academy,Cleveland County Schools,Cleveland County,Economic and Crime Concentrated,1,Burns High,Cleveland County Schools,Cleveland County,0.4864677481033056
Turning Point Academy,Cleveland County Schools,Cleveland County,Economic and Crime Concentrated,2,Shelby High,Cleveland County Schools,Cleveland County,0.6414314756575688
Turning Point Academy,Cleveland County Schools,Cleveland County,Economic and Crime Concentrated,3,Cleveland Echs,Cleveland County Schools,Cleveland County,1.0221421424553485
Turning Point Academy,Cleveland County Schools,Cleveland County,Economic and Crime Concentrated,4,Crest High,Cleveland County Schools,Cleveland County,1.0722863516783252
Turning Point Academy,Cleveland County Schools,Cleveland County,Economic and Crime Concentrated,5,Hertford County High,Hertford County Schools,Hertford County,1.279379696358675
Kings Mountain High,Cleveland County Schools,Cleveland County,Economic and Crime Concentrated,1,Cleveland Echs,Cleveland County Schools,Cleveland County,0.537360704364832
Kings Mountain High,Cleveland County Schools,Cleveland County,Economic and Crime Concentrated,2,Crest High,Cleveland County Schools,Cleveland County,0.8090636185129045
Kings Mountain High,Cleveland County Schools,Cleveland County,Economic and Crime Concentrated,3,Shelby High,Cleveland County Schools,Cleveland County,0.85717083472474
Kings Mountain High,Cleveland County Schools,Cleveland County,Economic and Crime Concentrated,4,Burns High,Cleveland County Schools,Cleveland County,0.967775474391714
Kings Mountain High,Cleveland County Schools,Cleveland County,Economic and Crime Concentrated,5,Ashley Chapel Educational Center,Richmond County Schools,Richmond County,0.9960098195764602
Shelby High,Cleveland County Schools,Cleveland County,Economic and Crime Concentrated,1,Burns High,Cleveland County Schools,Cleveland County,0.23364697628000727
Shelby High,Cleveland County Schools,Cleveland County,Economic and Crime Concentrated,2,Cleveland Echs,Cleveland County Schools,Cleveland County,0.4135809726942673
Shelby High,Cleveland County Schools,Cleveland County,Economic and Crime Concentrated,3,Crest High,Cleveland County Schools,Cleveland County,0.45393506273350476
Shelby High,Cleveland County Schools,Cleveland County,Economic and Crime Concentrated,4,Turning Point Academy,Cleveland County Schools,Cleveland County,0.6414314756575688
Shelby High,Cleveland County Schools,Cleveland County,Economic and Crime Concentrated,5,Kings Mountain High,Cleveland County Schools,Cleveland County,0.8571708347247402
Cleveland Echs,Cleveland County Schools,Cleveland County,Economic and Crime Concentrated,1,Crest High,Cleveland County Schools,Cleveland County,0.2918642463382951
Cleveland Echs,Cleveland County Schools,Cleveland County,Economic and Crime Concentrated,2,Shelby High,Cleveland County Schools,Cleveland County,0.4135809726942673
Cleveland Echs,Cleveland County Schools,Cleveland County,Economic and Crime Concentrated,3,Kings Mountain High,Cleveland County Schools,Cleveland County,0.5373607043648315
Cleveland Echs,Cleveland County Schools,Cleveland County,Economic and Crime Concentrated,4,Burns High,Cleveland County Schools,Cleveland County,0.5786380125338355
Cleveland Echs,Cleveland County Schools,Cleveland County,Economic and Crime Concentrated,5,Turning Point Academy,Cleveland County Schools,Cleveland County,1.0221421424553485
Clinton High,Clinton City Schools,Sampson County,Economic and Crime Concentrated,1,Hobbton High,Sampson County Schools,Sampson County,0.7963897215868266
Clinton High,Clinton City Schools,Sampson County,Economic and Crime Concentrated,2,Union High,Sampson County Schools,Sampson County,1.0736008733622144
Clinton High,Clinton City Schools,Sampson County,Economic and Crime Concentrated,3,Midway High,Sampson County Schools,Sampson County,1.079587533815901
Clinton High,Clinton City Schools,Sampson County,Economic and Crime Concentrated,4,Sampson Early College High,Sampson County Schools,Sampson County,1.204987892574269
Clinton High,Clinton City Schools,Sampson County,Economic and Crime Concentrated,5,Lakewood High,Sampson County Schools,Sampson County,1.386300857522279
East Columbus Junior-Senior High,Columbus County Schools,Columbus County,Economic and Crime Concentrated,1,Thomas Academy,Thomas Academy,Columbus County,0.0
East Columbus Junior-Senior High,Columbus County Schools,Columbus County,Economic and Crime Concentrated,2,Bladen Early College,Bladen County Schools,Bladen County,0.8637413464607184
East Columbus Junior-Senior High,Columbus County Schools,Columbus County,Economic and Crime Concentrated,3,Whiteville High,Whiteville City Schools,Columbus County,1.0835297312923253
East Columbus Junior-Senior High,Columbus County Schools,Columbus County,Economic and Crime Concentrated,4,North Whiteville Academy,Whiteville City Schools,Columbus County,1.2924448237835466
East Columbus Junior-Senior High,Columbus County Schools,Columbus County,Economic and Crime Concentrated,5,Columbus Career And College Academy,Columbus County Schools,Columbus County,1.2924448237835466
South Columbus High,Columbus County Schools,Columbus County,Economic and Crime Concentrated,1,West Columbus High,Columbus County Schools,Columbus County,0.8426459987935035
South Columbus High,Columbus County Schools,Columbus County,Economic and Crime Concentrated,2,Southwest Edgecombe High,Edgecombe County Public Schools,Edgecombe County,1.1311990956518028
South Columbus High,Columbus County Schools,Columbus County,Economic and Crime Concentrated,3,Edgecombe Early College High,Edgecombe County Public Schools,Edgecombe County,1.3030975880708733
South Columbus High,Columbus County Schools,Columbus County,Economic and Crime Concentrated,4,Weldon Stem High School Career Academies,Weldon City Schools,Halifax County,1.4106692486098567
South Columbus High,Columbus County Schools,Columbus County,Economic and Crime Concentrated,5,Roanoke Valley Early College,Weldon City Schools,Halifax County,1.4106692486098567
West Columbus High,Columbus County Schools,Columbus County,Economic and Crime Concentrated,1,Tarboro High,Edgecombe County Public Schools,Edgecombe County,0.8097305717338845
West Columbus High,Columbus County Schools,Columbus County,Economic and Crime Concentrated,2,South Columbus High,Columbus County Schools,Columbus County,0.8426459987935035
West Columbus High,Columbus County Schools,Columbus County,Economic and Crime Concentrated,3,Weldon Stem High School Career Academies,Weldon City Schools,Halifax County,1.0108463805122574
West Columbus High,Columbus County Schools,Columbus County,Economic and Crime Concentrated,4,Roanoke Valley Early College,Weldon City Schools,Halifax County,1.0108463805122574
West Columbus High,Columbus County Schools,Columbus County,Economic and Crime Concentrated,5,Scotland High School,Scotland County Schools,Scotland County,1.187052698703863
Columbus Career And College Academy,Columbus County Schools,Columbus County,Economic and Crime Concentrated,1,North Whiteville Academy,Whiteville City Schools,Columbus County,0.0
Columbus Career And College Academy,Columbus County Schools,Columbus County,Economic and Crime Concentrated,2,Whiteville High,Whiteville City Schools,Columbus County,0.4438187020597244
Columbus Career And College Academy,Columbus County Schools,Columbus County,Economic and Crime Concentrated,3,Anson High School,Anson County Schools,Anson County,0.5698583533567377
Columbus Career And College Academy,Columbus County Schools,Columbus County,Economic and Crime Concentrated,4,Anson Co. Early College High,Anson County Schools,Anson County,0.5698583533567377
Columbus Career And College Academy,Columbus County Schools,Columbus County,Economic and Crime Concentrated,5,Kinston High,Lenoir County Public Schools,Lenoir County,0.6215786384950329
Currituck County High,Currituck County Schools,Currituck County,Housing-Concentrated Stress,1,The Jp Knapp Ech (I)School,Currituck County Schools,Currituck County,0.0
Currituck County High,Currituck County Schools,Currituck County,Housing-Concentrated Stress,2,Roberson High,Buncombe County Schools,Buncombe County,0.2606530294319412
Currituck County High,Currituck County Schools,Currituck County,Housing-Concentrated Stress,3,Union Pines High,Moore County Schools,Moore County,0.5118313120363808
Currituck County High,Currituck County Schools,Currituck County,Housing-Concentrated Stress,4,Enka High,Buncombe County Schools,Buncombe County,0.5865167160205986
Currituck County High,Currituck County Schools,Currituck County,Housing-Concentrated Stress,5,Nesbitt Discovery Academy,Buncombe County Schools,Buncombe County,0.6427256130602351
The Jp Knapp Ech (I)School,Currituck County Schools,Currituck County,Housing-Concentrated Stress,1,Currituck County High,Currituck County Schools,Currituck County,0.0
The Jp Knapp Ech (I)School,Currituck County Schools,Currituck County,Housing-Concentrated Stress,2,Roberson High,Buncombe County Schools,Buncombe County,0.2606530294319412
The Jp Knapp Ech (I)School,Currituck County Schools,Currituck County,Housing-Concentrated Stress,3,Union Pines High,Moore County Schools,Moore County,0.5118313120363808
The Jp Knapp Ech (I)School,Currituck County Schools,Currituck County,Housing-Concentrated Stress,4,Enka High,Buncombe County Schools,Buncombe County,0.5865167160205986
The Jp Knapp Ech (I)School,Currituck County Schools,Currituck County,Housing-Concentrated Stress,5,Nesbitt Discovery Academy,Buncombe County Schools,Buncombe County,0.6427256130602351
Cape Hatteras Secondary School,Dare County Schools,Dare County,Housing-Concentrated Stress,1,First Flight High School,Dare County Schools,Dare County,1.0824102954367258
Cape Hatteras Secondary School,Dare County Schools,Dare County,Housing-Concentrated Stress,2,South Brunswick High,Brunswick County Schools,Brunswick County,1.1055979767441215
Cape Hatteras Secondary School,Dare County Schools,Dare County,Housing-Concentrated Stress,3,Bandys High,Catawba County Schools,Catawba County,1.2598928884631628
Cape Hatteras Secondary School,Dare County Schools,Dare County,Housing-Concentrated Stress,4,Roberson High,Buncombe County Schools,Buncombe County,1.354271181471497
Cape Hatteras Secondary School,Dare County Schools,Dare County,Housing-Concentrated Stress,5,Avery County High,Avery County Schools,Avery County,1.389356103279653
Manteo High School,Dare County Schools,Dare County,Housing-Concentrated Stress,1,Emsley A Laney High,New Hanover County Schools,New Hanover County,0.7629123731446386
Manteo High School,Dare County Schools,Dare County,Housing-Concentrated Stress,2,South Point High,Gaston County Schools,Gaston County,0.8009905612442755
Manteo High School,Dare County Schools,Dare County,Housing-Concentrated Stress,3,Early College,Buncombe County Schools,Buncombe County,0.8413617115004683
Manteo High School,Dare County Schools,Dare County,Housing-Concentrated Stress,4,Middle College,Buncombe County Schools,Buncombe County,0.8413617115004683
Manteo High School,Dare County Schools,Dare County,Housing-Concentrated Stress,5,Reynolds High,Buncombe County Schools,Buncombe County,0.8484011389717123
Dare Learning Academy,Dare County Schools,Dare County,Broadly Lower Stress,1,Hickory Ridge High,Cabarrus County Schools,Cabarrus County,3.3440756345887013
Dare Learning Academy,Dare County Schools,Dare County,Broadly Lower Stress,2,Score Academy,Wake County Schools,Wake County,3.5129936630879337
Dare Learning Academy,Dare County Schools,Dare County,Broadly Lower Stress,3,Crossroads Flex,Wake County Schools,Wake County,3.5129936630879337
Dare Learning Academy,Dare County Schools,Dare County,Broadly Lower Stress,4,Holly Springs High,Wake County Schools,Wake County,3.533379022270808
Dare Learning Academy,Dare County Schools,Dare County,Broadly Lower Stress,5,North Wake College And Career Academy,Wake County Schools,Wake County,3.560108931715302
First Flight High School,Dare County Schools,Dare County,Housing-Concentrated Stress,1,Cape Hatteras Secondary School,Dare County Schools,Dare County,1.0824102954367258
First Flight High School,Dare County Schools,Dare County,Housing-Concentrated Stress,2,South Brunswick High,Brunswick County Schools,Brunswick County,1.3793405613349998
First Flight High School,Dare County Schools,Dare County,Housing-Concentrated Stress,3,Lake Norman High,Iredell-Statesville Schools,Iredell County,1.553664471234566
First Flight High School,Dare County Schools,Dare County,Housing-Concentrated Stress,4,Roberson High,Buncombe County Schools,Buncombe County,1.6130511110171746
First Flight High School,Dare County Schools,Dare County,Housing-Concentrated Stress,5,The Jp Knapp Ech (I)School,Currituck County Schools,Currituck County,1.6270129671234412
Central Davidson High,Davidson County Schools,Davidson County,"Moderate Stress, Lower Housing",1,Yadkin Valley Regional Career Academy,Davidson County Schools,Davidson County,0.0
Central Davidson High,Davidson County Schools,Davidson County,"Moderate Stress, Lower Housing",2,Davidson County High School,Davidson County Schools,Davidson County,0.0
Central Davidson High,Davidson County Schools,Davidson County,"Moderate Stress, Lower Housing",3,Freedom High,Burke County Schools,Burke County,0.1932515795180443
Central Davidson High,Davidson County Schools,Davidson County,"Moderate Stress, Lower Housing",4,South Davidson Middle And High,Davidson County Schools,Davidson County,0.25324179670979174
Central Davidson High,Davidson County Schools,Davidson County,"Moderate Stress, Lower Housing",5,Jimmy C Draughn High School,Burke County Schools,Burke County,0.30986417482172046
Davidson County High School,Davidson County Schools,Davidson County,"Moderate Stress, Lower Housing",1,Yadkin Valley Regional Career Academy,Davidson County Schools,Davidson County,0.0
Davidson County High School,Davidson County Schools,Davidson County,"Moderate Stress, Lower Housing",2,Central Davidson High,Davidson County Schools,Davidson County,0.0
Davidson County High School,Davidson County Schools,Davidson County,"Moderate Stress, Lower Housing",3,Freedom High,Burke County Schools,Burke County,0.1932515795180443
Davidson County High School,Davidson County Schools,Davidson County,"Moderate Stress, Lower Housing",4,South Davidson Middle And High,Davidson County Schools,Davidson County,0.25324179670979174
Davidson County High School,Davidson County Schools,Davidson County,"Moderate Stress, Lower Housing",5,Jimmy C Draughn High School,Burke County Schools,Burke County,0.30986417482172046
East Davidson High,Davidson County Schools,Davidson County,Multidomain Elevated Stress,1,Ledford Senior High,Davidson County Schools,Davidson County,0.0
East Davidson High,Davidson County Schools,Davidson County,Multidomain Elevated Stress,2,Davidson Early College,Davidson County Schools,Davidson County,0.0
East Davidson High,Davidson County Schools,Davidson County,Multidomain Elevated Stress,3,Ray Street Academy,Alamance-Burlington Schools,Alamance County,1.085229570028117
East Davidson High,Davidson County Schools,Davidson County,Multidomain Elevated Stress,4,Southern Alamance High,Alamance-Burlington Schools,Alamance County,1.085229570028117
East Davidson High,Davidson County Schools,Davidson County,Multidomain Elevated Stress,5,Graham High,Alamance-Burlington Schools,Alamance County,1.085229570028117
Ledford Senior High,Davidson County Schools,Davidson County,Multidomain Elevated Stress,1,East Davidson High,Davidson County Schools,Davidson County,0.0
Ledford Senior High,Davidson County Schools,Davidson County,Multidomain Elevated Stress,2,Davidson Early College,Davidson County Schools,Davidson County,0.0
Ledford Senior High,Davidson County Schools,Davidson County,Multidomain Elevated Stress,3,Ray Street Academy,Alamance-Burlington Schools,Alamance County,1.085229570028117
Ledford Senior High,Davidson County Schools,Davidson County,Multidomain Elevated Stress,4,Southern Alamance High,Alamance-Burlington Schools,Alamance County,1.085229570028117
Ledford Senior High,Davidson County Schools,Davidson County,Multidomain Elevated Stress,5,Graham High,Alamance-Burlington Schools,Alamance County,1.085229570028117
North Davidson High,Davidson County Schools,Davidson County,"Moderate Stress, Lower Housing",1,West Davidson High,Davidson County Schools,Davidson County,0.0
North Davidson High,Davidson County Schools,Davidson County,"Moderate Stress, Lower Housing",2,Corinth Holders High,Johnston County Public Schools,Johnston County,0.5825169004541454
North Davidson High,Davidson County Schools,Davidson County,"Moderate Stress, Lower Housing",3,West Stanly High,Stanly County Schools,Stanly County,0.6059052930838996
North Davidson High,Davidson County Schools,Davidson County,"Moderate Stress, Lower Housing",4,South Caldwell High,Caldwell County Schools,Caldwell County,0.7908714659437909
North Davidson High,Davidson County Schools,Davidson County,"Moderate Stress, Lower Housing",5,Eastern Alamance High,Alamance-Burlington Schools,Alamance County,0.9269073095363252
West Davidson High,Davidson County Schools,Davidson County,"Moderate Stress, Lower Housing",1,North Davidson High,Davidson County Schools,Davidson County,0.0
West Davidson High,Davidson County Schools,Davidson County,"Moderate Stress, Lower Housing",2,Corinth Holders High,Johnston County Public Schools,Johnston County,0.5825169004541454
West Davidson High,Davidson County Schools,Davidson County,"Moderate Stress, Lower Housing",3,West Stanly High,Stanly County Schools,Stanly County,0.6059052930838996
West Davidson High,Davidson County Schools,Davidson County,"Moderate Stress, Lower Housing",4,South Caldwell High,Caldwell County Schools,Caldwell County,0.7908714659437909
West Davidson High,Davidson County Schools,Davidson County,"Moderate Stress, Lower Housing",5,Eastern Alamance High,Alamance-Burlington Schools,Alamance County,0.9269073095363252
South Davidson Middle And High,Davidson County Schools,Davidson County,"Moderate Stress, Lower Housing",1,Davidson County High School,Davidson County Schools,Davidson County,0.25324179670979174
South Davidson Middle And High,Davidson County Schools,Davidson County,"Moderate Stress, Lower Housing",2,Yadkin Valley Regional Career Academy,Davidson County Schools,Davidson County,0.25324179670979174
South Davidson Middle And High,Davidson County Schools,Davidson County,"Moderate Stress, Lower Housing",3,Central Davidson High,Davidson County Schools,Davidson County,0.25324179670979174
South Davidson Middle And High,Davidson County Schools,Davidson County,"Moderate Stress, Lower Housing",4,Freedom High,Burke County Schools,Burke County,0.3626046390177596
South Davidson Middle And High,Davidson County Schools,Davidson County,"Moderate Stress, Lower Housing",5,Providence Grove High School,Randolph County School System,Randolph County,0.4457722862844859
Davidson Early College,Davidson County Schools,Davidson County,Multidomain Elevated Stress,1,East Davidson High,Davidson County Schools,Davidson County,0.0
Davidson Early College,Davidson County Schools,Davidson County,Multidomain Elevated Stress,2,Ledford Senior High,Davidson County Schools,Davidson County,0.0
Davidson Early College,Davidson County Schools,Davidson County,Multidomain Elevated Stress,3,Ray Street Academy,Alamance-Burlington Schools,Alamance County,1.085229570028117
Davidson Early College,Davidson County Schools,Davidson County,Multidomain Elevated Stress,4,Southern Alamance High,Alamance-Burlington Schools,Alamance County,1.085229570028117
Davidson Early College,Davidson County Schools,Davidson County,Multidomain Elevated Stress,5,Graham High,Alamance-Burlington Schools,Alamance County,1.085229570028117
Yadkin Valley Regional Career Academy,Davidson County Schools,Davidson County,"Moderate Stress, Lower Housing",1,Davidson County High School,Davidson County Schools,Davidson County,0.0
Yadkin Valley Regional Career Academy,Davidson County Schools,Davidson County,"Moderate Stress, Lower Housing",2,Central Davidson High,Davidson County Schools,Davidson County,0.0
Yadkin Valley Regional Career Academy,Davidson County Schools,Davidson County,"Moderate Stress, Lower Housing",3,Freedom High,Burke County Schools,Burke County,0.1932515795180443
Yadkin Valley Regional Career Academy,Davidson County Schools,Davidson County,"Moderate Stress, Lower Housing",4,South Davidson Middle And High,Davidson County Schools,Davidson County,0.25324179670979174
Yadkin Valley Regional Career Academy,Davidson County Schools,Davidson County,"Moderate Stress, Lower Housing",5,Jimmy C Draughn High School,Burke County Schools,Burke County,0.30986417482172046
Oak Grove High,Davidson County Schools,Davidson County,Education and Health Pressure,1,Bessemer City High,Gaston County Schools,Gaston County,0.8473302487520545
Oak Grove High,Davidson County Schools,Davidson County,Education and Health Pressure,2,Robert B Glenn High School,Winston Salem / Forsyth County Schools,Forsyth County,0.990085013999732
Oak Grove High,Davidson County Schools,Davidson County,Education and Health Pressure,3,Community High School,Buncombe County Schools,Buncombe County,1.0987078410255893
Oak Grove High,Davidson County Schools,Davidson County,Education and Health Pressure,4,Highland Sch Of Technology,Gaston County Schools,Gaston County,1.1977337308741773
Oak Grove High,Davidson County Schools,Davidson County,Education and Health Pressure,5,Hunter Huss High,Gaston County Schools,Gaston County,1.2048053670939833
Davie County High,Davie County Schools,Davie County,"Moderate Stress, Lower Housing",1,Davie County Early College High,Davie County Schools,Davie County,0.0
Davie County High,Davie County Schools,Davie County,"Moderate Stress, Lower Housing",2,Franklinton High,Franklin County Schools,Franklin County,0.5490902863976581
Davie County High,Davie County Schools,Davie County,"Moderate Stress, Lower Housing",3,Richlands High,Onslow County Schools,Onslow County,0.6755243942579807
Davie County High,Davie County Schools,Davie County,"Moderate Stress, Lower Housing",4,Uwharrie Ridge Six-Twelve,Randolph County School System,Randolph County,0.8105173459988385
Davie County High,Davie County Schools,Davie County,"Moderate Stress, Lower Housing",5,The Coast,Brunswick County Schools,Brunswick County,0.8424876837897204
Davie County Early College High,Davie County Schools,Davie County,"Moderate Stress, Lower Housing",1,Davie County High,Davie County Schools,Davie County,0.0
Davie County Early College High,Davie County Schools,Davie County,"Moderate Stress, Lower Housing",2,Franklinton High,Franklin County Schools,Franklin County,0.5490902863976581
Davie County Early College High,Davie County Schools,Davie County,"Moderate Stress, Lower Housing",3,Richlands High,Onslow County Schools,Onslow County,0.6755243942579807
Davie County Early College High,Davie County Schools,Davie County,"Moderate Stress, Lower Housing",4,Uwharrie Ridge Six-Twelve,Randolph County School System,Randolph County,0.8105173459988385
Davie County Early College High,Davie County Schools,Davie County,"Moderate Stress, Lower Housing",5,The Coast,Brunswick County Schools,Brunswick County,0.8424876837897204
East Duplin High,Duplin County Schools,Duplin County,Education and Health Pressure,1,Duplin Early College High,Duplin County Schools,Duplin County,0.23481183672662692
East Duplin High,Duplin County Schools,Duplin County,Education and Health Pressure,2,James Kenan High,Duplin County Schools,Duplin County,0.4004083981844004
East Duplin High,Duplin County Schools,Duplin County,Education and Health Pressure,3,Phillip O Berry Academy Of Technology,Charlotte-Mecklenburg Schools,Mecklenburg County,0.4655685282263421
East Duplin High,Duplin County Schools,Duplin County,Education and Health Pressure,4,Stewart Creek High,Stewart Creek High School,Mecklenburg County,0.4655685282263421
East Duplin High,Duplin County Schools,Duplin County,Education and Health Pressure,5,Wallace-Rose Hill High,Duplin County Schools,Duplin County,0.6187478338329246
James Kenan High,Duplin County Schools,Duplin County,Education and Health Pressure,1,East Duplin High,Duplin County Schools,Duplin County,0.4004083981844004
James Kenan High,Duplin County Schools,Duplin County,Education and Health Pressure,2,Duplin Early College High,Duplin County Schools,Duplin County,0.525976369749812
James Kenan High,Duplin County Schools,Duplin County,Education and Health Pressure,3,Wallace-Rose Hill High,Duplin County Schools,Duplin County,0.7224347821699498
James Kenan High,Duplin County Schools,Duplin County,Education and Health Pressure,4,Stewart Creek High,Stewart Creek High School,Mecklenburg County,0.8003072672596192
James Kenan High,Duplin County Schools,Duplin County,Education and Health Pressure,5,Phillip O Berry Academy Of Technology,Charlotte-Mecklenburg Schools,Mecklenburg County,0.8003072672596192
North Duplin Jr Sr High,Duplin County Schools,Duplin County,Education and Health Pressure,1,Garinger High School,Charlotte-Mecklenburg Schools,Mecklenburg County,1.0479664367755255
North Duplin Jr Sr High,Duplin County Schools,Duplin County,Education and Health Pressure,2,Penn-Griffin Schools,Guilford County Schools,Guilford County,1.2432306297654951
North Duplin Jr Sr High,Duplin County Schools,Duplin County,Education and Health Pressure,3,Cochrane Collegiate Academy,Charlotte-Mecklenburg Schools,Mecklenburg County,1.2549849167372347
North Duplin Jr Sr High,Duplin County Schools,Duplin County,Education and Health Pressure,4,Hawthorne Academy Of Health Sciences,Charlotte-Mecklenburg Schools,Mecklenburg County,1.3847580183915953
North Duplin Jr Sr High,Duplin County Schools,Duplin County,Education and Health Pressure,5,Military And Global Leadership,Charlotte-Mecklenburg Schools,Mecklenburg County,1.3847580183915953
Wallace-Rose Hill High,Duplin County Schools,Duplin County,Education and Health Pressure,1,East Duplin High,Duplin County Schools,Duplin County,0.6187478338329246
Wallace-Rose Hill High,Duplin County Schools,Duplin County,Education and Health Pressure,2,Duplin Early College High,Duplin County Schools,Duplin County,0.6427318073633679
Wallace-Rose Hill High,Duplin County Schools,Duplin County,Education and Health Pressure,3,Phillip O Berry Academy Of Technology,Charlotte-Mecklenburg Schools,Mecklenburg County,0.6452651247399669
Wallace-Rose Hill High,Duplin County Schools,Duplin County,Education and Health Pressure,4,Stewart Creek High,Stewart Creek High School,Mecklenburg County,0.6452651247399669
Wallace-Rose Hill High,Duplin County Schools,Duplin County,Education and Health Pressure,5,James Kenan High,Duplin County Schools,Duplin County,0.7224347821699498
Duplin Early College High,Duplin County Schools,Duplin County,Education and Health Pressure,1,East Duplin High,Duplin County Schools,Duplin County,0.23481183672662692
Duplin Early College High,Duplin County Schools,Duplin County,Education and Health Pressure,2,Stewart Creek High,Stewart Creek High School,Mecklenburg County,0.40201673573112623
Duplin Early College High,Duplin County Schools,Duplin County,Education and Health Pressure,3,Phillip O Berry Academy Of Technology,Charlotte-Mecklenburg Schools,Mecklenburg County,0.40201673573112623
Duplin Early College High,Duplin County Schools,Duplin County,Education and Health Pressure,4,James Kenan High,Duplin County Schools,Duplin County,0.525976369749812
Duplin Early College High,Duplin County Schools,Duplin County,Education and Health Pressure,5,Wallace-Rose Hill High,Duplin County Schools,Duplin County,0.6427318073633679
Hillside High,Durham Public Schools,Durham County,Housing-Concentrated Stress,1,Western Guilford High,Guilford County Schools,Guilford County,0.4681168452640324
Hillside High,Durham Public Schools,Durham County,Housing-Concentrated Stress,2,New Hanover High,New Hanover County Schools,New Hanover County,0.47816123485281964
Hillside High,Durham Public Schools,Durham County,Housing-Concentrated Stress,3,Kearns Academy,Guilford County Schools,Guilford County,0.5152634449981742
Hillside High,Durham Public Schools,Durham County,Housing-Concentrated Stress,4,Isaac M Bear Early College High School,New Hanover County Schools,New Hanover County,0.8441276499803453
Hillside High,Durham Public Schools,Durham County,Housing-Concentrated Stress,5,Wilmington Early College High,New Hanover County Schools,New Hanover County,0.8441276499803453
C E Jordan High,Durham Public Schools,Durham County,Broadly Lower Stress,1,Myers Park High School,Charlotte-Mecklenburg Schools,Mecklenburg County,0.7884246400285148
C E Jordan High,Durham Public Schools,Durham County,Broadly Lower Stress,2,Hopewell High School,Charlotte-Mecklenburg Schools,Mecklenburg County,1.0789425349187582
C E Jordan High,Durham Public Schools,Durham County,Broadly Lower Stress,3,Dixon High,Onslow County Schools,Onslow County,1.0950048081697106
C E Jordan High,Durham Public Schools,Durham County,Broadly Lower Stress,4,John T Hoggard High,New Hanover County Schools,New Hanover County,1.2446222865191965
C E Jordan High,Durham Public Schools,Durham County,Broadly Lower Stress,5,Central Haywood High,Haywood County Schools,Haywood County,1.253233029689266
The School For Creative Studies,Durham Public Schools,Durham County,Education and Health Pressure,1,Lakeview School,Durham Public Schools,Durham County,0.0
The School For Creative Studies,Durham Public Schools,Durham County,Education and Health Pressure,2,Independence High School,Charlotte-Mecklenburg Schools,Mecklenburg County,1.0206894543588878
The School For Creative Studies,Durham Public Schools,Durham County,Education and Health Pressure,3,Harper Middle College High,Charlotte-Mecklenburg Schools,Mecklenburg County,1.1912502008753105
The School For Creative Studies,Durham Public Schools,Durham County,Education and Health Pressure,4,Olympic High School,Charlotte-Mecklenburg Schools,Mecklenburg County,1.1912502008753105
The School For Creative Studies,Durham Public Schools,Durham County,Education and Health Pressure,5,Durham'S Performance Learning Center,Durham Public Schools,Durham County,1.261685583398073
Northern High,Durham Public Schools,Durham County,Education and Health Pressure,1,Southern Nash High,Nash County Public Schools,Nash County,0.8281594314042375
Northern High,Durham Public Schools,Durham County,Education and Health Pressure,2,Durham'S Performance Learning Center,Durham Public Schools,Durham County,0.9093179780105868
Northern High,Durham Public Schools,Durham County,Education and Health Pressure,3,East Mecklenburg High School,Charlotte-Mecklenburg Schools,Mecklenburg County,0.9414100573542159
Northern High,Durham Public Schools,Durham County,Education and Health Pressure,4,Harding University High School,Charlotte-Mecklenburg Schools,Mecklenburg County,0.9680819479859404
Northern High,Durham Public Schools,Durham County,Education and Health Pressure,5,High Point Central High,Guilford County Schools,Guilford County,1.0055816916695628
Southern School Of Energy And Sustainabi,Durham Public Schools,Durham County,Multidomain Elevated Stress,1,Lucy Ragsdale High,Guilford County Schools,Guilford County,0.47871986039204045
Southern School Of Energy And Sustainabi,Durham Public Schools,Durham County,Multidomain Elevated Stress,2,West Wilkes High School,Wilkes County Schools,Wilkes County,0.7095329000591205
Southern School Of Energy And Sustainabi,Durham Public Schools,Durham County,Multidomain Elevated Stress,3,North Gaston High,Gaston County Schools,Gaston County,0.8988640480861236
Southern School Of Energy And Sustainabi,Durham Public Schools,Durham County,Multidomain Elevated Stress,4,South Rowan High,Rowan-Salisbury Schools,Rowan County,0.9482096832686704
Southern School Of Energy And Sustainabi,Durham Public Schools,Durham County,Multidomain Elevated Stress,5,Ashbrook High,Gaston County Schools,Gaston County,0.9813809032885715
Durham School Of The Arts,Durham Public Schools,Durham County,Education and Health Pressure,1,Southern Nash High,Nash County Public Schools,Nash County,1.0043829400690854
Durham School Of The Arts,Durham Public Schools,Durham County,Education and Health Pressure,2,Ben L. Smith High School,Guilford County Schools,Guilford County,1.185230220588764
Durham School Of The Arts,Durham Public Schools,Durham County,Education and Health Pressure,3,Lee County High,Lee County Schools,Lee County,1.2061111461171654
Durham School Of The Arts,Durham Public Schools,Durham County,Education and Health Pressure,4,Williams Secondary Montessori,Charlotte-Mecklenburg Schools,Mecklenburg County,1.222146194203086
Durham School Of The Arts,Durham Public Schools,Durham County,Education and Health Pressure,5,Harding University High School,Charlotte-Mecklenburg Schools,Mecklenburg County,1.3309988601620357
Riverside High,Durham Public Schools,Durham County,"Moderate Stress, Lower Housing",1,Wilkes Early College High School,Wilkes County Schools,Wilkes County,0.5729187477435431
Riverside High,Durham Public Schools,Durham County,"Moderate Stress, Lower Housing",2,Research Triangle High School,Research Triangle High School,Durham County,0.5800508744718277
Riverside High,Durham Public Schools,Durham County,"Moderate Stress, Lower Housing",3,North Wilkes High School,Wilkes County Schools,Wilkes County,0.6890685321782353
Riverside High,Durham Public Schools,Durham County,"Moderate Stress, Lower Housing",4,Wilkes Central High School,Wilkes County Schools,Wilkes County,0.6925108195902615
Riverside High,Durham Public Schools,Durham County,"Moderate Stress, Lower Housing",5,Henderson High,Rowan-Salisbury Schools,Rowan County,0.7232507185636311
Lakeview School,Durham Public Schools,Durham County,Education and Health Pressure,1,The School For Creative Studies,Durham Public Schools,Durham County,0.0
Lakeview School,Durham Public Schools,Durham County,Education and Health Pressure,2,Independence High School,Charlotte-Mecklenburg Schools,Mecklenburg County,1.0206894543588878
Lakeview School,Durham Public Schools,Durham County,Education and Health Pressure,3,Olympic High School,Charlotte-Mecklenburg Schools,Mecklenburg County,1.1912502008753105
Lakeview School,Durham Public Schools,Durham County,Education and Health Pressure,4,Harper Middle College High,Charlotte-Mecklenburg Schools,Mecklenburg County,1.1912502008753105
Lakeview School,Durham Public Schools,Durham County,Education and Health Pressure,5,Durham'S Performance Learning Center,Durham Public Schools,Durham County,1.261685583398073
J D Clement Early College High School,Durham Public Schools,Durham County,"Moderate Stress, Lower Housing",1,City Of Medicine Academy,Durham Public Schools,Durham County,0.0
J D Clement Early College High School,Durham Public Schools,Durham County,"Moderate Stress, Lower Housing",2,Durham School Of Technology,Durham Public Schools,Durham County,0.0
J D Clement Early College High School,Durham Public Schools,Durham County,"Moderate Stress, Lower Housing",3,Middle College Hs @ Dtcc,Durham Public Schools,Durham County,0.0
J D Clement Early College High School,Durham Public Schools,Durham County,"Moderate Stress, Lower Housing",4,Research Triangle High School,Research Triangle High School,Durham County,0.5526233785465137
J D Clement Early College High School,Durham Public Schools,Durham County,"Moderate Stress, Lower Housing",5,Mcdowell Early College,Mcdowell County Schools,McDowell County,0.8805640440867636
Middle College Hs @ Dtcc,Durham Public Schools,Durham County,"Moderate Stress, Lower Housing",1,City Of Medicine Academy,Durham Public Schools,Durham County,0.0
Middle College Hs @ Dtcc,Durham Public Schools,Durham County,"Moderate Stress, Lower Housing",2,Durham School Of Technology,Durham Public Schools,Durham County,0.0
Middle College Hs @ Dtcc,Durham Public Schools,Durham County,"Moderate Stress, Lower Housing",3,J D Clement Early College High School,Durham Public Schools,Durham County,0.0
Middle College Hs @ Dtcc,Durham Public Schools,Durham County,"Moderate Stress, Lower Housing",4,Research Triangle High School,Research Triangle High School,Durham County,0.5526233785465137
Middle College Hs @ Dtcc,Durham Public Schools,Durham County,"Moderate Stress, Lower Housing",5,Mcdowell Early College,Mcdowell County Schools,McDowell County,0.8805640440867636
Durham School Of Technology,Durham Public Schools,Durham County,"Moderate Stress, Lower Housing",1,City Of Medicine Academy,Durham Public Schools,Durham County,0.0
Durham School Of Technology,Durham Public Schools,Durham County,"Moderate Stress, Lower Housing",2,Middle College Hs @ Dtcc,Durham Public Schools,Durham County,0.0
Durham School Of Technology,Durham Public Schools,Durham County,"Moderate Stress, Lower Housing",3,J D Clement Early College High School,Durham Public Schools,Durham County,0.0
Durham School Of Technology,Durham Public Schools,Durham County,"Moderate Stress, Lower Housing",4,Research Triangle High School,Research Triangle High School,Durham County,0.5526233785465137
Durham School Of Technology,Durham Public Schools,Durham County,"Moderate Stress, Lower Housing",5,Mcdowell Early College,Mcdowell County Schools,McDowell County,0.8805640440867636
Durham'S Performance Learning Center,Durham Public Schools,Durham County,Education and Health Pressure,1,Northern High,Durham Public Schools,Durham County,0.9093179780105868
Durham'S Performance Learning Center,Durham Public Schools,Durham County,Education and Health Pressure,2,East Mecklenburg High School,Charlotte-Mecklenburg Schools,Mecklenburg County,1.025811693410485
Durham'S Performance Learning Center,Durham Public Schools,Durham County,Education and Health Pressure,3,High Point Central High,Guilford County Schools,Guilford County,1.1901749579638858
Durham'S Performance Learning Center,Durham Public Schools,Durham County,Education and Health Pressure,4,Pruette Scale Academy,Guilford County Schools,Guilford County,1.1964242218463768
Durham'S Performance Learning Center,Durham Public Schools,Durham County,Education and Health Pressure,5,Harper Middle College High,Charlotte-Mecklenburg Schools,Mecklenburg County,1.2401496146013928
City Of Medicine Academy,Durham Public Schools,Durham County,"Moderate Stress, Lower Housing",1,Durham School Of Technology,Durham Public Schools,Durham County,0.0
City Of Medicine Academy,Durham Public Schools,Durham County,"Moderate Stress, Lower Housing",2,Middle College Hs @ Dtcc,Durham Public Schools,Durham County,0.0
City Of Medicine Academy,Durham Public Schools,Durham County,"Moderate Stress, Lower Housing",3,J D Clement Early College High School,Durham Public Schools,Durham County,0.0
City Of Medicine Academy,Durham Public Schools,Durham County,"Moderate Stress, Lower Housing",4,Research Triangle High School,Research Triangle High School,Durham County,0.5526233785465137
City Of Medicine Academy,Durham Public Schools,Durham County,"Moderate Stress, Lower Housing",5,Mcdowell Early College,Mcdowell County Schools,McDowell County,0.8805640440867636
North Edgecombe High,Edgecombe County Public Schools,Edgecombe County,Economic and Crime Concentrated,1,Southeast Halifax Collegiate Prep Academ,Halifax County Schools,Halifax County,0.9588699845005711
North Edgecombe High,Edgecombe County Public Schools,Edgecombe County,Economic and Crime Concentrated,2,Lumberton Senior High,Public Schools Of Robeson County,Robeson County,1.0164851153347445
North Edgecombe High,Edgecombe County Public Schools,Edgecombe County,Economic and Crime Concentrated,3,Psrc Early College At Rcc,Public Schools Of Robeson County,Robeson County,1.0357203326592535
North Edgecombe High,Edgecombe County Public Schools,Edgecombe County,Economic and Crime Concentrated,4,Saint Pauls High,Public Schools Of Robeson County,Robeson County,1.1658275621704042
North Edgecombe High,Edgecombe County Public Schools,Edgecombe County,Economic and Crime Concentrated,5,Edgecombe Early College High,Edgecombe County Public Schools,Edgecombe County,1.2576717085729188
Southwest Edgecombe High,Edgecombe County Public Schools,Edgecombe County,Economic and Crime Concentrated,1,Edgecombe Early College High,Edgecombe County Public Schools,Edgecombe County,0.3412598884280864
Southwest Edgecombe High,Edgecombe County Public Schools,Edgecombe County,Economic and Crime Concentrated,2,Psrc Early College At Rcc,Public Schools Of Robeson County,Robeson County,0.8088883617237539
Southwest Edgecombe High,Edgecombe County Public Schools,Edgecombe County,Economic and Crime Concentrated,3,Purnell Swett High,Public Schools Of Robeson County,Robeson County,0.8831751298295734
Southwest Edgecombe High,Edgecombe County Public Schools,Edgecombe County,Economic and Crime Concentrated,4,Lumberton Senior High,Public Schools Of Robeson County,Robeson County,0.9021048576077839
Southwest Edgecombe High,Edgecombe County Public Schools,Edgecombe County,Economic and Crime Concentrated,5,South Columbus High,Columbus County Schools,Columbus County,1.1311990956518028
Tarboro High,Edgecombe County Public Schools,Edgecombe County,Economic and Crime Concentrated,1,West Columbus High,Columbus County Schools,Columbus County,0.8097305717338834
Tarboro High,Edgecombe County Public Schools,Edgecombe County,Economic and Crime Concentrated,2,Roanoke Rapids Early College High,Roanoke Rapids City Schools,Halifax County,0.8960522888840273
Tarboro High,Edgecombe County Public Schools,Edgecombe County,Economic and Crime Concentrated,3,Weldon Stem High School Career Academies,Weldon City Schools,Halifax County,1.0706855911754698
Tarboro High,Edgecombe County Public Schools,Edgecombe County,Economic and Crime Concentrated,4,Roanoke Valley Early College,Weldon City Schools,Halifax County,1.0706855911754698
Tarboro High,Edgecombe County Public Schools,Edgecombe County,Economic and Crime Concentrated,5,Halifax County Early College High,Halifax County Schools,Halifax County,1.0930581439560296
Edgecombe Early College High,Edgecombe County Public Schools,Edgecombe County,Economic and Crime Concentrated,1,Southwest Edgecombe High,Edgecombe County Public Schools,Edgecombe County,0.3412598884280864
Edgecombe Early College High,Edgecombe County Public Schools,Edgecombe County,Economic and Crime Concentrated,2,Psrc Early College At Rcc,Public Schools Of Robeson County,Robeson County,0.598517975304661
Edgecombe Early College High,Edgecombe County Public Schools,Edgecombe County,Economic and Crime Concentrated,3,Lumberton Senior High,Public Schools Of Robeson County,Robeson County,0.6785820294512209
Edgecombe Early College High,Edgecombe County Public Schools,Edgecombe County,Economic and Crime Concentrated,4,Purnell Swett High,Public Schools Of Robeson County,Robeson County,0.6956448051844678
Edgecombe Early College High,Edgecombe County Public Schools,Edgecombe County,Economic and Crime Concentrated,5,Fairmont High,Public Schools Of Robeson County,Robeson County,1.01064420335481
Elkin High,Elkin City Schools,Surry County,"Moderate Stress, Lower Housing",1,Louisburg Magnet High,Franklin County Schools,Franklin County,0.4140122834351922
Elkin High,Elkin City Schools,Surry County,"Moderate Stress, Lower Housing",2,Mcdowell Academy For Innovation,Mcdowell County Schools,McDowell County,0.5460657029079382
Elkin High,Elkin City Schools,Surry County,"Moderate Stress, Lower Housing",3,Mcdowell Virtual Academy,Mcdowell County Schools,McDowell County,0.5460657029079382
Elkin High,Elkin City Schools,Surry County,"Moderate Stress, Lower Housing",4,Alexander Central High,Alexander County Schools,Alexander County,0.5705872897989676
Elkin High,Elkin City Schools,Surry County,"Moderate Stress, Lower Housing",5,Alexander Early College,Alexander County Schools,Alexander County,0.5705872897989676
Career Center,Winston Salem / Forsyth County Schools,Forsyth County,Education and Health Pressure,1,Carter High School,Winston Salem / Forsyth County Schools,Forsyth County,0.0
Career Center,Winston Salem / Forsyth County Schools,Forsyth County,Education and Health Pressure,2,J F Kennedy High,Winston Salem / Forsyth County Schools,Forsyth County,0.0
Career Center,Winston Salem / Forsyth County Schools,Forsyth County,Education and Health Pressure,3,Winston-Salem Preparatory Acad,Winston Salem / Forsyth County Schools,Forsyth County,0.0
Career Center,Winston Salem / Forsyth County Schools,Forsyth County,Education and Health Pressure,4,Atkins Academic & Tech High,Winston Salem / Forsyth County Schools,Forsyth County,0.0
Career Center,Winston Salem / Forsyth County Schools,Forsyth County,Education and Health Pressure,5,Philip J Weaver Ed Center,Guilford County Schools,Guilford County,0.49395904297450255
Carver High,Winston Salem / Forsyth County Schools,Forsyth County,Multidomain Elevated Stress,1,Main Street Academy,Winston Salem / Forsyth County Schools,Forsyth County,0.8328933928160629
Carver High,Winston Salem / Forsyth County Schools,Forsyth County,Multidomain Elevated Stress,2,Walkertown High,Winston Salem / Forsyth County Schools,Forsyth County,0.8854046530360581
Carver High,Winston Salem / Forsyth County Schools,Forsyth County,Multidomain Elevated Stress,3,Rocky Mount High,Nash County Public Schools,Nash County,0.891703166654573
Carver High,Winston Salem / Forsyth County Schools,Forsyth County,Multidomain Elevated Stress,4,Nash Central High,Nash County Public Schools,Nash County,0.9620486143608337
Carver High,Winston Salem / Forsyth County Schools,Forsyth County,Multidomain Elevated Stress,5,Nrm Early College High School,Nash County Public Schools,Nash County,0.9898695151928829
East Forsyth High,Winston Salem / Forsyth County Schools,Forsyth County,Multidomain Elevated Stress,1,Middle College Of Forsyth Cnty,Winston Salem / Forsyth County Schools,Forsyth County,0.39851354806822487
East Forsyth High,Winston Salem / Forsyth County Schools,Forsyth County,Multidomain Elevated Stress,2,Early College Of Forsyth Co,Winston Salem / Forsyth County Schools,Forsyth County,0.39851354806822487
East Forsyth High,Winston Salem / Forsyth County Schools,Forsyth County,Multidomain Elevated Stress,3,Northeast Guilford High,Guilford County Schools,Guilford County,0.4193716682795466
East Forsyth High,Winston Salem / Forsyth County Schools,Forsyth County,Multidomain Elevated Stress,4,North Forsyth High,Winston Salem / Forsyth County Schools,Forsyth County,0.5730901815963982
East Forsyth High,Winston Salem / Forsyth County Schools,Forsyth County,Multidomain Elevated Stress,5,Innovation Early College High,Pitt County Schools,Pitt County,0.574400007327006
Robert B Glenn High School,Winston Salem / Forsyth County Schools,Forsyth County,Education and Health Pressure,1,Middle College At Gtcc-Greensboro,Guilford County Schools,Guilford County,0.5775761991851913
Robert B Glenn High School,Winston Salem / Forsyth County Schools,Forsyth County,Education and Health Pressure,2,Scale School,Guilford County Schools,Guilford County,0.5775761991851913
Robert B Glenn High School,Winston Salem / Forsyth County Schools,Forsyth County,Education and Health Pressure,3,Bessemer City High,Gaston County Schools,Gaston County,0.6725225125427745
Robert B Glenn High School,Winston Salem / Forsyth County Schools,Forsyth County,Education and Health Pressure,4,Parkland High,Winston Salem / Forsyth County Schools,Forsyth County,0.680343137602751
Robert B Glenn High School,Winston Salem / Forsyth County Schools,Forsyth County,Education and Health Pressure,5,Career Center,Winston Salem / Forsyth County Schools,Forsyth County,0.7707479906090428
Mount Tabor High School,Winston Salem / Forsyth County Schools,Forsyth County,Multidomain Elevated Stress,1,Walter M Williams High,Alamance-Burlington Schools,Alamance County,0.4448834400987701
Mount Tabor High School,Winston Salem / Forsyth County Schools,Forsyth County,Multidomain Elevated Stress,2,Southeast Guilford High,Guilford County Schools,Guilford County,0.4476777480025908
Mount Tabor High School,Winston Salem / Forsyth County Schools,Forsyth County,Multidomain Elevated Stress,3,West Forsyth High,Winston Salem / Forsyth County Schools,Forsyth County,0.7093770677585638
Mount Tabor High School,Winston Salem / Forsyth County Schools,Forsyth County,Multidomain Elevated Stress,4,Southwest Guilford High,Guilford County Schools,Guilford County,0.822023242548394
Mount Tabor High School,Winston Salem / Forsyth County Schools,Forsyth County,Multidomain Elevated Stress,5,Gaston Early College High School,Gaston County Schools,Gaston County,0.8670070178360065
North Forsyth High,Winston Salem / Forsyth County Schools,Forsyth County,Multidomain Elevated Stress,1,Main Street Academy,Winston Salem / Forsyth County Schools,Forsyth County,0.463819163998388
North Forsyth High,Winston Salem / Forsyth County Schools,Forsyth County,Multidomain Elevated Stress,2,Eastern Guilford High,Guilford County Schools,Guilford County,0.49280553420966516
North Forsyth High,Winston Salem / Forsyth County Schools,Forsyth County,Multidomain Elevated Stress,3,Middle College Of Forsyth Cnty,Winston Salem / Forsyth County Schools,Forsyth County,0.49464889636796006
North Forsyth High,Winston Salem / Forsyth County Schools,Forsyth County,Multidomain Elevated Stress,4,Early College Of Forsyth Co,Winston Salem / Forsyth County Schools,Forsyth County,0.49464889636796006
North Forsyth High,Winston Salem / Forsyth County Schools,Forsyth County,Multidomain Elevated Stress,5,Walkertown High,Winston Salem / Forsyth County Schools,Forsyth County,0.5518301591887792
Parkland High,Winston Salem / Forsyth County Schools,Forsyth County,Education and Health Pressure,1,Middle College At Gtcc-Greensboro,Guilford County Schools,Guilford County,0.47575328204849154
Parkland High,Winston Salem / Forsyth County Schools,Forsyth County,Education and Health Pressure,2,Scale School,Guilford County Schools,Guilford County,0.47575328204849154
Parkland High,Winston Salem / Forsyth County Schools,Forsyth County,Education and Health Pressure,3,Southern Guilford High,Guilford County Schools,Guilford County,0.5305417200522738
Parkland High,Winston Salem / Forsyth County Schools,Forsyth County,Education and Health Pressure,4,Hunter Huss High,Gaston County Schools,Gaston County,0.5426147850140585
Parkland High,Winston Salem / Forsyth County Schools,Forsyth County,Education and Health Pressure,5,High Point Central High,Guilford County Schools,Guilford County,0.578479715154443
R J Reynolds High,Winston Salem / Forsyth County Schools,Forsyth County,Multidomain Elevated Stress,1,Middle College Of Forsyth Cnty,Winston Salem / Forsyth County Schools,Forsyth County,0.36320216565892743
R J Reynolds High,Winston Salem / Forsyth County Schools,Forsyth County,Multidomain Elevated Stress,2,Early College Of Forsyth Co,Winston Salem / Forsyth County Schools,Forsyth County,0.36320216565892743
R J Reynolds High,Winston Salem / Forsyth County Schools,Forsyth County,Multidomain Elevated Stress,3,Main Street Academy,Winston Salem / Forsyth County Schools,Forsyth County,0.4620510247426558
R J Reynolds High,Winston Salem / Forsyth County Schools,Forsyth County,Multidomain Elevated Stress,4,North Forsyth High,Winston Salem / Forsyth County Schools,Forsyth County,0.5580869262132293
R J Reynolds High,Winston Salem / Forsyth County Schools,Forsyth County,Multidomain Elevated Stress,5,Eastern Guilford High,Guilford County Schools,Guilford County,0.5643236714152514
Carter High School,Winston Salem / Forsyth County Schools,Forsyth County,Education and Health Pressure,1,Career Center,Winston Salem / Forsyth County Schools,Forsyth County,0.0
Carter High School,Winston Salem / Forsyth County Schools,Forsyth County,Education and Health Pressure,2,J F Kennedy High,Winston Salem / Forsyth County Schools,Forsyth County,0.0
Carter High School,Winston Salem / Forsyth County Schools,Forsyth County,Education and Health Pressure,3,Winston-Salem Preparatory Acad,Winston Salem / Forsyth County Schools,Forsyth County,0.0
Carter High School,Winston Salem / Forsyth County Schools,Forsyth County,Education and Health Pressure,4,Atkins Academic & Tech High,Winston Salem / Forsyth County Schools,Forsyth County,0.0
Carter High School,Winston Salem / Forsyth County Schools,Forsyth County,Education and Health Pressure,5,Philip J Weaver Ed Center,Guilford County Schools,Guilford County,0.49395904297450255
West Forsyth High,Winston Salem / Forsyth County Schools,Forsyth County,Multidomain Elevated Stress,1,Walter M Williams High,Alamance-Burlington Schools,Alamance County,0.45828665738202873
West Forsyth High,Winston Salem / Forsyth County Schools,Forsyth County,Multidomain Elevated Stress,2,South Central,Pitt County Schools,Pitt County,0.6393267263766225
West Forsyth High,Winston Salem / Forsyth County Schools,Forsyth County,Multidomain Elevated Stress,3,Southeast Guilford High,Guilford County Schools,Guilford County,0.6518459652933086
West Forsyth High,Winston Salem / Forsyth County Schools,Forsyth County,Multidomain Elevated Stress,4,Mount Tabor High School,Winston Salem / Forsyth County Schools,Forsyth County,0.7093770677585638
West Forsyth High,Winston Salem / Forsyth County Schools,Forsyth County,Multidomain Elevated Stress,5,Junius H Rose High,Pitt County Schools,Pitt County,0.7320565774897134
J F Kennedy High,Winston Salem / Forsyth County Schools,Forsyth County,Education and Health Pressure,1,Career Center,Winston Salem / Forsyth County Schools,Forsyth County,0.0
J F Kennedy High,Winston Salem / Forsyth County Schools,Forsyth County,Education and Health Pressure,2,Carter High School,Winston Salem / Forsyth County Schools,Forsyth County,0.0
J F Kennedy High,Winston Salem / Forsyth County Schools,Forsyth County,Education and Health Pressure,3,Winston-Salem Preparatory Acad,Winston Salem / Forsyth County Schools,Forsyth County,0.0
J F Kennedy High,Winston Salem / Forsyth County Schools,Forsyth County,Education and Health Pressure,4,Atkins Academic & Tech High,Winston Salem / Forsyth County Schools,Forsyth County,0.0
J F Kennedy High,Winston Salem / Forsyth County Schools,Forsyth County,Education and Health Pressure,5,Philip J Weaver Ed Center,Guilford County Schools,Guilford County,0.49395904297450255
Middle College Of Forsyth Cnty,Winston Salem / Forsyth County Schools,Forsyth County,Multidomain Elevated Stress,1,Early College Of Forsyth Co,Winston Salem / Forsyth County Schools,Forsyth County,0.0
Middle College Of Forsyth Cnty,Winston Salem / Forsyth County Schools,Forsyth County,Multidomain Elevated Stress,2,R J Reynolds High,Winston Salem / Forsyth County Schools,Forsyth County,0.36320216565892743
Middle College Of Forsyth Cnty,Winston Salem / Forsyth County Schools,Forsyth County,Multidomain Elevated Stress,3,East Forsyth High,Winston Salem / Forsyth County Schools,Forsyth County,0.39851354806822487
Middle College Of Forsyth Cnty,Winston Salem / Forsyth County Schools,Forsyth County,Multidomain Elevated Stress,4,North Forsyth High,Winston Salem / Forsyth County Schools,Forsyth County,0.49464889636796006
Middle College Of Forsyth Cnty,Winston Salem / Forsyth County Schools,Forsyth County,Multidomain Elevated Stress,5,Northeast Guilford High,Guilford County Schools,Guilford County,0.5775761991851913
Winston-Salem Preparatory Acad,Winston Salem / Forsyth County Schools,Forsyth County,Education and Health Pressure,1,Career Center,Winston Salem / Forsyth County Schools,Forsyth County,0.0
Winston-Salem Preparatory Acad,Winston Salem / Forsyth County Schools,Forsyth County,Education and Health Pressure,2,Carter High School,Winston Salem / Forsyth County Schools,Forsyth County,0.0
Winston-Salem Preparatory Acad,Winston Salem / Forsyth County Schools,Forsyth County,Education and Health Pressure,3,J F Kennedy High,Winston Salem / Forsyth County Schools,Forsyth County,0.0
Winston-Salem Preparatory Acad,Winston Salem / Forsyth County Schools,Forsyth County,Education and Health Pressure,4,Atkins Academic & Tech High,Winston Salem / Forsyth County Schools,Forsyth County,0.0
Winston-Salem Preparatory Acad,Winston Salem / Forsyth County Schools,Forsyth County,Education and Health Pressure,5,Philip J Weaver Ed Center,Guilford County Schools,Guilford County,0.49395904297450255
Main Street Academy,Winston Salem / Forsyth County Schools,Forsyth County,Multidomain Elevated Stress,1,R J Reynolds High,Winston Salem / Forsyth County Schools,Forsyth County,0.4620510247426558
Main Street Academy,Winston Salem / Forsyth County Schools,Forsyth County,Multidomain Elevated Stress,2,North Forsyth High,Winston Salem / Forsyth County Schools,Forsyth County,0.463819163998388
Main Street Academy,Winston Salem / Forsyth County Schools,Forsyth County,Multidomain Elevated Stress,3,Walkertown High,Winston Salem / Forsyth County Schools,Forsyth County,0.5730901815963985
Main Street Academy,Winston Salem / Forsyth County Schools,Forsyth County,Multidomain Elevated Stress,4,Eastern Guilford High,Guilford County Schools,Guilford County,0.6546482338365932
Main Street Academy,Winston Salem / Forsyth County Schools,Forsyth County,Multidomain Elevated Stress,5,Middle College Of Forsyth Cnty,Winston Salem / Forsyth County Schools,Forsyth County,0.6554542587887764
Ronald W Reagan High School,Winston Salem / Forsyth County Schools,Forsyth County,Housing-Concentrated Stress,1,South Point High,Gaston County Schools,Gaston County,0.5078582209009194
Ronald W Reagan High School,Winston Salem / Forsyth County Schools,Forsyth County,Housing-Concentrated Stress,2,Emsley A Laney High,New Hanover County Schools,New Hanover County,0.5110710712276748
Ronald W Reagan High School,Winston Salem / Forsyth County Schools,Forsyth County,Housing-Concentrated Stress,3,Charlotte Secondary,Charlotte Secondary School,Mecklenburg County,0.548367010595802
Ronald W Reagan High School,Winston Salem / Forsyth County Schools,Forsyth County,Housing-Concentrated Stress,4,Kearns Academy,Guilford County Schools,Guilford County,0.5574755803336832
Ronald W Reagan High School,Winston Salem / Forsyth County Schools,Forsyth County,Housing-Concentrated Stress,5,Wilmington Early College High,New Hanover County Schools,New Hanover County,0.6174235292297435
Early College Of Forsyth Co,Winston Salem / Forsyth County Schools,Forsyth County,Multidomain Elevated Stress,1,Middle College Of Forsyth Cnty,Winston Salem / Forsyth County Schools,Forsyth County,0.0
Early College Of Forsyth Co,Winston Salem / Forsyth County Schools,Forsyth County,Multidomain Elevated Stress,2,R J Reynolds High,Winston Salem / Forsyth County Schools,Forsyth County,0.36320216565892743
Early College Of Forsyth Co,Winston Salem / Forsyth County Schools,Forsyth County,Multidomain Elevated Stress,3,East Forsyth High,Winston Salem / Forsyth County Schools,Forsyth County,0.39851354806822487
Early College Of Forsyth Co,Winston Salem / Forsyth County Schools,Forsyth County,Multidomain Elevated Stress,4,North Forsyth High,Winston Salem / Forsyth County Schools,Forsyth County,0.49464889636796006
Early College Of Forsyth Co,Winston Salem / Forsyth County Schools,Forsyth County,Multidomain Elevated Stress,5,Northeast Guilford High,Guilford County Schools,Guilford County,0.5775761991851913
Atkins Academic & Tech High,Winston Salem / Forsyth County Schools,Forsyth County,Education and Health Pressure,1,Career Center,Winston Salem / Forsyth County Schools,Forsyth County,0.0
Atkins Academic & Tech High,Winston Salem / Forsyth County Schools,Forsyth County,Education and Health Pressure,2,Carter High School,Winston Salem / Forsyth County Schools,Forsyth County,0.0
Atkins Academic & Tech High,Winston Salem / Forsyth County Schools,Forsyth County,Education and Health Pressure,3,J F Kennedy High,Winston Salem / Forsyth County Schools,Forsyth County,0.0
Atkins Academic & Tech High,Winston Salem / Forsyth County Schools,Forsyth County,Education and Health Pressure,4,Winston-Salem Preparatory Acad,Winston Salem / Forsyth County Schools,Forsyth County,0.0
Atkins Academic & Tech High,Winston Salem / Forsyth County Schools,Forsyth County,Education and Health Pressure,5,Philip J Weaver Ed Center,Guilford County Schools,Guilford County,0.49395904297450255
Walkertown High,Winston Salem / Forsyth County Schools,Forsyth County,Multidomain Elevated Stress,1,North Forsyth High,Winston Salem / Forsyth County Schools,Forsyth County,0.551830159188779
Walkertown High,Winston Salem / Forsyth County Schools,Forsyth County,Multidomain Elevated Stress,2,Main Street Academy,Winston Salem / Forsyth County Schools,Forsyth County,0.5730901815963985
Walkertown High,Winston Salem / Forsyth County Schools,Forsyth County,Multidomain Elevated Stress,3,Northside High,Beaufort County Schools,Beaufort County,0.6163401184065397
Walkertown High,Winston Salem / Forsyth County Schools,Forsyth County,Multidomain Elevated Stress,4,Pcs Early College High School,Pitt County Schools,Pitt County,0.6478878087102605
Walkertown High,Winston Salem / Forsyth County Schools,Forsyth County,Multidomain Elevated Stress,5,Middle College Of Forsyth Cnty,Winston Salem / Forsyth County Schools,Forsyth County,0.82979202325773
Bunn High,Franklin County Schools,Franklin County,"Moderate Stress, Lower Housing",1,East Wilkes High School,Wilkes County Schools,Wilkes County,0.49101488013697714
Bunn High,Franklin County Schools,Franklin County,"Moderate Stress, Lower Housing",2,Providence Grove High School,Randolph County School System,Randolph County,0.7504432371415654
Bunn High,Franklin County Schools,Franklin County,"Moderate Stress, Lower Housing",3,Asheboro High,Asheboro City Schools,Randolph County,0.7522371481629379
Bunn High,Franklin County Schools,Franklin County,"Moderate Stress, Lower Housing",4,Southwestern Randolph High School,Randolph County School System,Randolph County,0.7624422789731029
Bunn High,Franklin County Schools,Franklin County,"Moderate Stress, Lower Housing",5,Statesville High,Iredell-Statesville Schools,Iredell County,0.7884246400285156
Louisburg Magnet High,Franklin County Schools,Franklin County,"Moderate Stress, Lower Housing",1,Elkin High,Elkin City Schools,Surry County,0.4140122834351922
Louisburg Magnet High,Franklin County Schools,Franklin County,"Moderate Stress, Lower Housing",2,Roxboro Community School,Roxboro Community School,Person County,0.5624419334353797
Louisburg Magnet High,Franklin County Schools,Franklin County,"Moderate Stress, Lower Housing",3,Person High,Person County Schools,Person County,0.5624419334353797
Louisburg Magnet High,Franklin County Schools,Franklin County,"Moderate Stress, Lower Housing",4,Person Early College Innovation & Ldrshp,Person County Schools,Person County,0.5624419334353797
Louisburg Magnet High,Franklin County Schools,Franklin County,"Moderate Stress, Lower Housing",5,Franklin County Early College,Franklin County Schools,Franklin County,0.5808125692164893
Franklinton High,Franklin County Schools,Franklin County,"Moderate Stress, Lower Housing",1,Davie County High,Davie County Schools,Davie County,0.5490902863976581
Franklinton High,Franklin County Schools,Franklin County,"Moderate Stress, Lower Housing",2,Davie County Early College High,Davie County Schools,Davie County,0.5490902863976581
Franklinton High,Franklin County Schools,Franklin County,"Moderate Stress, Lower Housing",3,Franklin County Early College,Franklin County Schools,Franklin County,0.8485876921881794
Franklinton High,Franklin County Schools,Franklin County,"Moderate Stress, Lower Housing",4,Eastern Alamance High,Alamance-Burlington Schools,Alamance County,0.876837936013683
Franklinton High,Franklin County Schools,Franklin County,"Moderate Stress, Lower Housing",5,Richlands High,Onslow County Schools,Onslow County,0.921363937487218
Franklin County Early College,Franklin County Schools,Franklin County,"Moderate Stress, Lower Housing",1,Cherryville High,Gaston County Schools,Gaston County,0.4358101479655795
Franklin County Early College,Franklin County Schools,Franklin County,"Moderate Stress, Lower Housing",2,Eastern Alamance High,Alamance-Burlington Schools,Alamance County,0.5531882921909381
Franklin County Early College,Franklin County Schools,Franklin County,"Moderate Stress, Lower Housing",3,Louisburg Magnet High,Franklin County Schools,Franklin County,0.5808125692164893
Franklin County Early College,Franklin County Schools,Franklin County,"Moderate Stress, Lower Housing",4,East Rowan High,Rowan-Salisbury Schools,Rowan County,0.6982892843759796
Franklin County Early College,Franklin County Schools,Franklin County,"Moderate Stress, Lower Housing",5,Elkin High,Elkin City Schools,Surry County,0.7894525877513067
Ashbrook High,Gaston County Schools,Gaston County,Multidomain Elevated Stress,1,Forestview High,Gaston County Schools,Gaston County,0.5858841559329246
Ashbrook High,Gaston County Schools,Gaston County,Multidomain Elevated Stress,2,Gaston Early College High School,Gaston County Schools,Gaston County,0.5858841559329246
Ashbrook High,Gaston County Schools,Gaston County,Multidomain Elevated Stress,3,North Gaston High,Gaston County Schools,Gaston County,0.6289173374834166
Ashbrook High,Gaston County Schools,Gaston County,Multidomain Elevated Stress,4,West Wilkes High School,Wilkes County Schools,Wilkes County,0.6311353014782493
Ashbrook High,Gaston County Schools,Gaston County,Multidomain Elevated Stress,5,Abss Early College At Acc,Alamance-Burlington Schools,Alamance County,0.7208958911453789
Bessemer City High,Gaston County Schools,Gaston County,Education and Health Pressure,1,Parkland High,Winston Salem / Forsyth County Schools,Forsyth County,0.6311353014782491
Bessemer City High,Gaston County Schools,Gaston County,Education and Health Pressure,2,Robert B Glenn High School,Winston Salem / Forsyth County Schools,Forsyth County,0.6725225125427745
Bessemer City High,Gaston County Schools,Gaston County,Education and Health Pressure,3,Hunter Huss High,Gaston County Schools,Gaston County,0.7042075073367514
Bessemer City High,Gaston County Schools,Gaston County,Education and Health Pressure,4,Middle College At Gtcc-Greensboro,Guilford County Schools,Guilford County,0.7989662478726545
Bessemer City High,Gaston County Schools,Gaston County,Education and Health Pressure,5,Scale School,Guilford County Schools,Guilford County,0.7989662478726545
Cherryville High,Gaston County Schools,Gaston County,"Moderate Stress, Lower Housing",1,South Caldwell High,Caldwell County Schools,Caldwell County,0.42853467952291174
Cherryville High,Gaston County Schools,Gaston County,"Moderate Stress, Lower Housing",2,Franklin County Early College,Franklin County Schools,Franklin County,0.4358101479655795
Cherryville High,Gaston County Schools,Gaston County,"Moderate Stress, Lower Housing",3,Eastern Alamance High,Alamance-Burlington Schools,Alamance County,0.4885828515306149
Cherryville High,Gaston County Schools,Gaston County,"Moderate Stress, Lower Housing",4,West Iredell High,Iredell-Statesville Schools,Iredell County,0.5251848542432918
Cherryville High,Gaston County Schools,Gaston County,"Moderate Stress, Lower Housing",5,Southwestern Randolph High School,Randolph County School System,Randolph County,0.542931260569641
East Gaston High,Gaston County Schools,Gaston County,Housing-Concentrated Stress,1,West Carteret High,Carteret County Public Schools,Carteret County,0.5513359257221199
East Gaston High,Gaston County Schools,Gaston County,Housing-Concentrated Stress,2,Stuart W Cramer High,Gaston County Schools,Gaston County,0.6208305218533825
East Gaston High,Gaston County Schools,Gaston County,Housing-Concentrated Stress,3,Levine Middle College High Sch,Charlotte-Mecklenburg Schools,Mecklenburg County,0.6732950963783587
East Gaston High,Gaston County Schools,Gaston County,Housing-Concentrated Stress,4,Performance Learning Center,Charlotte-Mecklenburg Schools,Mecklenburg County,0.6732950963783587
East Gaston High,Gaston County Schools,Gaston County,Housing-Concentrated Stress,5,Cato Middle College High School,Charlotte-Mecklenburg Schools,Mecklenburg County,0.6732950963783587
Hunter Huss High,Gaston County Schools,Gaston County,Education and Health Pressure,1,Parkland High,Winston Salem / Forsyth County Schools,Forsyth County,0.5426147850140585
Hunter Huss High,Gaston County Schools,Gaston County,Education and Health Pressure,2,Southern Guilford High,Guilford County Schools,Guilford County,0.5730852583501166
Hunter Huss High,Gaston County Schools,Gaston County,Education and Health Pressure,3,High Point Central High,Guilford County Schools,Guilford County,0.5766328447679314
Hunter Huss High,Gaston County Schools,Gaston County,Education and Health Pressure,4,Bessemer City High,Gaston County Schools,Gaston County,0.7042075073367514
Hunter Huss High,Gaston County Schools,Gaston County,Education and Health Pressure,5,Hugh M Cummings High,Alamance-Burlington Schools,Alamance County,0.7237980589295728
North Gaston High,Gaston County Schools,Gaston County,Multidomain Elevated Stress,1,Ashbrook High,Gaston County Schools,Gaston County,0.6289173374834166
North Gaston High,Gaston County Schools,Gaston County,Multidomain Elevated Stress,2,Trinity High School,Randolph County School System,Randolph County,0.7182318353963983
North Gaston High,Gaston County Schools,Gaston County,Multidomain Elevated Stress,3,Lucy Ragsdale High,Guilford County Schools,Guilford County,0.8220496833150613
North Gaston High,Gaston County Schools,Gaston County,Multidomain Elevated Stress,4,Southern School Of Energy And Sustainabi,Durham Public Schools,Durham County,0.8988640480861236
North Gaston High,Gaston County Schools,Gaston County,Multidomain Elevated Stress,5,South Rowan High,Rowan-Salisbury Schools,Rowan County,0.8993741371330733
South Point High,Gaston County Schools,Gaston County,Housing-Concentrated Stress,1,Ronald W Reagan High School,Winston Salem / Forsyth County Schools,Forsyth County,0.5078582209009191
South Point High,Gaston County Schools,Gaston County,Housing-Concentrated Stress,2,Emsley A Laney High,New Hanover County Schools,New Hanover County,0.5256211832885606
South Point High,Gaston County Schools,Gaston County,Housing-Concentrated Stress,3,Jacksonville High,Onslow County Schools,Onslow County,0.5380531362694257
South Point High,Gaston County Schools,Gaston County,Housing-Concentrated Stress,4,North Mecklenburg High School,Charlotte-Mecklenburg Schools,Mecklenburg County,0.6286619463386361
South Point High,Gaston County Schools,Gaston County,Housing-Concentrated Stress,5,Mallard Creek High School,Charlotte-Mecklenburg Schools,Mecklenburg County,0.6749172792881167
Warlick Academy,Gaston County Schools,Gaston County,Housing-Concentrated Stress,1,Onslow Early College,Onslow County Schools,Onslow County,0.6564842581228674
Warlick Academy,Gaston County Schools,Gaston County,Housing-Concentrated Stress,2,White Oak High,Onslow County Schools,Onslow County,0.8998346699486433
Warlick Academy,Gaston County Schools,Gaston County,Housing-Concentrated Stress,3,Char Eng Early College-Uncc,Charlotte-Mecklenburg Schools,Mecklenburg County,0.9792793567084707
Warlick Academy,Gaston County Schools,Gaston County,Housing-Concentrated Stress,4,Charlotte Teacher Early College,Charlotte-Mecklenburg Schools,Mecklenburg County,0.9792793567084707
Warlick Academy,Gaston County Schools,Gaston County,Housing-Concentrated Stress,5,Tuscola High,Haywood County Schools,Haywood County,0.9848815703562754
Forestview High,Gaston County Schools,Gaston County,Multidomain Elevated Stress,1,Gaston Early College High School,Gaston County Schools,Gaston County,0.0
Forestview High,Gaston County Schools,Gaston County,Multidomain Elevated Stress,2,Ashbrook High,Gaston County Schools,Gaston County,0.5858841559329246
Forestview High,Gaston County Schools,Gaston County,Multidomain Elevated Stress,3,West Wilkes High School,Wilkes County Schools,Wilkes County,0.668639494893966
Forestview High,Gaston County Schools,Gaston County,Multidomain Elevated Stress,4,Southwest Guilford High,Guilford County Schools,Guilford County,0.6870806893084347
Forestview High,Gaston County Schools,Gaston County,Multidomain Elevated Stress,5,R J Reynolds High,Winston Salem / Forsyth County Schools,Forsyth County,0.724037919483087
Highland Sch Of Technology,Gaston County Schools,Gaston County,Education and Health Pressure,1,Hunter Huss High,Gaston County Schools,Gaston County,0.909009797345994
Highland Sch Of Technology,Gaston County Schools,Gaston County,Education and Health Pressure,2,Southern Guilford High,Guilford County Schools,Guilford County,1.0605697399539877
Highland Sch Of Technology,Gaston County Schools,Gaston County,Education and Health Pressure,3,Bessemer City High,Gaston County Schools,Gaston County,1.0681603218944238
Highland Sch Of Technology,Gaston County Schools,Gaston County,Education and Health Pressure,4,High Point Central High,Guilford County Schools,Guilford County,1.1547235623713985
Highland Sch Of Technology,Gaston County Schools,Gaston County,Education and Health Pressure,5,Parkland High,Winston Salem / Forsyth County Schools,Forsyth County,1.1844314999974284
Gaston Early College High School,Gaston County Schools,Gaston County,Multidomain Elevated Stress,1,Forestview High,Gaston County Schools,Gaston County,0.0
Gaston Early College High School,Gaston County Schools,Gaston County,Multidomain Elevated Stress,2,Ashbrook High,Gaston County Schools,Gaston County,0.5858841559329246
Gaston Early College High School,Gaston County Schools,Gaston County,Multidomain Elevated Stress,3,West Wilkes High School,Wilkes County Schools,Wilkes County,0.668639494893966
Gaston Early College High School,Gaston County Schools,Gaston County,Multidomain Elevated Stress,4,Southwest Guilford High,Guilford County Schools,Guilford County,0.6870806893084347
Gaston Early College High School,Gaston County Schools,Gaston County,Multidomain Elevated Stress,5,R J Reynolds High,Winston Salem / Forsyth County Schools,Forsyth County,0.724037919483087
Stuart W Cramer High,Gaston County Schools,Gaston County,Housing-Concentrated Stress,1,Mallard Creek High School,Charlotte-Mecklenburg Schools,Mecklenburg County,0.40789853092668293
Stuart W Cramer High,Gaston County Schools,Gaston County,Housing-Concentrated Stress,2,North Mecklenburg High School,Charlotte-Mecklenburg Schools,Mecklenburg County,0.46998396686473626
Stuart W Cramer High,Gaston County Schools,Gaston County,Housing-Concentrated Stress,3,Northside High,Onslow County Schools,Onslow County,0.5768886387845804
Stuart W Cramer High,Gaston County Schools,Gaston County,Housing-Concentrated Stress,4,White Oak High,Onslow County Schools,Onslow County,0.5981626044180022
Stuart W Cramer High,Gaston County Schools,Gaston County,Housing-Concentrated Stress,5,East Gaston High,Gaston County Schools,Gaston County,0.6208305218533825
Gaston Early College Of Medical Sciences,Gaston County Schools,Gaston County,Housing-Concentrated Stress,1,Charlotte Teacher Early College,Charlotte-Mecklenburg Schools,Mecklenburg County,0.7919980918899968
Gaston Early College Of Medical Sciences,Gaston County Schools,Gaston County,Housing-Concentrated Stress,2,Char Eng Early College-Uncc,Charlotte-Mecklenburg Schools,Mecklenburg County,0.7919980918899968
Gaston Early College Of Medical Sciences,Gaston County Schools,Gaston County,Housing-Concentrated Stress,3,Harnett County Early College,Harnett County Schools,Harnett County,0.8192886214603123
Gaston Early College Of Medical Sciences,Gaston County Schools,Gaston County,Housing-Concentrated Stress,4,Onslow Early College,Onslow County Schools,Onslow County,0.8204530649629462
Gaston Early College Of Medical Sciences,Gaston County Schools,Gaston County,Housing-Concentrated Stress,5,A L Brown High,Kannapolis City Schools,Cabarrus County,0.8294063343902571
Gates County Senior High,Gates County Schools,Gates County,"Moderate Stress, Lower Housing",1,Bunker Hill High,Catawba County Schools,Catawba County,0.643512132591251
Gates County Senior High,Gates County Schools,Gates County,"Moderate Stress, Lower Housing",2,Saint Stephens High,Catawba County Schools,Catawba County,0.658744997792835
Gates County Senior High,Gates County Schools,Gates County,"Moderate Stress, Lower Housing",3,Surry Central High,Surry County Schools,Surry County,0.681873363864975
Gates County Senior High,Gates County Schools,Gates County,"Moderate Stress, Lower Housing",4,North Moore High,Moore County Schools,Moore County,0.766893882906156
Gates County Senior High,Gates County Schools,Gates County,"Moderate Stress, Lower Housing",5,Mount Airy High,Mount Airy City Schools,Surry County,0.8006710971533255
Robbinsville High,Graham County Schools,Graham County,Housing-Concentrated Stress,1,Johnston Co Early College Academy,Johnston County Public Schools,Johnston County,0.5116257127530903
Robbinsville High,Graham County Schools,Graham County,Housing-Concentrated Stress,2,Jay M Robinson High,Cabarrus County Schools,Cabarrus County,0.6735540472710663
Robbinsville High,Graham County Schools,Graham County,Housing-Concentrated Stress,3,Henderson County Early College,Henderson County Schools,Henderson County,0.6922054972581804
Robbinsville High,Graham County Schools,Graham County,Housing-Concentrated Stress,4,East Wake High,Wake County Schools,Wake County,0.7470948735723653
Robbinsville High,Graham County Schools,Graham County,Housing-Concentrated Stress,5,Performance Learning Center,Cabarrus County Schools,Cabarrus County,0.7510541306593359
J. F. Webb High,Granville County Schools,Granville County,"Moderate Stress, Lower Housing",1,Alexander Central High,Alexander County Schools,Alexander County,0.4374129603074868
J. F. Webb High,Granville County Schools,Granville County,"Moderate Stress, Lower Housing",2,Alexander Early College,Alexander County Schools,Alexander County,0.4374129603074868
J. F. Webb High,Granville County Schools,Granville County,"Moderate Stress, Lower Housing",3,Polk County High School,Polk County Schools,Polk County,0.5960681905911157
J. F. Webb High,Granville County Schools,Granville County,"Moderate Stress, Lower Housing",4,Polk County Early College,Polk County Schools,Polk County,0.5960681905911157
J. F. Webb High,Granville County Schools,Granville County,"Moderate Stress, Lower Housing",5,Perquimans County High,Perquimans County Schools,Perquimans County,0.7088886257953305
Granville Central High,Granville County Schools,Granville County,"Moderate Stress, Lower Housing",1,Fred T Foard High,Catawba County Schools,Catawba County,0.8545945752932085
Granville Central High,Granville County Schools,Granville County,"Moderate Stress, Lower Housing",2,Hickory Career  Arts Magnet High School,Hickory City Schools,Catawba County,0.999669194953074
Granville Central High,Granville County Schools,Granville County,"Moderate Stress, Lower Housing",3,Alexander Central High,Alexander County Schools,Alexander County,1.005797861559297
Granville Central High,Granville County Schools,Granville County,"Moderate Stress, Lower Housing",4,Alexander Early College,Alexander County Schools,Alexander County,1.005797861559297
Granville Central High,Granville County Schools,Granville County,"Moderate Stress, Lower Housing",5,J. F. Webb High,Granville County Schools,Granville County,1.0267946443454357
Granville Early College High,Granville County Schools,Granville County,"Moderate Stress, Lower Housing",1,South Granville High,Granville County Schools,Granville County,0.0
Granville Early College High,Granville County Schools,Granville County,"Moderate Stress, Lower Housing",2,Reidsville High,Rockingham County Schools,Rockingham County,0.8297920232577302
Granville Early College High,Granville County Schools,Granville County,"Moderate Stress, Lower Housing",3,Alexander Central High,Alexander County Schools,Alexander County,0.8650602919347918
Granville Early College High,Granville County Schools,Granville County,"Moderate Stress, Lower Housing",4,Alexander Early College,Alexander County Schools,Alexander County,0.8650602919347918
Granville Early College High,Granville County Schools,Granville County,"Moderate Stress, Lower Housing",5,Mcdowell Virtual Academy,Mcdowell County Schools,McDowell County,0.8915506580478525
South Granville High,Granville County Schools,Granville County,"Moderate Stress, Lower Housing",1,Granville Early College High,Granville County Schools,Granville County,0.0
South Granville High,Granville County Schools,Granville County,"Moderate Stress, Lower Housing",2,Reidsville High,Rockingham County Schools,Rockingham County,0.8297920232577302
South Granville High,Granville County Schools,Granville County,"Moderate Stress, Lower Housing",3,Alexander Central High,Alexander County Schools,Alexander County,0.8650602919347918
South Granville High,Granville County Schools,Granville County,"Moderate Stress, Lower Housing",4,Alexander Early College,Alexander County Schools,Alexander County,0.8650602919347918
South Granville High,Granville County Schools,Granville County,"Moderate Stress, Lower Housing",5,Mcdowell Virtual Academy,Mcdowell County Schools,McDowell County,0.8915506580478525
Greene Central High,Greene County Schools,Greene County,Multidomain Elevated Stress,1,Greene Early College High,Greene County Schools,Greene County,0.0
Greene Central High,Greene County Schools,Greene County,Multidomain Elevated Stress,2,West Craven High,Craven County Schools,Craven County,0.814551085396645
Greene Central High,Greene County Schools,Greene County,Multidomain Elevated Stress,3,Northern Nash High,Nash County Public Schools,Nash County,0.9122284869486867
Greene Central High,Greene County Schools,Greene County,Multidomain Elevated Stress,4,Hoke County High,Hoke County Schools,Hoke County,1.3783865595405929
Greene Central High,Greene County Schools,Greene County,Multidomain Elevated Stress,5,Sandhoke Early College High,Hoke County Schools,Hoke County,1.3783865595405929
Greene Early College High,Greene County Schools,Greene County,Multidomain Elevated Stress,1,Greene Central High,Greene County Schools,Greene County,0.0
Greene Early College High,Greene County Schools,Greene County,Multidomain Elevated Stress,2,West Craven High,Craven County Schools,Craven County,0.814551085396645
Greene Early College High,Greene County Schools,Greene County,Multidomain Elevated Stress,3,Northern Nash High,Nash County Public Schools,Nash County,0.9122284869486867
Greene Early College High,Greene County Schools,Greene County,Multidomain Elevated Stress,4,Hoke County High,Hoke County Schools,Hoke County,1.3783865595405929
Greene Early College High,Greene County Schools,Greene County,Multidomain Elevated Stress,5,Sandhoke Early College High,Hoke County Schools,Hoke County,1.3783865595405929
James B Dudley High,Guilford County Schools,Guilford County,Education and Health Pressure,1,Middle College At Gtcc-Greensboro,Guilford County Schools,Guilford County,0.5304836261247294
James B Dudley High,Guilford County Schools,Guilford County,Education and Health Pressure,2,Scale School,Guilford County Schools,Guilford County,0.5304836261247294
James B Dudley High,Guilford County Schools,Guilford County,Education and Health Pressure,3,Atkins Academic & Tech High,Winston Salem / Forsyth County Schools,Forsyth County,0.6651844265153213
James B Dudley High,Guilford County Schools,Guilford County,Education and Health Pressure,4,Winston-Salem Preparatory Acad,Winston Salem / Forsyth County Schools,Forsyth County,0.6651844265153213
James B Dudley High,Guilford County Schools,Guilford County,Education and Health Pressure,5,J F Kennedy High,Winston Salem / Forsyth County Schools,Forsyth County,0.6651844265153213
Grimsley High,Guilford County Schools,Guilford County,"Moderate Stress, Lower Housing",1,North Rowan High,Rowan-Salisbury Schools,Rowan County,0.891403793150538
Grimsley High,Guilford County Schools,Guilford County,"Moderate Stress, Lower Housing",2,Henderson High,Rowan-Salisbury Schools,Rowan County,1.1305091436303052
Grimsley High,Guilford County Schools,Guilford County,"Moderate Stress, Lower Housing",3,East Rowan High,Rowan-Salisbury Schools,Rowan County,1.1797225704613474
Grimsley High,Guilford County Schools,Guilford County,"Moderate Stress, Lower Housing",4,West Stanly High,Stanly County Schools,Stanly County,1.2070180121546827
Grimsley High,Guilford County Schools,Guilford County,"Moderate Stress, Lower Housing",5,Albemarle High,Stanly County Schools,Stanly County,1.2369434867900764
Page High,Guilford County Schools,Guilford County,Multidomain Elevated Stress,1,Gtcc Middle College High,Guilford County Schools,Guilford County,0.7780834676055596
Page High,Guilford County Schools,Guilford County,Multidomain Elevated Stress,2,Gc Middle College High,Guilford County Schools,Guilford County,0.7780834676055596
Page High,Guilford County Schools,Guilford County,Multidomain Elevated Stress,3,Uncg Early/Middle College,Guilford County Schools,Guilford County,0.7780834676055596
Page High,Guilford County Schools,Guilford County,Multidomain Elevated Stress,4,Early College At Guilford,Guilford County Schools,Guilford County,0.7780834676055596
Page High,Guilford County Schools,Guilford County,Multidomain Elevated Stress,5,Academy At Smith,Guilford County Schools,Guilford County,0.7780834676055596
Ben L. Smith High School,Guilford County Schools,Guilford County,Education and Health Pressure,1,Philip J Weaver Ed Center,Guilford County Schools,Guilford County,0.48814745453717656
Ben L. Smith High School,Guilford County Schools,Guilford County,Education and Health Pressure,2,Wilson Academy Of Applied Technology,Wilson County Schools,Wilson County,0.5771253491140039
Ben L. Smith High School,Guilford County Schools,Guilford County,Education and Health Pressure,3,James Hunt High,Wilson County Schools,Wilson County,0.7357400806924941
Ben L. Smith High School,Guilford County Schools,Guilford County,Education and Health Pressure,4,Fike High,Wilson County Schools,Wilson County,0.7690235689736172
Ben L. Smith High School,Guilford County Schools,Guilford County,Education and Health Pressure,5,Southern Nash High,Nash County Public Schools,Nash County,0.7757142097412963
Philip J Weaver Ed Center,Guilford County Schools,Guilford County,Education and Health Pressure,1,Ben L. Smith High School,Guilford County Schools,Guilford County,0.48814745453717656
Philip J Weaver Ed Center,Guilford County Schools,Guilford County,Education and Health Pressure,2,Atkins Academic & Tech High,Winston Salem / Forsyth County Schools,Forsyth County,0.49395904297450255
Philip J Weaver Ed Center,Guilford County Schools,Guilford County,Education and Health Pressure,3,Winston-Salem Preparatory Acad,Winston Salem / Forsyth County Schools,Forsyth County,0.49395904297450255
Philip J Weaver Ed Center,Guilford County Schools,Guilford County,Education and Health Pressure,4,J F Kennedy High,Winston Salem / Forsyth County Schools,Forsyth County,0.49395904297450255
Philip J Weaver Ed Center,Guilford County Schools,Guilford County,Education and Health Pressure,5,Carter High School,Winston Salem / Forsyth County Schools,Forsyth County,0.49395904297450255
Eastern Guilford High,Guilford County Schools,Guilford County,Multidomain Elevated Stress,1,Northeast Guilford High,Guilford County Schools,Guilford County,0.463819163998388
Eastern Guilford High,Guilford County Schools,Guilford County,Multidomain Elevated Stress,2,North Forsyth High,Winston Salem / Forsyth County Schools,Forsyth County,0.49280553420966516
Eastern Guilford High,Guilford County Schools,Guilford County,Multidomain Elevated Stress,3,Nash Central High,Nash County Public Schools,Nash County,0.5574086876670181
Eastern Guilford High,Guilford County Schools,Guilford County,Multidomain Elevated Stress,4,R J Reynolds High,Winston Salem / Forsyth County Schools,Forsyth County,0.5643236714152514
Eastern Guilford High,Guilford County Schools,Guilford County,Multidomain Elevated Stress,5,East Forsyth High,Winston Salem / Forsyth County Schools,Forsyth County,0.5820600243544682
Lucy Ragsdale High,Guilford County Schools,Guilford County,Multidomain Elevated Stress,1,Southern School Of Energy And Sustainabi,Durham Public Schools,Durham County,0.47871986039204056
Lucy Ragsdale High,Guilford County Schools,Guilford County,Multidomain Elevated Stress,2,West Wilkes High School,Wilkes County Schools,Wilkes County,0.4928055342096653
Lucy Ragsdale High,Guilford County Schools,Guilford County,Multidomain Elevated Stress,3,T Wingate Andrews High,Guilford County Schools,Guilford County,0.6946821846236376
Lucy Ragsdale High,Guilford County Schools,Guilford County,Multidomain Elevated Stress,4,R J Reynolds High,Winston Salem / Forsyth County Schools,Forsyth County,0.7232387172113858
Lucy Ragsdale High,Guilford County Schools,Guilford County,Multidomain Elevated Stress,5,Southwest Guilford High,Guilford County Schools,Guilford County,0.7630558053524851
Northeast Guilford High,Guilford County Schools,Guilford County,Multidomain Elevated Stress,1,East Forsyth High,Winston Salem / Forsyth County Schools,Forsyth County,0.4193716682795466
Northeast Guilford High,Guilford County Schools,Guilford County,Multidomain Elevated Stress,2,Eastern Guilford High,Guilford County Schools,Guilford County,0.463819163998388
Northeast Guilford High,Guilford County Schools,Guilford County,Multidomain Elevated Stress,3,Tar River Academy,Nash County Public Schools,Nash County,0.5448706367787712
Northeast Guilford High,Guilford County Schools,Guilford County,Multidomain Elevated Stress,4,Citi High School,Nash County Public Schools,Nash County,0.5448706367787712
Northeast Guilford High,Guilford County Schools,Guilford County,Multidomain Elevated Stress,5,North Forsyth High,Winston Salem / Forsyth County Schools,Forsyth County,0.5747984259381413
Northwest Guilford High,Guilford County Schools,Guilford County,Housing-Concentrated Stress,1,Bethany Community School,Bethany Community School,Rockingham County,0.4015992507727959
Northwest Guilford High,Guilford County Schools,Guilford County,Housing-Concentrated Stress,2,C Joyner Greene Education Center,Guilford County Schools,Guilford County,0.6174235292297439
Northwest Guilford High,Guilford County Schools,Guilford County,Housing-Concentrated Stress,3,Ronald W Reagan High School,Winston Salem / Forsyth County Schools,Forsyth County,0.7451996364029339
Northwest Guilford High,Guilford County Schools,Guilford County,Housing-Concentrated Stress,4,J. C. Roe Center,New Hanover County Schools,New Hanover County,0.7473337866488535
Northwest Guilford High,Guilford County Schools,Guilford County,Housing-Concentrated Stress,5,Western Guilford High,Guilford County Schools,Guilford County,0.7713213912580181
Southeast Guilford High,Guilford County Schools,Guilford County,Multidomain Elevated Stress,1,Mount Tabor High School,Winston Salem / Forsyth County Schools,Forsyth County,0.4476777480025908
Southeast Guilford High,Guilford County Schools,Guilford County,Multidomain Elevated Stress,2,Walter M Williams High,Alamance-Burlington Schools,Alamance County,0.608546754015717
Southeast Guilford High,Guilford County Schools,Guilford County,Multidomain Elevated Stress,3,West Forsyth High,Winston Salem / Forsyth County Schools,Forsyth County,0.6518459652933086
Southeast Guilford High,Guilford County Schools,Guilford County,Multidomain Elevated Stress,4,Northeast Guilford High,Guilford County Schools,Guilford County,0.7436472307177796
Southeast Guilford High,Guilford County Schools,Guilford County,Multidomain Elevated Stress,5,Southwest Guilford High,Guilford County Schools,Guilford County,0.8027768247232475
Southern Guilford High,Guilford County Schools,Guilford County,Education and Health Pressure,1,High Point Central High,Guilford County Schools,Guilford County,0.18461654307541206
Southern Guilford High,Guilford County Schools,Guilford County,Education and Health Pressure,2,Parkland High,Winston Salem / Forsyth County Schools,Forsyth County,0.5305417200522738
Southern Guilford High,Guilford County Schools,Guilford County,Education and Health Pressure,3,Hunter Huss High,Gaston County Schools,Gaston County,0.5730852583501166
Southern Guilford High,Guilford County Schools,Guilford County,Education and Health Pressure,4,Pruette Scale Academy,Guilford County Schools,Guilford County,0.6416210180479841
Southern Guilford High,Guilford County Schools,Guilford County,Education and Health Pressure,5,Middle College At Gtcc-Greensboro,Guilford County Schools,Guilford County,0.6427318073633685
Western Guilford High,Guilford County Schools,Guilford County,Housing-Concentrated Stress,1,Hillside High,Durham Public Schools,Durham County,0.4681168452640324
Western Guilford High,Guilford County Schools,Guilford County,Housing-Concentrated Stress,2,New Hanover High,New Hanover County Schools,New Hanover County,0.6344765629760237
Western Guilford High,Guilford County Schools,Guilford County,Housing-Concentrated Stress,3,Kearns Academy,Guilford County Schools,Guilford County,0.7707479906090431
Western Guilford High,Guilford County Schools,Guilford County,Housing-Concentrated Stress,4,Northwest Guilford High,Guilford County Schools,Guilford County,0.7713213912580181
Western Guilford High,Guilford County Schools,Guilford County,Housing-Concentrated Stress,5,C Joyner Greene Education Center,Guilford County Schools,Guilford County,0.8426459987935057
Penn-Griffin Schools,Guilford County Schools,Guilford County,Education and Health Pressure,1,North Duplin Jr Sr High,Duplin County Schools,Duplin County,1.2432306297654951
Penn-Griffin Schools,Guilford County Schools,Guilford County,Education and Health Pressure,2,Highland Sch Of Technology,Gaston County Schools,Gaston County,1.2746939435942655
Penn-Griffin Schools,Guilford County Schools,Guilford County,Education and Health Pressure,3,Hawthorne Academy Of Health Sciences,Charlotte-Mecklenburg Schools,Mecklenburg County,1.3626125721328253
Penn-Griffin Schools,Guilford County Schools,Guilford County,Education and Health Pressure,4,Commonwealth High,Commonwealth High School,Mecklenburg County,1.3626125721328253
Penn-Griffin Schools,Guilford County Schools,Guilford County,Education and Health Pressure,5,Military And Global Leadership,Charlotte-Mecklenburg Schools,Mecklenburg County,1.3626125721328253
High Point Central High,Guilford County Schools,Guilford County,Education and Health Pressure,1,Southern Guilford High,Guilford County Schools,Guilford County,0.18461654307541206
High Point Central High,Guilford County Schools,Guilford County,Education and Health Pressure,2,Pruette Scale Academy,Guilford County Schools,Guilford County,0.5562622824438033
High Point Central High,Guilford County Schools,Guilford County,Education and Health Pressure,3,Hunter Huss High,Gaston County Schools,Gaston County,0.5766328447679314
High Point Central High,Guilford County Schools,Guilford County,Education and Health Pressure,4,Parkland High,Winston Salem / Forsyth County Schools,Forsyth County,0.578479715154443
High Point Central High,Guilford County Schools,Guilford County,Education and Health Pressure,5,Hugh M Cummings High,Alamance-Burlington Schools,Alamance County,0.6727438089963849
T Wingate Andrews High,Guilford County Schools,Guilford County,Multidomain Elevated Stress,1,Southwest Guilford High,Guilford County Schools,Guilford County,0.2622133121523042
T Wingate Andrews High,Guilford County Schools,Guilford County,Multidomain Elevated Stress,2,Gc Middle College High,Guilford County Schools,Guilford County,0.2918642463382947
T Wingate Andrews High,Guilford County Schools,Guilford County,Multidomain Elevated Stress,3,Uncg Early/Middle College,Guilford County Schools,Guilford County,0.2918642463382947
T Wingate Andrews High,Guilford County Schools,Guilford County,Multidomain Elevated Stress,4,Academy At Smith,Guilford County Schools,Guilford County,0.2918642463382947
T Wingate Andrews High,Guilford County Schools,Guilford County,Multidomain Elevated Stress,5,Middle College At Gtcc-High Point,Guilford County Schools,Guilford County,0.2918642463382947
Scale School,Guilford County Schools,Guilford County,Education and Health Pressure,1,Middle College At Gtcc-Greensboro,Guilford County Schools,Guilford County,0.0
Scale School,Guilford County Schools,Guilford County,Education and Health Pressure,2,Parkland High,Winston Salem / Forsyth County Schools,Forsyth County,0.47575328204849154
Scale School,Guilford County Schools,Guilford County,Education and Health Pressure,3,Atkins Academic & Tech High,Winston Salem / Forsyth County Schools,Forsyth County,0.5173529573251332
Scale School,Guilford County Schools,Guilford County,Education and Health Pressure,4,Winston-Salem Preparatory Acad,Winston Salem / Forsyth County Schools,Forsyth County,0.5173529573251332
Scale School,Guilford County Schools,Guilford County,Education and Health Pressure,5,J F Kennedy High,Winston Salem / Forsyth County Schools,Forsyth County,0.5173529573251332
Southwest Guilford High,Guilford County Schools,Guilford County,Multidomain Elevated Stress,1,T Wingate Andrews High,Guilford County Schools,Guilford County,0.2622133121523042
Southwest Guilford High,Guilford County Schools,Guilford County,Multidomain Elevated Stress,2,Uncg Early/Middle College,Guilford County Schools,Guilford County,0.30455361076309945
Southwest Guilford High,Guilford County Schools,Guilford County,Multidomain Elevated Stress,3,Academy At Smith,Guilford County Schools,Guilford County,0.30455361076309945
Southwest Guilford High,Guilford County Schools,Guilford County,Multidomain Elevated Stress,4,Middle College At Gtcc-High Point,Guilford County Schools,Guilford County,0.30455361076309945
Southwest Guilford High,Guilford County Schools,Guilford County,Multidomain Elevated Stress,5,A&T Four Middle College,Guilford County Schools,Guilford County,0.30455361076309945
Gc Middle College High,Guilford County Schools,Guilford County,Multidomain Elevated Stress,1,Uncg Early/Middle College,Guilford County Schools,Guilford County,0.0
Gc Middle College High,Guilford County Schools,Guilford County,Multidomain Elevated Stress,2,Academy At Smith,Guilford County Schools,Guilford County,0.0
Gc Middle College High,Guilford County Schools,Guilford County,Multidomain Elevated Stress,3,Middle College At Gtcc-High Point,Guilford County Schools,Guilford County,0.0
Gc Middle College High,Guilford County Schools,Guilford County,Multidomain Elevated Stress,4,A&T Four Middle College,Guilford County Schools,Guilford County,0.0
Gc Middle College High,Guilford County Schools,Guilford County,Multidomain Elevated Stress,5,Middle College High At Bennett,Guilford County Schools,Guilford County,0.0
Gtcc Middle College High,Guilford County Schools,Guilford County,Multidomain Elevated Stress,1,Uncg Early/Middle College,Guilford County Schools,Guilford County,0.0
Gtcc Middle College High,Guilford County Schools,Guilford County,Multidomain Elevated Stress,2,Academy At Smith,Guilford County Schools,Guilford County,0.0
Gtcc Middle College High,Guilford County Schools,Guilford County,Multidomain Elevated Stress,3,Middle College At Gtcc-High Point,Guilford County Schools,Guilford County,0.0
Gtcc Middle College High,Guilford County Schools,Guilford County,Multidomain Elevated Stress,4,A&T Four Middle College,Guilford County Schools,Guilford County,0.0
Gtcc Middle College High,Guilford County Schools,Guilford County,Multidomain Elevated Stress,5,Middle College High At Bennett,Guilford County Schools,Guilford County,0.0
Early College At Guilford,Guilford County Schools,Guilford County,Multidomain Elevated Stress,1,Uncg Early/Middle College,Guilford County Schools,Guilford County,0.0
Early College At Guilford,Guilford County Schools,Guilford County,Multidomain Elevated Stress,2,Academy At Smith,Guilford County Schools,Guilford County,0.0
Early College At Guilford,Guilford County Schools,Guilford County,Multidomain Elevated Stress,3,Middle College At Gtcc-High Point,Guilford County Schools,Guilford County,0.0
Early College At Guilford,Guilford County Schools,Guilford County,Multidomain Elevated Stress,4,A&T Four Middle College,Guilford County Schools,Guilford County,0.0
Early College At Guilford,Guilford County Schools,Guilford County,Multidomain Elevated Stress,5,Middle College High At Bennett,Guilford County Schools,Guilford County,0.0
Middle College High At Bennett,Guilford County Schools,Guilford County,Multidomain Elevated Stress,1,Uncg Early/Middle College,Guilford County Schools,Guilford County,0.0
Middle College High At Bennett,Guilford County Schools,Guilford County,Multidomain Elevated Stress,2,Academy At Smith,Guilford County Schools,Guilford County,0.0
Middle College High At Bennett,Guilford County Schools,Guilford County,Multidomain Elevated Stress,3,Middle College At Gtcc-High Point,Guilford County Schools,Guilford County,0.0
Middle College High At Bennett,Guilford County Schools,Guilford County,Multidomain Elevated Stress,4,A&T Four Middle College,Guilford County Schools,Guilford County,0.0
Middle College High At Bennett,Guilford County Schools,Guilford County,Multidomain Elevated Stress,5,Early College At Guilford,Guilford County Schools,Guilford County,0.0
A&T Four Middle College,Guilford County Schools,Guilford County,Multidomain Elevated Stress,1,Uncg Early/Middle College,Guilford County Schools,Guilford County,0.0
A&T Four Middle College,Guilford County Schools,Guilford County,Multidomain Elevated Stress,2,Academy At Smith,Guilford County Schools,Guilford County,0.0
A&T Four Middle College,Guilford County Schools,Guilford County,Multidomain Elevated Stress,3,Middle College At Gtcc-High Point,Guilford County Schools,Guilford County,0.0
A&T Four Middle College,Guilford County Schools,Guilford County,Multidomain Elevated Stress,4,Middle College High At Bennett,Guilford County Schools,Guilford County,0.0
A&T Four Middle College,Guilford County Schools,Guilford County,Multidomain Elevated Stress,5,Early College At Guilford,Guilford County Schools,Guilford County,0.0
Middle College At Gtcc-Greensboro,Guilford County Schools,Guilford County,Education and Health Pressure,1,Scale School,Guilford County Schools,Guilford County,0.0
Middle College At Gtcc-Greensboro,Guilford County Schools,Guilford County,Education and Health Pressure,2,Parkland High,Winston Salem / Forsyth County Schools,Forsyth County,0.47575328204849154
Middle College At Gtcc-Greensboro,Guilford County Schools,Guilford County,Education and Health Pressure,3,Atkins Academic & Tech High,Winston Salem / Forsyth County Schools,Forsyth County,0.5173529573251332
Middle College At Gtcc-Greensboro,Guilford County Schools,Guilford County,Education and Health Pressure,4,Winston-Salem Preparatory Acad,Winston Salem / Forsyth County Schools,Forsyth County,0.5173529573251332
Middle College At Gtcc-Greensboro,Guilford County Schools,Guilford County,Education and Health Pressure,5,J F Kennedy High,Winston Salem / Forsyth County Schools,Forsyth County,0.5173529573251332
Middle College At Gtcc-High Point,Guilford County Schools,Guilford County,Multidomain Elevated Stress,1,Uncg Early/Middle College,Guilford County Schools,Guilford County,0.0
Middle College At Gtcc-High Point,Guilford County Schools,Guilford County,Multidomain Elevated Stress,2,Academy At Smith,Guilford County Schools,Guilford County,0.0
Middle College At Gtcc-High Point,Guilford County Schools,Guilford County,Multidomain Elevated Stress,3,A&T Four Middle College,Guilford County Schools,Guilford County,0.0
Middle College At Gtcc-High Point,Guilford County Schools,Guilford County,Multidomain Elevated Stress,4,Middle College High At Bennett,Guilford County Schools,Guilford County,0.0
Middle College At Gtcc-High Point,Guilford County Schools,Guilford County,Multidomain Elevated Stress,5,Early College At Guilford,Guilford County Schools,Guilford County,0.0
Pruette Scale Academy,Guilford County Schools,Guilford County,Education and Health Pressure,1,High Point Central High,Guilford County Schools,Guilford County,0.5562622824438035
Pruette Scale Academy,Guilford County Schools,Guilford County,Education and Health Pressure,2,Parkland High,Winston Salem / Forsyth County Schools,Forsyth County,0.6034799869349787
Pruette Scale Academy,Guilford County Schools,Guilford County,Education and Health Pressure,3,Southern Guilford High,Guilford County Schools,Guilford County,0.6416210180479842
Pruette Scale Academy,Guilford County Schools,Guilford County,Education and Health Pressure,4,Middle College At Gtcc-Greensboro,Guilford County Schools,Guilford County,0.6574746809705493
Pruette Scale Academy,Guilford County Schools,Guilford County,Education and Health Pressure,5,Scale School,Guilford County Schools,Guilford County,0.6574746809705493
Academy At Smith,Guilford County Schools,Guilford County,Multidomain Elevated Stress,1,Uncg Early/Middle College,Guilford County Schools,Guilford County,0.0
Academy At Smith,Guilford County Schools,Guilford County,Multidomain Elevated Stress,2,Middle College At Gtcc-High Point,Guilford County Schools,Guilford County,0.0
Academy At Smith,Guilford County Schools,Guilford County,Multidomain Elevated Stress,3,A&T Four Middle College,Guilford County Schools,Guilford County,0.0
Academy At Smith,Guilford County Schools,Guilford County,Multidomain Elevated Stress,4,Middle College High At Bennett,Guilford County Schools,Guilford County,0.0
Academy At Smith,Guilford County Schools,Guilford County,Multidomain Elevated Stress,5,Early College At Guilford,Guilford County Schools,Guilford County,0.0
Kearns Academy,Guilford County Schools,Guilford County,Housing-Concentrated Stress,1,New Hanover High,New Hanover County Schools,New Hanover County,0.3123720170080469
Kearns Academy,Guilford County Schools,Guilford County,Housing-Concentrated Stress,2,Hillside High,Durham Public Schools,Durham County,0.5152634449981742
Kearns Academy,Guilford County Schools,Guilford County,Housing-Concentrated Stress,3,Career Readiness Academy At Mosley Plc,New Hanover County Schools,New Hanover County,0.523491810594947
Kearns Academy,Guilford County Schools,Guilford County,Housing-Concentrated Stress,4,Girls Leadership Academy Of Wilmington,Girls Leadership Academy Of Wilmington,New Hanover County,0.523491810594947
Kearns Academy,Guilford County Schools,Guilford County,Housing-Concentrated Stress,5,Ronald W Reagan High School,Winston Salem / Forsyth County Schools,Forsyth County,0.5574755803336832
Northern Guilford High,Guilford County Schools,Guilford County,Multidomain Elevated Stress,1,Page High,Guilford County Schools,Guilford County,1.1538979312785416
Northern Guilford High,Guilford County Schools,Guilford County,Multidomain Elevated Stress,2,West Forsyth High,Winston Salem / Forsyth County Schools,Forsyth County,1.2885076971868914
Northern Guilford High,Guilford County Schools,Guilford County,Multidomain Elevated Stress,3,Mount Tabor High School,Winston Salem / Forsyth County Schools,Forsyth County,1.301955007094411
Northern Guilford High,Guilford County Schools,Guilford County,Multidomain Elevated Stress,4,Innovation Early College High,Pitt County Schools,Pitt County,1.3150924974836091
Northern Guilford High,Guilford County Schools,Guilford County,Multidomain Elevated Stress,5,Walter M Williams High,Alamance-Burlington Schools,Alamance County,1.3515841176228605
Uncg Early/Middle College,Guilford County Schools,Guilford County,Multidomain Elevated Stress,1,Academy At Smith,Guilford County Schools,Guilford County,0.0
Uncg Early/Middle College,Guilford County Schools,Guilford County,Multidomain Elevated Stress,2,Middle College At Gtcc-High Point,Guilford County Schools,Guilford County,0.0
Uncg Early/Middle College,Guilford County Schools,Guilford County,Multidomain Elevated Stress,3,A&T Four Middle College,Guilford County Schools,Guilford County,0.0
Uncg Early/Middle College,Guilford County Schools,Guilford County,Multidomain Elevated Stress,4,Middle College High At Bennett,Guilford County Schools,Guilford County,0.0
Uncg Early/Middle College,Guilford County Schools,Guilford County,Multidomain Elevated Stress,5,Early College At Guilford,Guilford County Schools,Guilford County,0.0
Stem Early College @ Nc A&T Su,Guilford County Schools,Guilford County,Education and Health Pressure,1,Penn-Griffin Schools,Guilford County Schools,Guilford County,2.103729447909165
Stem Early College @ Nc A&T Su,Guilford County Schools,Guilford County,Education and Health Pressure,2,North Duplin Jr Sr High,Duplin County Schools,Duplin County,2.2084288802607404
Stem Early College @ Nc A&T Su,Guilford County Schools,Guilford County,Education and Health Pressure,3,Highland Sch Of Technology,Gaston County Schools,Gaston County,2.565087050392779
Stem Early College @ Nc A&T Su,Guilford County Schools,Guilford County,Education and Health Pressure,4,Montgomery County Early College,Montgomery County Schools,Montgomery County,2.673942196438282
Stem Early College @ Nc A&T Su,Guilford County Schools,Guilford County,Education and Health Pressure,5,Montgomery Learning Academy,Montgomery County Schools,Montgomery County,2.673942196438282
C Joyner Greene Education Center,Guilford County Schools,Guilford County,Housing-Concentrated Stress,1,Northwest Guilford High,Guilford County Schools,Guilford County,0.6174235292297439
C Joyner Greene Education Center,Guilford County Schools,Guilford County,Housing-Concentrated Stress,2,Ronald W Reagan High School,Winston Salem / Forsyth County Schools,Forsyth County,0.6485547211162787
C Joyner Greene Education Center,Guilford County Schools,Guilford County,Housing-Concentrated Stress,3,Bethany Community School,Bethany Community School,Rockingham County,0.6627212489097404
C Joyner Greene Education Center,Guilford County Schools,Guilford County,Housing-Concentrated Stress,4,Kearns Academy,Guilford County Schools,Guilford County,0.7919980918899969
C Joyner Greene Education Center,Guilford County Schools,Guilford County,Housing-Concentrated Stress,5,Wilmington Early College High,New Hanover County Schools,New Hanover County,0.8253615196823886
Northwest Halifax Collegiate And Technic,Halifax County Schools,Halifax County,Economic and Crime Concentrated,1,Northampton Early College,Northampton County Schools,Halifax County,0.6055837441084521
Northwest Halifax Collegiate And Technic,Halifax County Schools,Halifax County,Economic and Crime Concentrated,2,Halifax County Early College High,Halifax County Schools,Halifax County,0.6055837441084521
Northwest Halifax Collegiate And Technic,Halifax County Schools,Halifax County,Economic and Crime Concentrated,3,Weldon Stem High School Career Academies,Weldon City Schools,Halifax County,0.6993618421044557
Northwest Halifax Collegiate And Technic,Halifax County Schools,Halifax County,Economic and Crime Concentrated,4,Roanoke Valley Early College,Weldon City Schools,Halifax County,0.6993618421044557
Northwest Halifax Collegiate And Technic,Halifax County Schools,Halifax County,Economic and Crime Concentrated,5,Roanoke Rapids Early College High,Roanoke Rapids City Schools,Halifax County,1.1853247662514135
Southeast Halifax Collegiate Prep Academ,Halifax County Schools,Halifax County,Economic and Crime Concentrated,1,North Edgecombe High,Edgecombe County Public Schools,Edgecombe County,0.9588699845005711
Southeast Halifax Collegiate Prep Academ,Halifax County Schools,Halifax County,Economic and Crime Concentrated,2,Saint Pauls High,Public Schools Of Robeson County,Robeson County,1.845571675588747
Southeast Halifax Collegiate Prep Academ,Halifax County Schools,Halifax County,Economic and Crime Concentrated,3,Lumberton Senior High,Public Schools Of Robeson County,Robeson County,1.8547225460323054
Southeast Halifax Collegiate Prep Academ,Halifax County Schools,Halifax County,Economic and Crime Concentrated,4,Psrc Early College At Rcc,Public Schools Of Robeson County,Robeson County,1.882782721839464
Southeast Halifax Collegiate Prep Academ,Halifax County Schools,Halifax County,Economic and Crime Concentrated,5,Edgecombe Early College High,Edgecombe County Public Schools,Edgecombe County,1.92226821298293
Halifax County Early College High,Halifax County Schools,Halifax County,Economic and Crime Concentrated,1,Northampton Early College,Northampton County Schools,Halifax County,0.0
Halifax County Early College High,Halifax County Schools,Halifax County,Economic and Crime Concentrated,2,Northwest Halifax Collegiate And Technic,Halifax County Schools,Halifax County,0.6055837441084521
Halifax County Early College High,Halifax County Schools,Halifax County,Economic and Crime Concentrated,3,Weldon Stem High School Career Academies,Weldon City Schools,Halifax County,0.7176765521326084
Halifax County Early College High,Halifax County Schools,Halifax County,Economic and Crime Concentrated,4,Roanoke Valley Early College,Weldon City Schools,Halifax County,0.7176765521326084
Halifax County Early College High,Halifax County Schools,Halifax County,Economic and Crime Concentrated,5,Roanoke Rapids Early College High,Roanoke Rapids City Schools,Halifax County,0.9265622290042961
Harnett Central High,Harnett County Schools,Harnett County,"Moderate Stress, Lower Housing",1,Gray Stone Day,Gray Stone Day School,Stanly County,0.5199745652128409
Harnett Central High,Harnett County Schools,Harnett County,"Moderate Stress, Lower Housing",2,Eastern Alamance High,Alamance-Burlington Schools,Alamance County,0.5510764357341065
Harnett Central High,Harnett County Schools,Harnett County,"Moderate Stress, Lower Housing",3,South Caldwell High,Caldwell County Schools,Caldwell County,0.5575778354466467
Harnett Central High,Harnett County Schools,Harnett County,"Moderate Stress, Lower Housing",4,Gateway School,Caldwell County Schools,Caldwell County,0.6061479738311124
Harnett Central High,Harnett County Schools,Harnett County,"Moderate Stress, Lower Housing",5,East Burke High,Burke County Schools,Burke County,0.6489036795179192
Western Harnett High,Harnett County Schools,Harnett County,"Moderate Stress, Lower Housing",1,Star Academy,Harnett County Schools,Harnett County,0.3883122290896663
Western Harnett High,Harnett County Schools,Harnett County,"Moderate Stress, Lower Housing",2,Gray Stone Day,Gray Stone Day School,Stanly County,0.6200602546975701
Western Harnett High,Harnett County Schools,Harnett County,"Moderate Stress, Lower Housing",3,East Burke High,Burke County Schools,Burke County,0.8133247447472217
Western Harnett High,Harnett County Schools,Harnett County,"Moderate Stress, Lower Housing",4,Harnett Central High,Harnett County Schools,Harnett County,0.8231459623821958
Western Harnett High,Harnett County Schools,Harnett County,"Moderate Stress, Lower Housing",5,East Rutherford High School,Rutherford County Schools,Rutherford County,0.9904329479549381
Star Academy,Harnett County Schools,Harnett County,"Moderate Stress, Lower Housing",1,Western Harnett High,Harnett County Schools,Harnett County,0.3883122290896663
Star Academy,Harnett County Schools,Harnett County,"Moderate Stress, Lower Housing",2,Gray Stone Day,Gray Stone Day School,Stanly County,0.5967106897470097
Star Academy,Harnett County Schools,Harnett County,"Moderate Stress, Lower Housing",3,East Burke High,Burke County Schools,Burke County,0.8332308958221187
Star Academy,Harnett County Schools,Harnett County,"Moderate Stress, Lower Housing",4,Harnett Central High,Harnett County Schools,Harnett County,1.0059416659238647
Star Academy,Harnett County Schools,Harnett County,"Moderate Stress, Lower Housing",5,Hickory High,Hickory City Schools,Catawba County,1.0461662080020815
Triton High,Harnett County Schools,Harnett County,Housing-Concentrated Stress,1,Harnett County Early College,Harnett County Schools,Harnett County,0.3985135480682246
Triton High,Harnett County Schools,Harnett County,Housing-Concentrated Stress,2,Concord High,Cabarrus County Schools,Cabarrus County,0.6774532557323611
Triton High,Harnett County Schools,Harnett County,Housing-Concentrated Stress,3,Gaston Early College Of Medical Sciences,Gaston County Schools,Gaston County,0.9116678515405419
Triton High,Harnett County Schools,Harnett County,Housing-Concentrated Stress,4,A L Brown High,Kannapolis City Schools,Cabarrus County,0.9241127488475704
Triton High,Harnett County Schools,Harnett County,Housing-Concentrated Stress,5,Northwest Cabarrus High,Cabarrus County Schools,Cabarrus County,0.9583298150073256
Overhills High,Harnett County Schools,Harnett County,Multidomain Elevated Stress,1,D H Conley High,Pitt County Schools,Pitt County,0.48309129844734855
Overhills High,Harnett County Schools,Harnett County,Multidomain Elevated Stress,2,Ayden-Grifton High,Pitt County Schools,Pitt County,0.6502746949127762
Overhills High,Harnett County Schools,Harnett County,Multidomain Elevated Stress,3,Farmville Central High,Pitt County Schools,Pitt County,0.865509548484319
Overhills High,Harnett County Schools,Harnett County,Multidomain Elevated Stress,4,South View High,Cumberland County Schools,Cumberland County,1.003171422691724
Overhills High,Harnett County Schools,Harnett County,Multidomain Elevated Stress,5,Citi High School,Nash County Public Schools,Nash County,1.0075124990637965
Harnett County Early College,Harnett County Schools,Harnett County,Housing-Concentrated Stress,1,Triton High,Harnett County Schools,Harnett County,0.3985135480682246
Harnett County Early College,Harnett County Schools,Harnett County,Housing-Concentrated Stress,2,Avery County High,Avery County Schools,Avery County,0.7473337866488526
Harnett County Early College,Harnett County Schools,Harnett County,Housing-Concentrated Stress,3,Concord High,Cabarrus County Schools,Cabarrus County,0.7613679539744718
Harnett County Early College,Harnett County Schools,Harnett County,Housing-Concentrated Stress,4,A L Brown High,Kannapolis City Schools,Cabarrus County,0.809941445999262
Harnett County Early College,Harnett County Schools,Harnett County,Housing-Concentrated Stress,5,Gaston Early College Of Medical Sciences,Gaston County Schools,Gaston County,0.8192886214603122
Pisgah High,Haywood County Schools,Haywood County,"Moderate Stress, Lower Housing",1,Pender Early College High,Pender County Schools,Pender County,0.47177717895066185
Pisgah High,Haywood County Schools,Haywood County,"Moderate Stress, Lower Housing",2,North Stanly High,Stanly County Schools,Stanly County,0.48373141299135053
Pisgah High,Haywood County Schools,Haywood County,"Moderate Stress, Lower Housing",3,South Stanly High,Stanly County Schools,Stanly County,0.7619805663905731
Pisgah High,Haywood County Schools,Haywood County,"Moderate Stress, Lower Housing",4,Richlands High,Onslow County Schools,Onslow County,0.8009905612442755
Pisgah High,Haywood County Schools,Haywood County,"Moderate Stress, Lower Housing",5,Stanly Academy Learning Center,Stanly County Schools,Stanly County,0.8688877513127478
Tuscola High,Haywood County Schools,Haywood County,Housing-Concentrated Stress,1,Haywood Early College,Haywood County Schools,Haywood County,0.371159961881811
Tuscola High,Haywood County Schools,Haywood County,Housing-Concentrated Stress,2,Charlotte Secondary,Charlotte Secondary School,Mecklenburg County,0.49938000907833247
Tuscola High,Haywood County Schools,Haywood County,Housing-Concentrated Stress,3,North Brunswick High,Brunswick County Schools,Brunswick County,0.5767085895145869
Tuscola High,Haywood County Schools,Haywood County,Housing-Concentrated Stress,4,Levine Middle College High Sch,Charlotte-Mecklenburg Schools,Mecklenburg County,0.6277863664200842
Tuscola High,Haywood County Schools,Haywood County,Housing-Concentrated Stress,5,Performance Learning Center,Charlotte-Mecklenburg Schools,Mecklenburg County,0.6277863664200842
Central Haywood High,Haywood County Schools,Haywood County,Broadly Lower Stress,1,Topsail High,Pender County Schools,Pender County,0.6072002012488469
Central Haywood High,Haywood County Schools,Haywood County,Broadly Lower Stress,2,Croatan High,Carteret County Public Schools,Carteret County,0.6613321081631278
Central Haywood High,Haywood County Schools,Haywood County,Broadly Lower Stress,3,Myers Park High School,Charlotte-Mecklenburg Schools,Mecklenburg County,0.7617948314414438
Central Haywood High,Haywood County Schools,Haywood County,Broadly Lower Stress,4,Henderson County Career Academy,Henderson County Schools,Henderson County,0.9338478478373634
Central Haywood High,Haywood County Schools,Haywood County,Broadly Lower Stress,5,Merancas Middle College-Cpcc,Charlotte-Mecklenburg Schools,Mecklenburg County,0.9601556838207054
Haywood Early College,Haywood County Schools,Haywood County,Housing-Concentrated Stress,1,Tuscola High,Haywood County Schools,Haywood County,0.371159961881811
Haywood Early College,Haywood County Schools,Haywood County,Housing-Concentrated Stress,2,North Brunswick High,Brunswick County Schools,Brunswick County,0.6277863664200842
Haywood Early College,Haywood County Schools,Haywood County,Housing-Concentrated Stress,3,Charlotte Secondary,Charlotte Secondary School,Mecklenburg County,0.6373547732018711
Haywood Early College,Haywood County Schools,Haywood County,Housing-Concentrated Stress,4,Onslow Virtual Secondary,Onslow County Schools,Onslow County,0.7220757028924767
Haywood Early College,Haywood County Schools,Haywood County,Housing-Concentrated Stress,5,Performance Learning Center,Charlotte-Mecklenburg Schools,Mecklenburg County,0.7313110978956652
North Henderson High,Henderson County Schools,Henderson County,Housing-Concentrated Stress,1,A L Brown High,Kannapolis City Schools,Cabarrus County,0.6449328086939323
North Henderson High,Henderson County Schools,Henderson County,Housing-Concentrated Stress,2,Concord High,Cabarrus County Schools,Cabarrus County,0.7890037804424243
North Henderson High,Henderson County Schools,Henderson County,Housing-Concentrated Stress,3,East Wake High,Wake County Schools,Wake County,0.9368577908754337
North Henderson High,Henderson County Schools,Henderson County,Housing-Concentrated Stress,4,Harnett County Early College,Harnett County Schools,Harnett County,0.9466348714321712
North Henderson High,Henderson County Schools,Henderson County,Housing-Concentrated Stress,5,Johnston Co Early College Academy,Johnston County Public Schools,Johnston County,1.0395619145442208
East Henderson High,Henderson County Schools,Henderson County,"Moderate Stress, Lower Housing",1,Hallyburton Academy,Burke County Schools,Burke County,0.9350672525071312
East Henderson High,Henderson County Schools,Henderson County,"Moderate Stress, Lower Housing",2,North Moore High,Moore County Schools,Moore County,0.9538643365327141
East Henderson High,Henderson County Schools,Henderson County,"Moderate Stress, Lower Housing",3,Yadkin Early College,Yadkin County Schools,Yadkin County,1.0408157675469332
East Henderson High,Henderson County Schools,Henderson County,"Moderate Stress, Lower Housing",4,Pender Early College High,Pender County Schools,Pender County,1.0432137497686509
East Henderson High,Henderson County Schools,Henderson County,"Moderate Stress, Lower Housing",5,South Stokes High School,Stokes County Schools,Stokes County,1.0647171465673348
West Henderson High,Henderson County Schools,Henderson County,Housing-Concentrated Stress,1,East Carteret High,Carteret County Public Schools,Carteret County,0.6025771871146364
West Henderson High,Henderson County Schools,Henderson County,Housing-Concentrated Stress,2,Henderson County Early College,Henderson County Schools,Henderson County,0.6187478338329246
West Henderson High,Henderson County Schools,Henderson County,Housing-Concentrated Stress,3,South Iredell High,Iredell-Statesville Schools,Iredell County,0.6277167851094823
West Henderson High,Henderson County Schools,Henderson County,Housing-Concentrated Stress,4,Watauga High,Watauga County Schools,Watauga County,0.6345082443780101
West Henderson High,Henderson County Schools,Henderson County,Housing-Concentrated Stress,5,Watauga Innovation Academy,Watauga County Schools,Watauga County,0.6345082443780101
Hendersonville High,Henderson County Schools,Henderson County,Broadly Lower Stress,1,Pinecrest High,Moore County Schools,Moore County,0.6820227131183549
Hendersonville High,Henderson County Schools,Henderson County,Broadly Lower Stress,2,Wake Young Men'S Leadership Academy,Wake County Schools,Wake County,0.8895717044927082
Hendersonville High,Henderson County Schools,Henderson County,Broadly Lower Stress,3,Bridges School,Carteret County Public Schools,Carteret County,1.0744822797530706
Hendersonville High,Henderson County Schools,Henderson County,Broadly Lower Stress,4,Marine Sci. And Tech. Early College High School,Carteret County Public Schools,Carteret County,1.0744822797530706
Hendersonville High,Henderson County Schools,Henderson County,Broadly Lower Stress,5,Southern Wake Academy,Southern Wake Academy,Wake County,1.1439478634583378
Henderson County Career Academy,Henderson County Schools,Henderson County,Broadly Lower Stress,1,Central Haywood High,Haywood County Schools,Haywood County,0.9338478478373634
Henderson County Career Academy,Henderson County Schools,Henderson County,Broadly Lower Stress,2,Croatan High,Carteret County Public Schools,Carteret County,1.112992506816015
Henderson County Career Academy,Henderson County Schools,Henderson County,Broadly Lower Stress,3,Topsail High,Pender County Schools,Pender County,1.1943700081387814
Henderson County Career Academy,Henderson County Schools,Henderson County,Broadly Lower Stress,4,The Community Learning Center @ Pinckney,Moore County Schools,Moore County,1.2499417139086193
Henderson County Career Academy,Henderson County Schools,Henderson County,Broadly Lower Stress,5,Merancas Middle College-Cpcc,Charlotte-Mecklenburg Schools,Mecklenburg County,1.310488589848283
Henderson County Early College,Henderson County Schools,Henderson County,Housing-Concentrated Stress,1,Jay M Robinson High,Cabarrus County Schools,Cabarrus County,0.5858957891307187
Henderson County Early College,Henderson County Schools,Henderson County,Housing-Concentrated Stress,2,West Henderson High,Henderson County Schools,Henderson County,0.6187478338329246
Henderson County Early College,Henderson County Schools,Henderson County,Housing-Concentrated Stress,3,Robbinsville High,Graham County Schools,Graham County,0.6922054972581807
Henderson County Early College,Henderson County Schools,Henderson County,Housing-Concentrated Stress,4,Central Cabarrus High,Cabarrus County Schools,Cabarrus County,0.7028030667052341
Henderson County Early College,Henderson County Schools,Henderson County,Housing-Concentrated Stress,5,Collaborative College For Technology,Iredell-Statesville Schools,Iredell County,0.7119432416249863
Hertford County High,Hertford County Schools,Hertford County,Economic and Crime Concentrated,1,Hertford Co Early College,Hertford County Schools,Hertford County,0.0
Hertford County High,Hertford County Schools,Hertford County,Economic and Crime Concentrated,2,Turning Point Academy,Cleveland County Schools,Cleveland County,1.279379696358675
Hertford County High,Hertford County Schools,Hertford County,Economic and Crime Concentrated,3,Anson High School,Anson County Schools,Anson County,1.294668813039419
Hertford County High,Hertford County Schools,Hertford County,Economic and Crime Concentrated,4,Anson Co. Early College High,Anson County Schools,Anson County,1.294668813039419
Hertford County High,Hertford County Schools,Hertford County,Economic and Crime Concentrated,5,Richmond Senior High,Richmond County Schools,Richmond County,1.3533012850901187
Hertford Co Early College,Hertford County Schools,Hertford County,Economic and Crime Concentrated,1,Hertford County High,Hertford County Schools,Hertford County,0.0
Hertford Co Early College,Hertford County Schools,Hertford County,Economic and Crime Concentrated,2,Turning Point Academy,Cleveland County Schools,Cleveland County,1.279379696358675
Hertford Co Early College,Hertford County Schools,Hertford County,Economic and Crime Concentrated,3,Anson High School,Anson County Schools,Anson County,1.294668813039419
Hertford Co Early College,Hertford County Schools,Hertford County,Economic and Crime Concentrated,4,Anson Co. Early College High,Anson County Schools,Anson County,1.294668813039419
Hertford Co Early College,Hertford County Schools,Hertford County,Economic and Crime Concentrated,5,Richmond Senior High,Richmond County Schools,Richmond County,1.3533012850901187
Cs Brown High - Stem Program,Hertford County Schools,Hertford County,Economic and Crime Concentrated,1,Purnell Swett High,Public Schools Of Robeson County,Robeson County,3.364873252411632
Cs Brown High - Stem Program,Hertford County Schools,Hertford County,Economic and Crime Concentrated,2,Southwest Edgecombe High,Edgecombe County Public Schools,Edgecombe County,3.492118437565474
Cs Brown High - Stem Program,Hertford County Schools,Hertford County,Economic and Crime Concentrated,3,Fairmont High,Public Schools Of Robeson County,Robeson County,3.522594334620001
Cs Brown High - Stem Program,Hertford County Schools,Hertford County,Economic and Crime Concentrated,4,Edgecombe Early College High,Edgecombe County Public Schools,Edgecombe County,3.574518532506784
Cs Brown High - Stem Program,Hertford County Schools,Hertford County,Economic and Crime Concentrated,5,Hertford County High,Hertford County Schools,Hertford County,3.7423418916556725
Hickory High,Hickory City Schools,Catawba County,"Moderate Stress, Lower Housing",1,Hickory Career  Arts Magnet High School,Hickory City Schools,Catawba County,0.4318642410111361
Hickory High,Hickory City Schools,Catawba County,"Moderate Stress, Lower Housing",2,Fred T Foard High,Catawba County Schools,Catawba County,0.46381916399838824
Hickory High,Hickory City Schools,Catawba County,"Moderate Stress, Lower Housing",3,North Stokes High School,Stokes County Schools,Stokes County,0.5978955727456864
Hickory High,Hickory City Schools,Catawba County,"Moderate Stress, Lower Housing",4,Chase High School,Rutherford County Schools,Rutherford County,0.63125173091516
Hickory High,Hickory City Schools,Catawba County,"Moderate Stress, Lower Housing",5,South Stokes High School,Stokes County Schools,Stokes County,0.6595872664163553
Hickory Career  Arts Magnet High School,Hickory City Schools,Catawba County,"Moderate Stress, Lower Housing",1,Fred T Foard High,Catawba County Schools,Catawba County,0.36018475338466005
Hickory Career  Arts Magnet High School,Hickory City Schools,Catawba County,"Moderate Stress, Lower Housing",2,South Stokes High School,Stokes County Schools,Stokes County,0.38778545582585777
Hickory Career  Arts Magnet High School,Hickory City Schools,Catawba County,"Moderate Stress, Lower Housing",3,Hickory High,Hickory City Schools,Catawba County,0.4318642410111361
Hickory Career  Arts Magnet High School,Hickory City Schools,Catawba County,"Moderate Stress, Lower Housing",4,Chase High School,Rutherford County Schools,Rutherford County,0.5443953218335131
Hickory Career  Arts Magnet High School,Hickory City Schools,Catawba County,"Moderate Stress, Lower Housing",5,Saint Stephens High,Catawba County Schools,Catawba County,0.6364570020537461
Hoke County High,Hoke County Schools,Hoke County,Multidomain Elevated Stress,1,Sandhoke Early College High,Hoke County Schools,Hoke County,0.0
Hoke County High,Hoke County Schools,Hoke County,Multidomain Elevated Stress,2,Ashe County High,Ashe County Schools,Ashe County,0.7021702082320025
Hoke County High,Hoke County Schools,Hoke County,Multidomain Elevated Stress,3,Craven Early College High,Craven County Schools,Craven County,0.7832990489214997
Hoke County High,Hoke County Schools,Hoke County,Multidomain Elevated Stress,4,Early College East High,Craven County Schools,Craven County,0.7832990489214997
Hoke County High,Hoke County Schools,Hoke County,Multidomain Elevated Stress,5,Southeast Guilford High,Guilford County Schools,Guilford County,1.1394015684686551
J W Turlington School,Hoke County Schools,Hoke County,"Moderate Stress, Lower Housing",1,Mcdowell Academy For Innovation,Mcdowell County Schools,McDowell County,0.7477334898352128
J W Turlington School,Hoke County Schools,Hoke County,"Moderate Stress, Lower Housing",2,Mcdowell Virtual Academy,Mcdowell County Schools,McDowell County,0.7477334898352128
J W Turlington School,Hoke County Schools,Hoke County,"Moderate Stress, Lower Housing",3,Rockingham Co Early College High,Rockingham County Schools,Rockingham County,0.7939745768463476
J W Turlington School,Hoke County Schools,Hoke County,"Moderate Stress, Lower Housing",4,John M Morehead High,Rockingham County Schools,Rockingham County,0.7948724891918117
J W Turlington School,Hoke County Schools,Hoke County,"Moderate Stress, Lower Housing",5,Dalton Mcmichael High,Rockingham County Schools,Rockingham County,0.8415142652873385
Sandhoke Early College High,Hoke County Schools,Hoke County,Multidomain Elevated Stress,1,Hoke County High,Hoke County Schools,Hoke County,0.0
Sandhoke Early College High,Hoke County Schools,Hoke County,Multidomain Elevated Stress,2,Ashe County High,Ashe County Schools,Ashe County,0.7021702082320025
Sandhoke Early College High,Hoke County Schools,Hoke County,Multidomain Elevated Stress,3,Craven Early College High,Craven County Schools,Craven County,0.7832990489214997
Sandhoke Early College High,Hoke County Schools,Hoke County,Multidomain Elevated Stress,4,Early College East High,Craven County Schools,Craven County,0.7832990489214997
Sandhoke Early College High,Hoke County Schools,Hoke County,Multidomain Elevated Stress,5,Southeast Guilford High,Guilford County Schools,Guilford County,1.1394015684686551
Hyde Academy,Hyde County Schools,Hyde County,Housing-Concentrated Stress,1,East Surry High,Surry County Schools,Surry County,1.4885660262691423
Hyde Academy,Hyde County Schools,Hyde County,Housing-Concentrated Stress,2,East Gaston High,Gaston County Schools,Gaston County,1.6567480727727535
Hyde Academy,Hyde County Schools,Hyde County,Housing-Concentrated Stress,3,Union County Early College,Union County Public Schools,Union County,1.661143781173892
Hyde Academy,Hyde County Schools,Hyde County,Housing-Concentrated Stress,4,West Carteret High,Carteret County Public Schools,Carteret County,1.6879810276377454
Hyde Academy,Hyde County Schools,Hyde County,Housing-Concentrated Stress,5,Union Academy,Macon County Schools,Macon County,1.7261350048306299
North Iredell High,Iredell-Statesville Schools,Iredell County,"Moderate Stress, Lower Housing",1,Eastern Randolph High School,Randolph County School System,Randolph County,0.32829385678542516
North Iredell High,Iredell-Statesville Schools,Iredell County,"Moderate Stress, Lower Housing",2,Providence Grove High School,Randolph County School System,Randolph County,0.44266120310721
North Iredell High,Iredell-Statesville Schools,Iredell County,"Moderate Stress, Lower Housing",3,Southwestern Randolph High School,Randolph County School System,Randolph County,0.5478787084797678
North Iredell High,Iredell-Statesville Schools,Iredell County,"Moderate Stress, Lower Housing",4,South Davidson Middle And High,Davidson County Schools,Davidson County,0.5900525174868421
North Iredell High,Iredell-Statesville Schools,Iredell County,"Moderate Stress, Lower Housing",5,Gateway School,Caldwell County Schools,Caldwell County,0.6037188902445239
South Iredell High,Iredell-Statesville Schools,Iredell County,Housing-Concentrated Stress,1,Watauga High,Watauga County Schools,Watauga County,0.4989563777175234
South Iredell High,Iredell-Statesville Schools,Iredell County,Housing-Concentrated Stress,2,Watauga Innovation Academy,Watauga County Schools,Watauga County,0.4989563777175234
South Iredell High,Iredell-Statesville Schools,Iredell County,Housing-Concentrated Stress,3,Crossroads Arts Sciences Early College,Iredell-Statesville Schools,Iredell County,0.5009321997372539
South Iredell High,Iredell-Statesville Schools,Iredell County,Housing-Concentrated Stress,4,Collaborative College For Technology,Iredell-Statesville Schools,Iredell County,0.5009321997372539
South Iredell High,Iredell-Statesville Schools,Iredell County,Housing-Concentrated Stress,5,East Carteret High,Carteret County Public Schools,Carteret County,0.6220060836222949
West Iredell High,Iredell-Statesville Schools,Iredell County,"Moderate Stress, Lower Housing",1,South Caldwell High,Caldwell County Schools,Caldwell County,0.3738628059424372
West Iredell High,Iredell-Statesville Schools,Iredell County,"Moderate Stress, Lower Housing",2,Southwestern Randolph High School,Randolph County School System,Randolph County,0.41664004536744725
West Iredell High,Iredell-Statesville Schools,Iredell County,"Moderate Stress, Lower Housing",3,Starmount High,Yadkin County Schools,Yadkin County,0.5072181791469124
West Iredell High,Iredell-Statesville Schools,Iredell County,"Moderate Stress, Lower Housing",4,Cherryville High,Gaston County Schools,Gaston County,0.5251848542432918
West Iredell High,Iredell-Statesville Schools,Iredell County,"Moderate Stress, Lower Housing",5,Providence Grove High School,Randolph County School System,Randolph County,0.5925376284541283
Statesville High,Iredell-Statesville Schools,Iredell County,"Moderate Stress, Lower Housing",1,Southwestern Randolph High School,Randolph County School System,Randolph County,0.4340285442204265
Statesville High,Iredell-Statesville Schools,Iredell County,"Moderate Stress, Lower Housing",2,Providence Grove High School,Randolph County School System,Randolph County,0.4810563980819474
Statesville High,Iredell-Statesville Schools,Iredell County,"Moderate Stress, Lower Housing",3,South Davidson Middle And High,Davidson County Schools,Davidson County,0.5076703169523084
Statesville High,Iredell-Statesville Schools,Iredell County,"Moderate Stress, Lower Housing",4,Yadkin Valley Regional Career Academy,Davidson County Schools,Davidson County,0.5501748542201942
Statesville High,Iredell-Statesville Schools,Iredell County,"Moderate Stress, Lower Housing",5,Davidson County High School,Davidson County Schools,Davidson County,0.5501748542201942
Lake Norman High,Iredell-Statesville Schools,Iredell County,Housing-Concentrated Stress,1,Career Academy And Technical School,Iredell-Statesville Schools,Iredell County,0.5744000073270068
Lake Norman High,Iredell-Statesville Schools,Iredell County,Housing-Concentrated Stress,2,Mooresville High School,Mooresville Graded School District,Iredell County,0.9680523002316519
Lake Norman High,Iredell-Statesville Schools,Iredell County,Housing-Concentrated Stress,3,Cox Mill High School,Cabarrus County Schools,Cabarrus County,1.0026199023104891
Lake Norman High,Iredell-Statesville Schools,Iredell County,Housing-Concentrated Stress,4,Asheville High,Asheville City Schools,Buncombe County,1.0477166359986552
Lake Norman High,Iredell-Statesville Schools,Iredell County,Housing-Concentrated Stress,5,School Of Inquiry And Life Sciences,Asheville City Schools,Buncombe County,1.0477166359986552
Collaborative College For Technology,Iredell-Statesville Schools,Iredell County,Housing-Concentrated Stress,1,Crossroads Arts Sciences Early College,Iredell-Statesville Schools,Iredell County,0.0
Collaborative College For Technology,Iredell-Statesville Schools,Iredell County,Housing-Concentrated Stress,2,Cabarrus-Kannapolis Early Coll,Cabarrus County Schools,Cabarrus County,0.46891153928416723
Collaborative College For Technology,Iredell-Statesville Schools,Iredell County,Housing-Concentrated Stress,3,Enka High,Buncombe County Schools,Buncombe County,0.4991808494359929
Collaborative College For Technology,Iredell-Statesville Schools,Iredell County,Housing-Concentrated Stress,4,South Iredell High,Iredell-Statesville Schools,Iredell County,0.5009321997372543
Collaborative College For Technology,Iredell-Statesville Schools,Iredell County,Housing-Concentrated Stress,5,Northside High,Onslow County Schools,Onslow County,0.5098685675366821
Crossroads Arts Sciences Early College,Iredell-Statesville Schools,Iredell County,Housing-Concentrated Stress,1,Collaborative College For Technology,Iredell-Statesville Schools,Iredell County,0.0
Crossroads Arts Sciences Early College,Iredell-Statesville Schools,Iredell County,Housing-Concentrated Stress,2,Cabarrus-Kannapolis Early Coll,Cabarrus County Schools,Cabarrus County,0.46891153928416723
Crossroads Arts Sciences Early College,Iredell-Statesville Schools,Iredell County,Housing-Concentrated Stress,3,Enka High,Buncombe County Schools,Buncombe County,0.4991808494359929
Crossroads Arts Sciences Early College,Iredell-Statesville Schools,Iredell County,Housing-Concentrated Stress,4,South Iredell High,Iredell-Statesville Schools,Iredell County,0.5009321997372543
Crossroads Arts Sciences Early College,Iredell-Statesville Schools,Iredell County,Housing-Concentrated Stress,5,Northside High,Onslow County Schools,Onslow County,0.5098685675366821
Career Academy And Technical School,Iredell-Statesville Schools,Iredell County,Housing-Concentrated Stress,1,Lake Norman High,Iredell-Statesville Schools,Iredell County,0.5744000073270068
Career Academy And Technical School,Iredell-Statesville Schools,Iredell County,Housing-Concentrated Stress,2,Watauga High,Watauga County Schools,Watauga County,0.6289173374834164
Career Academy And Technical School,Iredell-Statesville Schools,Iredell County,Housing-Concentrated Stress,3,Watauga Innovation Academy,Watauga County Schools,Watauga County,0.6289173374834164
Career Academy And Technical School,Iredell-Statesville Schools,Iredell County,Housing-Concentrated Stress,4,Mooresville High School,Mooresville Graded School District,Iredell County,0.6337234697257125
Career Academy And Technical School,Iredell-Statesville Schools,Iredell County,Housing-Concentrated Stress,5,Nf Woods Campus,Mooresville Graded School District,Iredell County,0.6993618421044542
Agriculture And Science Early College,Iredell-Statesville Schools,Iredell County,"Moderate Stress, Lower Housing",1,Hibriten High,Caldwell County Schools,Caldwell County,0.4070616869595968
Agriculture And Science Early College,Iredell-Statesville Schools,Iredell County,"Moderate Stress, Lower Housing",2,Yadkin Early College,Yadkin County Schools,Yadkin County,0.5568626499811816
Agriculture And Science Early College,Iredell-Statesville Schools,Iredell County,"Moderate Stress, Lower Housing",3,Forbush High,Yadkin County Schools,Yadkin County,0.5867701779011197
Agriculture And Science Early College,Iredell-Statesville Schools,Iredell County,"Moderate Stress, Lower Housing",4,Caldwell Applied Sciences Academy,Caldwell County Schools,Caldwell County,0.6048348221270562
Agriculture And Science Early College,Iredell-Statesville Schools,Iredell County,"Moderate Stress, Lower Housing",5,Caldwell Early College,Caldwell County Schools,Caldwell County,0.6048348221270562
Smoky Mountain High School,Jackson County Public Schools,Jackson County,Housing-Concentrated Stress,1,Jackson Co Early College,Jackson County Public Schools,Jackson County,0.6337234697257131
Smoky Mountain High School,Jackson County Public Schools,Jackson County,Housing-Concentrated Stress,2,Onslow Virtual Secondary,Onslow County Schools,Onslow County,0.818825856994003
Smoky Mountain High School,Jackson County Public Schools,Jackson County,Housing-Concentrated Stress,3,Northwest Cabarrus High,Cabarrus County Schools,Cabarrus County,1.0231918901577997
Smoky Mountain High School,Jackson County Public Schools,Jackson County,Housing-Concentrated Stress,4,Cabarrus Co Opportunity School,Cabarrus County Schools,Cabarrus County,1.05591746013803
Smoky Mountain High School,Jackson County Public Schools,Jackson County,Housing-Concentrated Stress,5,Haywood Early College,Haywood County Schools,Haywood County,1.0663862858301019
Jackson Community School,Jackson County Public Schools,Jackson County,"Moderate Stress, Lower Housing",1,R-S Central High School,Rutherford County Schools,Rutherford County,0.8746642601132303
Jackson Community School,Jackson County Public Schools,Jackson County,"Moderate Stress, Lower Housing",2,Rutherford Early College High School,Rutherford County Schools,Rutherford County,0.9224435216334601
Jackson Community School,Jackson County Public Schools,Jackson County,"Moderate Stress, Lower Housing",3,East Rutherford High School,Rutherford County Schools,Rutherford County,1.3086186365100136
Jackson Community School,Jackson County Public Schools,Jackson County,"Moderate Stress, Lower Housing",4,Pisgah High,Haywood County Schools,Haywood County,1.3099679542111842
Jackson Community School,Jackson County Public Schools,Jackson County,"Moderate Stress, Lower Housing",5,Butler High School,Charlotte-Mecklenburg Schools,Mecklenburg County,1.4208557374112805
Blue Ridge Early College,Jackson County Public Schools,Jackson County,Housing-Concentrated Stress,1,North Buncombe High,Buncombe County Schools,Buncombe County,0.42260154066305816
Blue Ridge Early College,Jackson County Public Schools,Jackson County,Housing-Concentrated Stress,2,Owen High,Buncombe County Schools,Buncombe County,0.6571952328160835
Blue Ridge Early College,Jackson County Public Schools,Jackson County,Housing-Concentrated Stress,3,West Cabarrus High,Cabarrus County Schools,Cabarrus County,0.8845657380292097
Blue Ridge Early College,Jackson County Public Schools,Jackson County,Housing-Concentrated Stress,4,Cabarrus Early College Of Technology,Cabarrus County Schools,Cabarrus County,0.8845657380292097
Blue Ridge Early College,Jackson County Public Schools,Jackson County,Housing-Concentrated Stress,5,Performance Learning Center,Cabarrus County Schools,Cabarrus County,0.8845657380292097
Jackson Co Early College,Jackson County Public Schools,Jackson County,Housing-Concentrated Stress,1,Northwest Cabarrus High,Cabarrus County Schools,Cabarrus County,0.6197283496434395
Jackson Co Early College,Jackson County Public Schools,Jackson County,Housing-Concentrated Stress,2,Smoky Mountain High School,Jackson County Public Schools,Jackson County,0.633723469725713
Jackson Co Early College,Jackson County Public Schools,Jackson County,Housing-Concentrated Stress,3,Meadowbrook Academy,Stokes County Schools,Stokes County,0.7857986115243208
Jackson Co Early College,Jackson County Public Schools,Jackson County,Housing-Concentrated Stress,4,West Cabarrus High,Cabarrus County Schools,Cabarrus County,0.7867819749204754
Jackson Co Early College,Jackson County Public Schools,Jackson County,Housing-Concentrated Stress,5,Cabarrus Early College Of Technology,Cabarrus County Schools,Cabarrus County,0.7867819749204754
Clayton High,Johnston County Public Schools,Johnston County,Housing-Concentrated Stress,1,Central Cabarrus High,Cabarrus County Schools,Cabarrus County,0.4593990344920641
Clayton High,Johnston County Public Schools,Johnston County,Housing-Concentrated Stress,2,West Brunswick High,Brunswick County Schools,Brunswick County,0.5014765775943519
Clayton High,Johnston County Public Schools,Johnston County,Housing-Concentrated Stress,3,Cabarrus-Kannapolis Early Coll,Cabarrus County Schools,Cabarrus County,0.5718042455246772
Clayton High,Johnston County Public Schools,Johnston County,Housing-Concentrated Stress,4,Nesbitt Discovery Academy,Buncombe County Schools,Buncombe County,0.5970842074388478
Clayton High,Johnston County Public Schools,Johnston County,Housing-Concentrated Stress,5,The Franklin School Of Innovation,The Franklin School Of Innovation,Buncombe County,0.5970842074388478
North Johnston High,Johnston County Public Schools,Johnston County,"Moderate Stress, Lower Housing",1,South Johnston High,Johnston County Public Schools,Johnston County,0.30455361076309917
North Johnston High,Johnston County Public Schools,Johnston County,"Moderate Stress, Lower Housing",2,Jimmy C Draughn High School,Burke County Schools,Burke County,0.4820363186401862
North Johnston High,Johnston County Public Schools,Johnston County,"Moderate Stress, Lower Housing",3,Robert L. Patton High School,Burke County Schools,Burke County,0.4820363186401862
North Johnston High,Johnston County Public Schools,Johnston County,"Moderate Stress, Lower Housing",4,Smithfield-Selma High,Johnston County Public Schools,Johnston County,0.615549303847006
North Johnston High,Johnston County Public Schools,Johnston County,"Moderate Stress, Lower Housing",5,Davidson County High School,Davidson County Schools,Davidson County,0.6449328086939333
Princeton High,Johnston County Public Schools,Johnston County,"Moderate Stress, Lower Housing",1,Yadkin Early College,Yadkin County Schools,Yadkin County,1.1920193999262536
Princeton High,Johnston County Public Schools,Johnston County,"Moderate Stress, Lower Housing",2,The Coast,Brunswick County Schools,Brunswick County,1.1965469915732891
Princeton High,Johnston County Public Schools,Johnston County,"Moderate Stress, Lower Housing",3,Forbush High,Yadkin County Schools,Yadkin County,1.2296079151197428
Princeton High,Johnston County Public Schools,Johnston County,"Moderate Stress, Lower Housing",4,Hallyburton Academy,Burke County Schools,Burke County,1.2378246426822632
Princeton High,Johnston County Public Schools,Johnston County,"Moderate Stress, Lower Housing",5,Uwharrie Ridge Six-Twelve,Randolph County School System,Randolph County,1.376858674644995
Smithfield-Selma High,Johnston County Public Schools,Johnston County,"Moderate Stress, Lower Housing",1,North Johnston High,Johnston County Public Schools,Johnston County,0.615549303847006
Smithfield-Selma High,Johnston County Public Schools,Johnston County,"Moderate Stress, Lower Housing",2,Burke Middle College,Burke County Schools,Burke County,0.6269239526750652
Smithfield-Selma High,Johnston County Public Schools,Johnston County,"Moderate Stress, Lower Housing",3,Jimmy C Draughn High School,Burke County Schools,Burke County,0.7023177030579034
Smithfield-Selma High,Johnston County Public Schools,Johnston County,"Moderate Stress, Lower Housing",4,Robert L. Patton High School,Burke County Schools,Burke County,0.7023177030579034
Smithfield-Selma High,Johnston County Public Schools,Johnston County,"Moderate Stress, Lower Housing",5,East Burke High,Burke County Schools,Burke County,0.7138382543239592
South Johnston High,Johnston County Public Schools,Johnston County,"Moderate Stress, Lower Housing",1,North Johnston High,Johnston County Public Schools,Johnston County,0.30455361076309917
South Johnston High,Johnston County Public Schools,Johnston County,"Moderate Stress, Lower Housing",2,Jimmy C Draughn High School,Burke County Schools,Burke County,0.6673113762043774
South Johnston High,Johnston County Public Schools,Johnston County,"Moderate Stress, Lower Housing",3,Robert L. Patton High School,Burke County Schools,Burke County,0.6673113762043774
South Johnston High,Johnston County Public Schools,Johnston County,"Moderate Stress, Lower Housing",4,North Moore High,Moore County Schools,Moore County,0.6710106708592004
South Johnston High,Johnston County Public Schools,Johnston County,"Moderate Stress, Lower Housing",5,Saint Stephens High,Catawba County Schools,Catawba County,0.7540969977426873
West Johnston High,Johnston County Public Schools,Johnston County,"Moderate Stress, Lower Housing",1,Piedmont High,Union County Public Schools,Union County,0.4526801915505779
West Johnston High,Johnston County Public Schools,Johnston County,"Moderate Stress, Lower Housing",2,Parkwood High,Union County Public Schools,Union County,0.5587239356852094
West Johnston High,Johnston County Public Schools,Johnston County,"Moderate Stress, Lower Housing",3,Porter Ridge High School,Union County Public Schools,Union County,0.7033326392427551
West Johnston High,Johnston County Public Schools,Johnston County,"Moderate Stress, Lower Housing",4,Cleveland High,Johnston County Public Schools,Johnston County,0.7094001656805901
West Johnston High,Johnston County Public Schools,Johnston County,"Moderate Stress, Lower Housing",5,Uwharrie Ridge Six-Twelve,Randolph County School System,Randolph County,0.7823480198033814
Johnston Co Early College Academy,Johnston County Public Schools,Johnston County,Housing-Concentrated Stress,1,East Wake High,Wake County Schools,Wake County,0.46308338595809095
Johnston Co Early College Academy,Johnston County Public Schools,Johnston County,Housing-Concentrated Stress,2,Robbinsville High,Graham County Schools,Graham County,0.5116257127530903
Johnston Co Early College Academy,Johnston County Public Schools,Johnston County,Housing-Concentrated Stress,3,Jay M Robinson High,Cabarrus County Schools,Cabarrus County,0.701690737576634
Johnston Co Early College Academy,Johnston County Public Schools,Johnston County,Housing-Concentrated Stress,4,Performance Learning Center,Cabarrus County Schools,Cabarrus County,0.723662255706125
Johnston Co Early College Academy,Johnston County Public Schools,Johnston County,Housing-Concentrated Stress,5,Cabarrus Early College Of Technology,Cabarrus County Schools,Cabarrus County,0.723662255706125
Cleveland High,Johnston County Public Schools,Johnston County,"Moderate Stress, Lower Housing",1,Porter Ridge High School,Union County Public Schools,Union County,0.3870177736943584
Cleveland High,Johnston County Public Schools,Johnston County,"Moderate Stress, Lower Housing",2,West Johnston High,Johnston County Public Schools,Johnston County,0.7094001656805901
Cleveland High,Johnston County Public Schools,Johnston County,"Moderate Stress, Lower Housing",3,Piedmont High,Union County Public Schools,Union County,0.8435219485524907
Cleveland High,Johnston County Public Schools,Johnston County,"Moderate Stress, Lower Housing",4,Parkwood High,Union County Public Schools,Union County,0.8546636662724053
Cleveland High,Johnston County Public Schools,Johnston County,"Moderate Stress, Lower Housing",5,Davie County High,Davie County Schools,Davie County,1.105741738288331
Corinth Holders High,Johnston County Public Schools,Johnston County,"Moderate Stress, Lower Housing",1,North Davidson High,Davidson County Schools,Davidson County,0.5825169004541454
Corinth Holders High,Johnston County Public Schools,Johnston County,"Moderate Stress, Lower Housing",2,West Davidson High,Davidson County Schools,Davidson County,0.5825169004541454
Corinth Holders High,Johnston County Public Schools,Johnston County,"Moderate Stress, Lower Housing",3,Gray Stone Day,Gray Stone Day School,Stanly County,0.8541858437428471
Corinth Holders High,Johnston County Public Schools,Johnston County,"Moderate Stress, Lower Housing",4,East Burke High,Burke County Schools,Burke County,0.8750825727475902
Corinth Holders High,Johnston County Public Schools,Johnston County,"Moderate Stress, Lower Housing",5,Harnett Central High,Harnett County Schools,Harnett County,0.9249919095801079
Johnston County Schools Career Technical,Johnston County Public Schools,Johnston County,"Moderate Stress, Lower Housing",1,Choice Plus Academy,Johnston County Public Schools,Johnston County,0.0
Johnston County Schools Career Technical,Johnston County Public Schools,Johnston County,"Moderate Stress, Lower Housing",2,North Moore High,Moore County Schools,Moore County,0.764249023186389
Johnston County Schools Career Technical,Johnston County Public Schools,Johnston County,"Moderate Stress, Lower Housing",3,South Johnston High,Johnston County Public Schools,Johnston County,0.8502755168902492
Johnston County Schools Career Technical,Johnston County Public Schools,Johnston County,"Moderate Stress, Lower Housing",4,Gates County Senior High,Gates County Schools,Gates County,1.0695708126446302
Johnston County Schools Career Technical,Johnston County Public Schools,Johnston County,"Moderate Stress, Lower Housing",5,North Johnston High,Johnston County Public Schools,Johnston County,1.0944147765871777
Choice Plus Academy,Johnston County Public Schools,Johnston County,"Moderate Stress, Lower Housing",1,Johnston County Schools Career Technical,Johnston County Public Schools,Johnston County,0.0
Choice Plus Academy,Johnston County Public Schools,Johnston County,"Moderate Stress, Lower Housing",2,North Moore High,Moore County Schools,Moore County,0.764249023186389
Choice Plus Academy,Johnston County Public Schools,Johnston County,"Moderate Stress, Lower Housing",3,South Johnston High,Johnston County Public Schools,Johnston County,0.8502755168902492
Choice Plus Academy,Johnston County Public Schools,Johnston County,"Moderate Stress, Lower Housing",4,Gates County Senior High,Gates County Schools,Gates County,1.0695708126446302
Choice Plus Academy,Johnston County Public Schools,Johnston County,"Moderate Stress, Lower Housing",5,North Johnston High,Johnston County Public Schools,Johnston County,1.0944147765871777
Jones Senior High School,Jones County Schools,Jones County,"Moderate Stress, Lower Housing",1,Columbia High,Tyrrell County Schools,Tyrrell County,0.92178850689261
Jones Senior High School,Jones County Schools,Jones County,"Moderate Stress, Lower Housing",2,Polk County Early College,Polk County Schools,Polk County,1.3527574572957082
Jones Senior High School,Jones County Schools,Jones County,"Moderate Stress, Lower Housing",3,Polk County High School,Polk County Schools,Polk County,1.3527574572957082
Jones Senior High School,Jones County Schools,Jones County,"Moderate Stress, Lower Housing",4,North Stokes High School,Stokes County Schools,Stokes County,1.3600270240227381
Jones Senior High School,Jones County Schools,Jones County,"Moderate Stress, Lower Housing",5,Swansboro High,Onslow County Schools,Onslow County,1.443740569478447
A L Brown High,Kannapolis City Schools,Cabarrus County,Housing-Concentrated Stress,1,Concord High,Cabarrus County Schools,Cabarrus County,0.5086338437144932
A L Brown High,Kannapolis City Schools,Cabarrus County,Housing-Concentrated Stress,2,North Henderson High,Henderson County Schools,Henderson County,0.6449328086939327
A L Brown High,Kannapolis City Schools,Cabarrus County,Housing-Concentrated Stress,3,Harnett County Early College,Harnett County Schools,Harnett County,0.809941445999262
A L Brown High,Kannapolis City Schools,Cabarrus County,Housing-Concentrated Stress,4,Gaston Early College Of Medical Sciences,Gaston County Schools,Gaston County,0.8294063343902572
A L Brown High,Kannapolis City Schools,Cabarrus County,Housing-Concentrated Stress,5,Triton High,Harnett County Schools,Harnett County,0.9241127488475704
Lee County High,Lee County Schools,Lee County,Education and Health Pressure,1,Bragg Street Academy,Lee County Schools,Lee County,0.3077746519235043
Lee County High,Lee County Schools,Lee County,Education and Health Pressure,2,Lee Early College,Lee County Schools,Lee County,0.3904144652635325
Lee County High,Lee County Schools,Lee County,Education and Health Pressure,3,Southern Nash High,Nash County Public Schools,Nash County,0.5802443722301203
Lee County High,Lee County Schools,Lee County,Education and Health Pressure,4,Wayne Early / Middle College High,Wayne County Public Schools,Wayne County,0.6153521107248623
Lee County High,Lee County Schools,Lee County,Education and Health Pressure,5,Goldsboro High,Wayne County Public Schools,Wayne County,0.6487672439361681
Bragg Street Academy,Lee County Schools,Lee County,Education and Health Pressure,1,Lee County High,Lee County Schools,Lee County,0.3077746519235043
Bragg Street Academy,Lee County Schools,Lee County,Education and Health Pressure,2,Lee Early College,Lee County Schools,Lee County,0.5562622824438023
Bragg Street Academy,Lee County Schools,Lee County,Education and Health Pressure,3,Goldsboro High,Wayne County Public Schools,Wayne County,0.6166808636563718
Bragg Street Academy,Lee County Schools,Lee County,Education and Health Pressure,4,Wayne Early / Middle College High,Wayne County Public Schools,Wayne County,0.6373547732018717
Bragg Street Academy,Lee County Schools,Lee County,Education and Health Pressure,5,Southern Nash High,Nash County Public Schools,Nash County,0.6589194690670762
Southern Lee High School,Lee County Schools,Lee County,"Moderate Stress, Lower Housing",1,Dalton Mcmichael High,Rockingham County Schools,Rockingham County,0.48584511179762124
Southern Lee High School,Lee County Schools,Lee County,"Moderate Stress, Lower Housing",2,Salisbury High,Rowan-Salisbury Schools,Rowan County,0.5293252250767453
Southern Lee High School,Lee County Schools,Lee County,"Moderate Stress, Lower Housing",3,Rockingham Co Early College High,Rockingham County Schools,Rockingham County,0.576955023215347
Southern Lee High School,Lee County Schools,Lee County,"Moderate Stress, Lower Housing",4,Rockingham County High,Rockingham County Schools,Rockingham County,0.7650861230577949
Southern Lee High School,Lee County Schools,Lee County,"Moderate Stress, Lower Housing",5,Mcdowell Virtual Academy,Mcdowell County Schools,McDowell County,0.827786167171135
Lee Early College,Lee County Schools,Lee County,Education and Health Pressure,1,Lee County High,Lee County Schools,Lee County,0.3904144652635331
Lee Early College,Lee County Schools,Lee County,Education and Health Pressure,2,Wayne Early / Middle College High,Wayne County Public Schools,Wayne County,0.5371348073830975
Lee Early College,Lee County Schools,Lee County,Education and Health Pressure,3,Bragg Street Academy,Lee County Schools,Lee County,0.5562622824438026
Lee Early College,Lee County Schools,Lee County,Education and Health Pressure,4,Goldsboro High,Wayne County Public Schools,Wayne County,0.5751126132623642
Lee Early College,Lee County Schools,Lee County,Education and Health Pressure,5,Southern Nash High,Nash County Public Schools,Nash County,0.6993618421044554
Kinston High,Lenoir County Public Schools,Lenoir County,Economic and Crime Concentrated,1,North Whiteville Academy,Whiteville City Schools,Columbus County,0.6215786384950329
Kinston High,Lenoir County Public Schools,Lenoir County,Economic and Crime Concentrated,2,Columbus Career And College Academy,Columbus County Schools,Columbus County,0.6215786384950329
Kinston High,Lenoir County Public Schools,Lenoir County,Economic and Crime Concentrated,3,Scotland High School,Scotland County Schools,Scotland County,0.6534079661962976
Kinston High,Lenoir County Public Schools,Lenoir County,Economic and Crime Concentrated,4,Scotland Early College High,Scotland County Schools,Scotland County,0.6534079661962976
Kinston High,Lenoir County Public Schools,Lenoir County,Economic and Crime Concentrated,5,Cherokee Central High School,Cherokee Central High School,Swain County,0.6774532557323601
North Lenoir High,Lenoir County Public Schools,Lenoir County,Economic and Crime Concentrated,1,Lenoir County Early College High,Lenoir County Public Schools,Lenoir County,0.5611890025581169
North Lenoir High,Lenoir County Public Schools,Lenoir County,Economic and Crime Concentrated,2,Swain County High School,Swain County Schools,Swain County,1.4848469008866634
North Lenoir High,Lenoir County Public Schools,Lenoir County,Economic and Crime Concentrated,3,Saint Pauls High,Public Schools Of Robeson County,Robeson County,1.4918843858642497
North Lenoir High,Lenoir County Public Schools,Lenoir County,Economic and Crime Concentrated,4,Northampton County High School,Northampton County Schools,Northampton County,1.6101591566652695
North Lenoir High,Lenoir County Public Schools,Lenoir County,Economic and Crime Concentrated,5,East Bladen High,Bladen County Schools,Bladen County,2.111813401382153
South Lenoir High,Lenoir County Public Schools,Lenoir County,Economic and Crime Concentrated,1,Kinston High,Lenoir County Public Schools,Lenoir County,1.1808815338529965
South Lenoir High,Lenoir County Public Schools,Lenoir County,Economic and Crime Concentrated,2,Red Springs High,Public Schools Of Robeson County,Robeson County,1.341856892818794
South Lenoir High,Lenoir County Public Schools,Lenoir County,Economic and Crime Concentrated,3,Scotland High School,Scotland County Schools,Scotland County,1.342630776835081
South Lenoir High,Lenoir County Public Schools,Lenoir County,Economic and Crime Concentrated,4,Scotland Early College High,Scotland County Schools,Scotland County,1.342630776835081
South Lenoir High,Lenoir County Public Schools,Lenoir County,Economic and Crime Concentrated,5,Cherokee Central High School,Cherokee Central High School,Swain County,1.3920554414290895
Lenoir County Early College High,Lenoir County Public Schools,Lenoir County,Economic and Crime Concentrated,1,North Lenoir High,Lenoir County Public Schools,Lenoir County,0.5611890025581169
Lenoir County Early College High,Lenoir County Public Schools,Lenoir County,Economic and Crime Concentrated,2,Saint Pauls High,Public Schools Of Robeson County,Robeson County,1.6097660811832575
Lenoir County Early College High,Lenoir County Public Schools,Lenoir County,Economic and Crime Concentrated,3,Swain County High School,Swain County Schools,Swain County,1.8197854649827454
Lenoir County Early College High,Lenoir County Public Schools,Lenoir County,Economic and Crime Concentrated,4,Northampton County High School,Northampton County Schools,Northampton County,1.8445953331440295
Lenoir County Early College High,Lenoir County Public Schools,Lenoir County,Economic and Crime Concentrated,5,East Bladen High,Bladen County Schools,Bladen County,2.346833599934333
Lexington Senior High School,Lexington City Schools,Davidson County,"Moderate Stress, Lower Housing",1,Freedom High,Burke County Schools,Burke County,0.37625564640992887
Lexington Senior High School,Lexington City Schools,Davidson County,"Moderate Stress, Lower Housing",2,Jimmy C Draughn High School,Burke County Schools,Burke County,0.44747954736175394
Lexington Senior High School,Lexington City Schools,Davidson County,"Moderate Stress, Lower Housing",3,Robert L. Patton High School,Burke County Schools,Burke County,0.44747954736175394
Lexington Senior High School,Lexington City Schools,Davidson County,"Moderate Stress, Lower Housing",4,Yadkin Valley Regional Career Academy,Davidson County Schools,Davidson County,0.5014765775943515
Lexington Senior High School,Lexington City Schools,Davidson County,"Moderate Stress, Lower Housing",5,Davidson County High School,Davidson County Schools,Davidson County,0.5014765775943515
East Lincoln High,Lincoln County Schools,Lincoln County,Broadly Lower Stress,1,Longleaf School Of The Arts,Longleaf School Of The Arts,Wake County,0.8245573352345529
East Lincoln High,Lincoln County Schools,Lincoln County,Broadly Lower Stress,2,Carrboro High,Chapel Hill-Carrboro City Schools,Orange County,1.0749980364706067
East Lincoln High,Lincoln County Schools,Lincoln County,Broadly Lower Stress,3,Raleigh Charter High School,Raleigh Charter High School,Wake County,1.2743534702853552
East Lincoln High,Lincoln County Schools,Lincoln County,Broadly Lower Stress,4,Southern Wake Academy,Southern Wake Academy,Wake County,1.3318146046191053
East Lincoln High,Lincoln County Schools,Lincoln County,Broadly Lower Stress,5,Pinecrest High,Moore County Schools,Moore County,1.3424386420852628
Lincolnton High,Lincoln County Schools,Lincoln County,"Moderate Stress, Lower Housing",1,West Lincoln High,Lincoln County Schools,Lincoln County,0.0
Lincolnton High,Lincoln County Schools,Lincoln County,"Moderate Stress, Lower Housing",2,Asbury Academy,Lincoln County Schools,Lincoln County,0.0
Lincolnton High,Lincoln County Schools,Lincoln County,"Moderate Stress, Lower Housing",3,North Lincoln High,Lincoln County Schools,Lincoln County,0.0
Lincolnton High,Lincoln County Schools,Lincoln County,"Moderate Stress, Lower Housing",4,Uwharrie Ridge Six-Twelve,Randolph County School System,Randolph County,0.5573766524592495
Lincolnton High,Lincoln County Schools,Lincoln County,"Moderate Stress, Lower Housing",5,Apprentice Academy High School,Apprentice Academy Hs Of Nc,Union County,0.6131578469437915
West Lincoln High,Lincoln County Schools,Lincoln County,"Moderate Stress, Lower Housing",1,Lincolnton High,Lincoln County Schools,Lincoln County,0.0
West Lincoln High,Lincoln County Schools,Lincoln County,"Moderate Stress, Lower Housing",2,Asbury Academy,Lincoln County Schools,Lincoln County,0.0
West Lincoln High,Lincoln County Schools,Lincoln County,"Moderate Stress, Lower Housing",3,North Lincoln High,Lincoln County Schools,Lincoln County,0.0
West Lincoln High,Lincoln County Schools,Lincoln County,"Moderate Stress, Lower Housing",4,Uwharrie Ridge Six-Twelve,Randolph County School System,Randolph County,0.5573766524592495
West Lincoln High,Lincoln County Schools,Lincoln County,"Moderate Stress, Lower Housing",5,Apprentice Academy High School,Apprentice Academy Hs Of Nc,Union County,0.6131578469437915
Asbury Academy,Lincoln County Schools,Lincoln County,"Moderate Stress, Lower Housing",1,Lincolnton High,Lincoln County Schools,Lincoln County,0.0
Asbury Academy,Lincoln County Schools,Lincoln County,"Moderate Stress, Lower Housing",2,West Lincoln High,Lincoln County Schools,Lincoln County,0.0
Asbury Academy,Lincoln County Schools,Lincoln County,"Moderate Stress, Lower Housing",3,North Lincoln High,Lincoln County Schools,Lincoln County,0.0
Asbury Academy,Lincoln County Schools,Lincoln County,"Moderate Stress, Lower Housing",4,Uwharrie Ridge Six-Twelve,Randolph County School System,Randolph County,0.5573766524592495
Asbury Academy,Lincoln County Schools,Lincoln County,"Moderate Stress, Lower Housing",5,Apprentice Academy High School,Apprentice Academy Hs Of Nc,Union County,0.6131578469437915
North Lincoln High,Lincoln County Schools,Lincoln County,"Moderate Stress, Lower Housing",1,Lincolnton High,Lincoln County Schools,Lincoln County,0.0
North Lincoln High,Lincoln County Schools,Lincoln County,"Moderate Stress, Lower Housing",2,West Lincoln High,Lincoln County Schools,Lincoln County,0.0
North Lincoln High,Lincoln County Schools,Lincoln County,"Moderate Stress, Lower Housing",3,Asbury Academy,Lincoln County Schools,Lincoln County,0.0
North Lincoln High,Lincoln County Schools,Lincoln County,"Moderate Stress, Lower Housing",4,Uwharrie Ridge Six-Twelve,Randolph County School System,Randolph County,0.5573766524592495
North Lincoln High,Lincoln County Schools,Lincoln County,"Moderate Stress, Lower Housing",5,Apprentice Academy High School,Apprentice Academy Hs Of Nc,Union County,0.6131578469437915
Franklin High,Macon County Schools,Macon County,Housing-Concentrated Stress,1,Union Academy,Macon County Schools,Macon County,0.2543169218572457
Franklin High,Macon County Schools,Macon County,Housing-Concentrated Stress,2,Macon Early College High School,Macon County Schools,Macon County,0.4280675156818552
Franklin High,Macon County Schools,Macon County,Housing-Concentrated Stress,3,Mallard Creek High School,Charlotte-Mecklenburg Schools,Mecklenburg County,0.6454574332649557
Franklin High,Macon County Schools,Macon County,Housing-Concentrated Stress,4,North Mecklenburg High School,Charlotte-Mecklenburg Schools,Mecklenburg County,0.6865081205847444
Franklin High,Macon County Schools,Macon County,Housing-Concentrated Stress,5,South Mecklenburg High School,Charlotte-Mecklenburg Schools,Mecklenburg County,0.6920150763070111
Macon Early College High School,Macon County Schools,Macon County,Housing-Concentrated Stress,1,Franklin High,Macon County Schools,Macon County,0.4280675156818549
Macon Early College High School,Macon County Schools,Macon County,Housing-Concentrated Stress,2,Union Academy,Macon County Schools,Macon County,0.620830521853383
Macon Early College High School,Macon County Schools,Macon County,Housing-Concentrated Stress,3,Mallard Creek High School,Charlotte-Mecklenburg Schools,Mecklenburg County,0.6452085891741037
Macon Early College High School,Macon County Schools,Macon County,Housing-Concentrated Stress,4,West Stokes High School,Stokes County Schools,Stokes County,0.6769073300609351
Macon Early College High School,Macon County Schools,Macon County,Housing-Concentrated Stress,5,Stokes Early College High School,Stokes County Schools,Stokes County,0.6971864288304422
Union Academy,Macon County Schools,Macon County,Housing-Concentrated Stress,1,Franklin High,Macon County Schools,Macon County,0.2543169218572457
Union Academy,Macon County Schools,Macon County,Housing-Concentrated Stress,2,Macon Early College High School,Macon County Schools,Macon County,0.6208305218533828
Union Academy,Macon County Schools,Macon County,Housing-Concentrated Stress,3,South Mecklenburg High School,Charlotte-Mecklenburg Schools,Mecklenburg County,0.7425976708355014
Union Academy,Macon County Schools,Macon County,Housing-Concentrated Stress,4,Mallard Creek High School,Charlotte-Mecklenburg Schools,Mecklenburg County,0.7527843568316934
Union Academy,Macon County Schools,Macon County,Housing-Concentrated Stress,5,Char Eng Early College-Uncc,Charlotte-Mecklenburg Schools,Mecklenburg County,0.7570506104808381
Madison High School,Madison County Schools,Madison County,Housing-Concentrated Stress,1,Madison Early College High,Madison County Schools,Madison County,0.0
Madison High School,Madison County Schools,Madison County,Housing-Concentrated Stress,2,Madison Velocity Learning Center,Madison County Schools,Madison County,0.5860528395430401
Madison High School,Madison County Schools,Madison County,Housing-Concentrated Stress,3,Camden County High,Camden County Schools,Camden County,1.0363612688309083
Madison High School,Madison County Schools,Madison County,Housing-Concentrated Stress,4,J. C. Roe Center,New Hanover County Schools,New Hanover County,1.176217951288806
Madison High School,Madison County Schools,Madison County,Housing-Concentrated Stress,5,Hayesville High,Clay County Schools,Clay County,1.208403498951571
Madison Early College High,Madison County Schools,Madison County,Housing-Concentrated Stress,1,Madison High School,Madison County Schools,Madison County,0.0
Madison Early College High,Madison County Schools,Madison County,Housing-Concentrated Stress,2,Madison Velocity Learning Center,Madison County Schools,Madison County,0.5860528395430401
Madison Early College High,Madison County Schools,Madison County,Housing-Concentrated Stress,3,Camden County High,Camden County Schools,Camden County,1.0363612688309083
Madison Early College High,Madison County Schools,Madison County,Housing-Concentrated Stress,4,J. C. Roe Center,New Hanover County Schools,New Hanover County,1.176217951288806
Madison Early College High,Madison County Schools,Madison County,Housing-Concentrated Stress,5,Hayesville High,Clay County Schools,Clay County,1.208403498951571
Madison Velocity Learning Center,Madison County Schools,Madison County,Housing-Concentrated Stress,1,Madison Early College High,Madison County Schools,Madison County,0.5860528395430401
Madison Velocity Learning Center,Madison County Schools,Madison County,Housing-Concentrated Stress,2,Madison High School,Madison County Schools,Madison County,0.5860528395430401
Madison Velocity Learning Center,Madison County Schools,Madison County,Housing-Concentrated Stress,3,Camden County High,Camden County Schools,Camden County,0.7082476932345364
Madison Velocity Learning Center,Madison County Schools,Madison County,Housing-Concentrated Stress,4,Hayesville High,Clay County Schools,Clay County,0.8793879432909449
Madison Velocity Learning Center,Madison County Schools,Madison County,Housing-Concentrated Stress,5,J. C. Roe Center,New Hanover County Schools,New Hanover County,1.1265001961925627
South Creek High,Martin County Schools,Martin County,Economic and Crime Concentrated,1,Riverside High,Martin County Schools,Martin County,0.17334399217650825
South Creek High,Martin County Schools,Martin County,Economic and Crime Concentrated,2,Bertie High,Bertie County Schools,Bertie County,0.6690470803542207
South Creek High,Martin County Schools,Martin County,Economic and Crime Concentrated,3,Bertie Early College High,Bertie County Schools,Bertie County,0.6690470803542207
South Creek High,Martin County Schools,Martin County,Economic and Crime Concentrated,4,Warren County High,Warren County Schools,Warren County,0.7204136936572364
South Creek High,Martin County Schools,Martin County,Economic and Crime Concentrated,5,Warren Early College High,Warren County Schools,Warren County,0.7204136936572364
Riverside High,Martin County Schools,Martin County,Economic and Crime Concentrated,1,South Creek High,Martin County Schools,Martin County,0.17334399217650825
Riverside High,Martin County Schools,Martin County,Economic and Crime Concentrated,2,Bertie High,Bertie County Schools,Bertie County,0.811147935395466
Riverside High,Martin County Schools,Martin County,Economic and Crime Concentrated,3,Bertie Early College High,Bertie County Schools,Bertie County,0.811147935395466
Riverside High,Martin County Schools,Martin County,Economic and Crime Concentrated,4,Warren County High,Warren County Schools,Warren County,0.8180688162540519
Riverside High,Martin County Schools,Martin County,Economic and Crime Concentrated,5,Warren New Tech High,Warren County Schools,Warren County,0.8180688162540519
Mcdowell High School,Mcdowell County Schools,McDowell County,"Moderate Stress, Lower Housing",1,Mcdowell Early College,Mcdowell County Schools,McDowell County,0.0
Mcdowell High School,Mcdowell County Schools,McDowell County,"Moderate Stress, Lower Housing",2,Research Triangle High School,Research Triangle High School,Durham County,0.6831736985345835
Mcdowell High School,Mcdowell County Schools,McDowell County,"Moderate Stress, Lower Housing",3,Riverside High,Durham Public Schools,Durham County,0.7418023361400252
Mcdowell High School,Mcdowell County Schools,McDowell County,"Moderate Stress, Lower Housing",4,Elkin High,Elkin City Schools,Surry County,0.7671538401606118
Mcdowell High School,Mcdowell County Schools,McDowell County,"Moderate Stress, Lower Housing",5,Surry Central High,Surry County Schools,Surry County,0.8462233705014686
Mcdowell Early College,Mcdowell County Schools,McDowell County,"Moderate Stress, Lower Housing",1,Mcdowell High School,Mcdowell County Schools,McDowell County,0.0
Mcdowell Early College,Mcdowell County Schools,McDowell County,"Moderate Stress, Lower Housing",2,Research Triangle High School,Research Triangle High School,Durham County,0.6831736985345835
Mcdowell Early College,Mcdowell County Schools,McDowell County,"Moderate Stress, Lower Housing",3,Riverside High,Durham Public Schools,Durham County,0.7418023361400252
Mcdowell Early College,Mcdowell County Schools,McDowell County,"Moderate Stress, Lower Housing",4,Elkin High,Elkin City Schools,Surry County,0.7671538401606118
Mcdowell Early College,Mcdowell County Schools,McDowell County,"Moderate Stress, Lower Housing",5,Surry Central High,Surry County Schools,Surry County,0.8462233705014686
Mcdowell Academy For Innovation,Mcdowell County Schools,McDowell County,"Moderate Stress, Lower Housing",1,Mcdowell Virtual Academy,Mcdowell County Schools,McDowell County,0.0
Mcdowell Academy For Innovation,Mcdowell County Schools,McDowell County,"Moderate Stress, Lower Housing",2,John M Morehead High,Rockingham County Schools,Rockingham County,0.4675336262535655
Mcdowell Academy For Innovation,Mcdowell County Schools,McDowell County,"Moderate Stress, Lower Housing",3,Rockingham Co Early College High,Rockingham County Schools,Rockingham County,0.5292547744903552
Mcdowell Academy For Innovation,Mcdowell County Schools,McDowell County,"Moderate Stress, Lower Housing",4,Elkin High,Elkin City Schools,Surry County,0.5460657029079382
Mcdowell Academy For Innovation,Mcdowell County Schools,McDowell County,"Moderate Stress, Lower Housing",5,Roxboro Community School,Roxboro Community School,Person County,0.6581271969192175
Mcdowell Virtual Academy,Mcdowell County Schools,McDowell County,"Moderate Stress, Lower Housing",1,Mcdowell Academy For Innovation,Mcdowell County Schools,McDowell County,0.0
Mcdowell Virtual Academy,Mcdowell County Schools,McDowell County,"Moderate Stress, Lower Housing",2,John M Morehead High,Rockingham County Schools,Rockingham County,0.4675336262535655
Mcdowell Virtual Academy,Mcdowell County Schools,McDowell County,"Moderate Stress, Lower Housing",3,Rockingham Co Early College High,Rockingham County Schools,Rockingham County,0.5292547744903552
Mcdowell Virtual Academy,Mcdowell County Schools,McDowell County,"Moderate Stress, Lower Housing",4,Elkin High,Elkin City Schools,Surry County,0.5460657029079382
Mcdowell Virtual Academy,Mcdowell County Schools,McDowell County,"Moderate Stress, Lower Housing",5,Roxboro Community School,Roxboro Community School,Person County,0.6581271969192175
Turning Point Academy,Charlotte-Mecklenburg Schools,Mecklenburg County,Multidomain Elevated Stress,1,West Wilkes High School,Wilkes County Schools,Wilkes County,0.7582877945624307
Turning Point Academy,Charlotte-Mecklenburg Schools,Mecklenburg County,Multidomain Elevated Stress,2,Forestview High,Gaston County Schools,Gaston County,0.80838684624757
Turning Point Academy,Charlotte-Mecklenburg Schools,Mecklenburg County,Multidomain Elevated Stress,3,Gaston Early College High School,Gaston County Schools,Gaston County,0.80838684624757
Turning Point Academy,Charlotte-Mecklenburg Schools,Mecklenburg County,Multidomain Elevated Stress,4,Lucy Ragsdale High,Guilford County Schools,Guilford County,0.9234593209215316
Turning Point Academy,Charlotte-Mecklenburg Schools,Mecklenburg County,Multidomain Elevated Stress,5,Ashbrook High,Gaston County Schools,Gaston County,0.9613203581442451
Cochrane Collegiate Academy,Charlotte-Mecklenburg Schools,Mecklenburg County,Education and Health Pressure,1,Garinger High School,Charlotte-Mecklenburg Schools,Mecklenburg County,0.8599294278897553
Cochrane Collegiate Academy,Charlotte-Mecklenburg Schools,Mecklenburg County,Education and Health Pressure,2,North Duplin Jr Sr High,Duplin County Schools,Duplin County,1.2549849167372347
Cochrane Collegiate Academy,Charlotte-Mecklenburg Schools,Mecklenburg County,Education and Health Pressure,3,Military And Global Leadership,Charlotte-Mecklenburg Schools,Mecklenburg County,1.5237317362638594
Cochrane Collegiate Academy,Charlotte-Mecklenburg Schools,Mecklenburg County,Education and Health Pressure,4,Commonwealth High,Commonwealth High School,Mecklenburg County,1.5237317362638594
Cochrane Collegiate Academy,Charlotte-Mecklenburg Schools,Mecklenburg County,Education and Health Pressure,5,Hawthorne Academy Of Health Sciences,Charlotte-Mecklenburg Schools,Mecklenburg County,1.5237317362638594
East Mecklenburg High School,Charlotte-Mecklenburg Schools,Mecklenburg County,Education and Health Pressure,1,Olympic High School,Charlotte-Mecklenburg Schools,Mecklenburg County,0.5526233785465131
East Mecklenburg High School,Charlotte-Mecklenburg Schools,Mecklenburg County,Education and Health Pressure,2,Harper Middle College High,Charlotte-Mecklenburg Schools,Mecklenburg County,0.5526233785465131
East Mecklenburg High School,Charlotte-Mecklenburg Schools,Mecklenburg County,Education and Health Pressure,3,Harding University High School,Charlotte-Mecklenburg Schools,Mecklenburg County,0.7813888751419744
East Mecklenburg High School,Charlotte-Mecklenburg Schools,Mecklenburg County,Education and Health Pressure,4,Northern High,Durham Public Schools,Durham County,0.9414100573542159
East Mecklenburg High School,Charlotte-Mecklenburg Schools,Mecklenburg County,Education and Health Pressure,5,Durham'S Performance Learning Center,Durham Public Schools,Durham County,1.025811693410485
Harding University High School,Charlotte-Mecklenburg Schools,Mecklenburg County,Education and Health Pressure,1,Williams Secondary Montessori,Charlotte-Mecklenburg Schools,Mecklenburg County,0.7510022139808837
Harding University High School,Charlotte-Mecklenburg Schools,Mecklenburg County,Education and Health Pressure,2,East Mecklenburg High School,Charlotte-Mecklenburg Schools,Mecklenburg County,0.7813888751419744
Harding University High School,Charlotte-Mecklenburg Schools,Mecklenburg County,Education and Health Pressure,3,Harper Middle College High,Charlotte-Mecklenburg Schools,Mecklenburg County,0.8179411873824379
Harding University High School,Charlotte-Mecklenburg Schools,Mecklenburg County,Education and Health Pressure,4,Olympic High School,Charlotte-Mecklenburg Schools,Mecklenburg County,0.8179411873824379
Harding University High School,Charlotte-Mecklenburg Schools,Mecklenburg County,Education and Health Pressure,5,Northern High,Durham Public Schools,Durham County,0.9680819479859403
Independence High School,Charlotte-Mecklenburg Schools,Mecklenburg County,Education and Health Pressure,1,Olympic High School,Charlotte-Mecklenburg Schools,Mecklenburg County,0.8098541803793708
Independence High School,Charlotte-Mecklenburg Schools,Mecklenburg County,Education and Health Pressure,2,Harper Middle College High,Charlotte-Mecklenburg Schools,Mecklenburg County,0.8098541803793708
Independence High School,Charlotte-Mecklenburg Schools,Mecklenburg County,Education and Health Pressure,3,The School For Creative Studies,Durham Public Schools,Durham County,1.0206894543588878
Independence High School,Charlotte-Mecklenburg Schools,Mecklenburg County,Education and Health Pressure,4,Lakeview School,Durham Public Schools,Durham County,1.0206894543588878
Independence High School,Charlotte-Mecklenburg Schools,Mecklenburg County,Education and Health Pressure,5,East Mecklenburg High School,Charlotte-Mecklenburg Schools,Mecklenburg County,1.0714912502871592
Myers Park High School,Charlotte-Mecklenburg Schools,Mecklenburg County,Broadly Lower Stress,1,Hopewell High School,Charlotte-Mecklenburg Schools,Mecklenburg County,0.5486593527672965
Myers Park High School,Charlotte-Mecklenburg Schools,Mecklenburg County,Broadly Lower Stress,2,Dixon High,Onslow County Schools,Onslow County,0.5531882921909381
Myers Park High School,Charlotte-Mecklenburg Schools,Mecklenburg County,Broadly Lower Stress,3,Croatan High,Carteret County Public Schools,Carteret County,0.683918146832087
Myers Park High School,Charlotte-Mecklenburg Schools,Mecklenburg County,Broadly Lower Stress,4,Central Haywood High,Haywood County Schools,Haywood County,0.7617948314414438
Myers Park High School,Charlotte-Mecklenburg Schools,Mecklenburg County,Broadly Lower Stress,5,C E Jordan High,Durham Public Schools,Durham County,0.7884246400285148
North Mecklenburg High School,Charlotte-Mecklenburg Schools,Mecklenburg County,Housing-Concentrated Stress,1,Mallard Creek High School,Charlotte-Mecklenburg Schools,Mecklenburg County,0.30455361076309917
North Mecklenburg High School,Charlotte-Mecklenburg Schools,Mecklenburg County,Housing-Concentrated Stress,2,Stuart W Cramer High,Gaston County Schools,Gaston County,0.46998396686473626
North Mecklenburg High School,Charlotte-Mecklenburg Schools,Mecklenburg County,Housing-Concentrated Stress,3,J. C. Roe Center,New Hanover County Schools,New Hanover County,0.5286100009371414
North Mecklenburg High School,Charlotte-Mecklenburg Schools,Mecklenburg County,Housing-Concentrated Stress,4,South Mecklenburg High School,Charlotte-Mecklenburg Schools,Mecklenburg County,0.5726928726445719
North Mecklenburg High School,Charlotte-Mecklenburg Schools,Mecklenburg County,Housing-Concentrated Stress,5,South Point High,Gaston County Schools,Gaston County,0.6286619463386361
Northwest School Of The Arts,Charlotte-Mecklenburg Schools,Mecklenburg County,"Moderate Stress, Lower Housing",1,Hibriten High,Caldwell County Schools,Caldwell County,0.3988724127496198
Northwest School Of The Arts,Charlotte-Mecklenburg Schools,Mecklenburg County,"Moderate Stress, Lower Housing",2,Wilkes Early College High School,Wilkes County Schools,Wilkes County,0.5251848542432913
Northwest School Of The Arts,Charlotte-Mecklenburg Schools,Mecklenburg County,"Moderate Stress, Lower Housing",3,West Charlotte High School,Charlotte-Mecklenburg Schools,Mecklenburg County,0.5305910831322298
Northwest School Of The Arts,Charlotte-Mecklenburg Schools,Mecklenburg County,"Moderate Stress, Lower Housing",4,North Wilkes High School,Wilkes County Schools,Wilkes County,0.6133294117352598
Northwest School Of The Arts,Charlotte-Mecklenburg Schools,Mecklenburg County,"Moderate Stress, Lower Housing",5,South Stanly High,Stanly County Schools,Stanly County,0.6237103626578566
Olympic High School,Charlotte-Mecklenburg Schools,Mecklenburg County,Education and Health Pressure,1,Harper Middle College High,Charlotte-Mecklenburg Schools,Mecklenburg County,0.0
Olympic High School,Charlotte-Mecklenburg Schools,Mecklenburg County,Education and Health Pressure,2,East Mecklenburg High School,Charlotte-Mecklenburg Schools,Mecklenburg County,0.5526233785465131
Olympic High School,Charlotte-Mecklenburg Schools,Mecklenburg County,Education and Health Pressure,3,Independence High School,Charlotte-Mecklenburg Schools,Mecklenburg County,0.8098541803793706
Olympic High School,Charlotte-Mecklenburg Schools,Mecklenburg County,Education and Health Pressure,4,Harding University High School,Charlotte-Mecklenburg Schools,Mecklenburg County,0.8179411873824379
Olympic High School,Charlotte-Mecklenburg Schools,Mecklenburg County,Education and Health Pressure,5,The School For Creative Studies,Durham Public Schools,Durham County,1.1912502008753103
South Mecklenburg High School,Charlotte-Mecklenburg Schools,Mecklenburg County,Housing-Concentrated Stress,1,North Mecklenburg High School,Charlotte-Mecklenburg Schools,Mecklenburg County,0.5726928726445719
South Mecklenburg High School,Charlotte-Mecklenburg Schools,Mecklenburg County,Housing-Concentrated Stress,2,Performance Learning Center,Charlotte-Mecklenburg Schools,Mecklenburg County,0.6533696041702852
South Mecklenburg High School,Charlotte-Mecklenburg Schools,Mecklenburg County,Housing-Concentrated Stress,3,Cato Middle College High School,Charlotte-Mecklenburg Schools,Mecklenburg County,0.6533696041702852
South Mecklenburg High School,Charlotte-Mecklenburg Schools,Mecklenburg County,Housing-Concentrated Stress,4,Levine Middle College High Sch,Charlotte-Mecklenburg Schools,Mecklenburg County,0.6533696041702852
South Mecklenburg High School,Charlotte-Mecklenburg Schools,Mecklenburg County,Housing-Concentrated Stress,5,Franklin High,Macon County Schools,Macon County,0.6920150763070111
West Charlotte High School,Charlotte-Mecklenburg Schools,Mecklenburg County,"Moderate Stress, Lower Housing",1,Albemarle High,Stanly County Schools,Stanly County,0.502215463595154
West Charlotte High School,Charlotte-Mecklenburg Schools,Mecklenburg County,"Moderate Stress, Lower Housing",2,Northwest School Of The Arts,Charlotte-Mecklenburg Schools,Mecklenburg County,0.5305910831322298
West Charlotte High School,Charlotte-Mecklenburg Schools,Mecklenburg County,"Moderate Stress, Lower Housing",3,Hibriten High,Caldwell County Schools,Caldwell County,0.5660684946694885
West Charlotte High School,Charlotte-Mecklenburg Schools,Mecklenburg County,"Moderate Stress, Lower Housing",4,South Stanly High,Stanly County Schools,Stanly County,0.5828566907779613
West Charlotte High School,Charlotte-Mecklenburg Schools,Mecklenburg County,"Moderate Stress, Lower Housing",5,West Mecklenburg High School,Charlotte-Mecklenburg Schools,Mecklenburg County,0.5989198697614525
West Mecklenburg High School,Charlotte-Mecklenburg Schools,Mecklenburg County,"Moderate Stress, Lower Housing",1,Butler High School,Charlotte-Mecklenburg Schools,Mecklenburg County,0.25324179670979086
West Mecklenburg High School,Charlotte-Mecklenburg Schools,Mecklenburg County,"Moderate Stress, Lower Housing",2,South Stanly High,Stanly County Schools,Stanly County,0.540388223043926
West Mecklenburg High School,Charlotte-Mecklenburg Schools,Mecklenburg County,"Moderate Stress, Lower Housing",3,West Charlotte High School,Charlotte-Mecklenburg Schools,Mecklenburg County,0.5989198697614525
West Mecklenburg High School,Charlotte-Mecklenburg Schools,Mecklenburg County,"Moderate Stress, Lower Housing",4,West Caldwell High,Caldwell County Schools,Caldwell County,0.6831736985345834
West Mecklenburg High School,Charlotte-Mecklenburg Schools,Mecklenburg County,"Moderate Stress, Lower Housing",5,Rocky River High School,Charlotte-Mecklenburg Schools,Mecklenburg County,0.7064288770494171
Providence High School,Charlotte-Mecklenburg Schools,Mecklenburg County,Broadly Lower Stress,1,William Amos Hough High,Charlotte-Mecklenburg Schools,Mecklenburg County,0.8785919407360534
Providence High School,Charlotte-Mecklenburg Schools,Mecklenburg County,Broadly Lower Stress,2,Ardrey Kell High School,Charlotte-Mecklenburg Schools,Mecklenburg County,0.943137793240452
Providence High School,Charlotte-Mecklenburg Schools,Mecklenburg County,Broadly Lower Stress,3,Holly Springs High,Wake County Schools,Wake County,1.0425710380101825
Providence High School,Charlotte-Mecklenburg Schools,Mecklenburg County,Broadly Lower Stress,4,Brevard High,Transylvania County Schools,Transylvania County,1.077900754446205
Providence High School,Charlotte-Mecklenburg Schools,Mecklenburg County,Broadly Lower Stress,5,Davidson River School,Transylvania County Schools,Transylvania County,1.077900754446205
Hawthorne Academy Of Health Sciences,Charlotte-Mecklenburg Schools,Mecklenburg County,Education and Health Pressure,1,Military And Global Leadership,Charlotte-Mecklenburg Schools,Mecklenburg County,0.0
Hawthorne Academy Of Health Sciences,Charlotte-Mecklenburg Schools,Mecklenburg County,Education and Health Pressure,2,Commonwealth High,Commonwealth High School,Mecklenburg County,0.0
Hawthorne Academy Of Health Sciences,Charlotte-Mecklenburg Schools,Mecklenburg County,Education and Health Pressure,3,Sage Academy,Chatham County Schools,Chatham County,1.0408174844007216
Hawthorne Academy Of Health Sciences,Charlotte-Mecklenburg Schools,Mecklenburg County,Education and Health Pressure,4,Chatham School Of Science & Engineering,Chatham County Schools,Chatham County,1.0408174844007216
Hawthorne Academy Of Health Sciences,Charlotte-Mecklenburg Schools,Mecklenburg County,Education and Health Pressure,5,Garinger High School,Charlotte-Mecklenburg Schools,Mecklenburg County,1.2612784610084407
Butler High School,Charlotte-Mecklenburg Schools,Mecklenburg County,"Moderate Stress, Lower Housing",1,West Mecklenburg High School,Charlotte-Mecklenburg Schools,Mecklenburg County,0.25324179670979086
Butler High School,Charlotte-Mecklenburg Schools,Mecklenburg County,"Moderate Stress, Lower Housing",2,Rocky River High School,Charlotte-Mecklenburg Schools,Mecklenburg County,0.7376260365375383
Butler High School,Charlotte-Mecklenburg Schools,Mecklenburg County,"Moderate Stress, Lower Housing",3,South Stanly High,Stanly County Schools,Stanly County,0.7433573772831005
Butler High School,Charlotte-Mecklenburg Schools,Mecklenburg County,"Moderate Stress, Lower Housing",4,West Charlotte High School,Charlotte-Mecklenburg Schools,Mecklenburg County,0.7990206237956323
Butler High School,Charlotte-Mecklenburg Schools,Mecklenburg County,"Moderate Stress, Lower Housing",5,Pender High,Pender County Schools,Pender County,0.8501697668580467
Julius L. Chambers High School,Charlotte-Mecklenburg Schools,Mecklenburg County,"Moderate Stress, Lower Housing",1,Rocky River High School,Charlotte-Mecklenburg Schools,Mecklenburg County,0.4632811145021469
Julius L. Chambers High School,Charlotte-Mecklenburg Schools,Mecklenburg County,"Moderate Stress, Lower Housing",2,North Wilkes High School,Wilkes County Schools,Wilkes County,0.8728775461887426
Julius L. Chambers High School,Charlotte-Mecklenburg Schools,Mecklenburg County,"Moderate Stress, Lower Housing",3,West Caldwell High,Caldwell County Schools,Caldwell County,0.9096497426221113
Julius L. Chambers High School,Charlotte-Mecklenburg Schools,Mecklenburg County,"Moderate Stress, Lower Housing",4,Southeast Raleigh High,Wake County Schools,Wake County,1.00457797672849
Julius L. Chambers High School,Charlotte-Mecklenburg Schools,Mecklenburg County,"Moderate Stress, Lower Housing",5,West Mecklenburg High School,Charlotte-Mecklenburg Schools,Mecklenburg County,1.0078019487807974
Hopewell High School,Charlotte-Mecklenburg Schools,Mecklenburg County,Broadly Lower Stress,1,Myers Park High School,Charlotte-Mecklenburg Schools,Mecklenburg County,0.5486593527672965
Hopewell High School,Charlotte-Mecklenburg Schools,Mecklenburg County,Broadly Lower Stress,2,Dixon High,Onslow County Schools,Onslow County,0.6073236464811923
Hopewell High School,Charlotte-Mecklenburg Schools,Mecklenburg County,Broadly Lower Stress,3,Croatan High,Carteret County Public Schools,Carteret County,0.7284015077718623
Hopewell High School,Charlotte-Mecklenburg Schools,Mecklenburg County,Broadly Lower Stress,4,The Community Learning Center @ Pinckney,Moore County Schools,Moore County,0.7566754708372878
Hopewell High School,Charlotte-Mecklenburg Schools,Mecklenburg County,Broadly Lower Stress,5,William Amos Hough High,Charlotte-Mecklenburg Schools,Mecklenburg County,0.8039627268772115
Phillip O Berry Academy Of Technology,Charlotte-Mecklenburg Schools,Mecklenburg County,Education and Health Pressure,1,Stewart Creek High,Stewart Creek High School,Mecklenburg County,0.0
Phillip O Berry Academy Of Technology,Charlotte-Mecklenburg Schools,Mecklenburg County,Education and Health Pressure,2,Duplin Early College High,Duplin County Schools,Duplin County,0.40201673573112623
Phillip O Berry Academy Of Technology,Charlotte-Mecklenburg Schools,Mecklenburg County,Education and Health Pressure,3,East Duplin High,Duplin County Schools,Duplin County,0.4655685282263421
Phillip O Berry Academy Of Technology,Charlotte-Mecklenburg Schools,Mecklenburg County,Education and Health Pressure,4,Wallace-Rose Hill High,Duplin County Schools,Duplin County,0.6452651247399669
Phillip O Berry Academy Of Technology,Charlotte-Mecklenburg Schools,Mecklenburg County,Education and Health Pressure,5,James Kenan High,Duplin County Schools,Duplin County,0.8003072672596192
Mallard Creek High School,Charlotte-Mecklenburg Schools,Mecklenburg County,Housing-Concentrated Stress,1,North Mecklenburg High School,Charlotte-Mecklenburg Schools,Mecklenburg County,0.30455361076309917
Mallard Creek High School,Charlotte-Mecklenburg Schools,Mecklenburg County,Housing-Concentrated Stress,2,Stuart W Cramer High,Gaston County Schools,Gaston County,0.40789853092668293
Mallard Creek High School,Charlotte-Mecklenburg Schools,Mecklenburg County,Housing-Concentrated Stress,3,J. C. Roe Center,New Hanover County Schools,New Hanover County,0.5918168196125214
Mallard Creek High School,Charlotte-Mecklenburg Schools,Mecklenburg County,Housing-Concentrated Stress,4,Macon Early College High School,Macon County Schools,Macon County,0.6452085891741037
Mallard Creek High School,Charlotte-Mecklenburg Schools,Mecklenburg County,Housing-Concentrated Stress,5,Franklin High,Macon County Schools,Macon County,0.6454574332649557
Performance Learning Center,Charlotte-Mecklenburg Schools,Mecklenburg County,Housing-Concentrated Stress,1,Levine Middle College High Sch,Charlotte-Mecklenburg Schools,Mecklenburg County,0.0
Performance Learning Center,Charlotte-Mecklenburg Schools,Mecklenburg County,Housing-Concentrated Stress,2,Cato Middle College High School,Charlotte-Mecklenburg Schools,Mecklenburg County,0.0
Performance Learning Center,Charlotte-Mecklenburg Schools,Mecklenburg County,Housing-Concentrated Stress,3,Tuscola High,Haywood County Schools,Haywood County,0.6277863664200842
Performance Learning Center,Charlotte-Mecklenburg Schools,Mecklenburg County,Housing-Concentrated Stress,4,South Mecklenburg High School,Charlotte-Mecklenburg Schools,Mecklenburg County,0.6533696041702852
Performance Learning Center,Charlotte-Mecklenburg Schools,Mecklenburg County,Housing-Concentrated Stress,5,East Gaston High,Gaston County Schools,Gaston County,0.6732950963783586
Ardrey Kell High School,Charlotte-Mecklenburg Schools,Mecklenburg County,Broadly Lower Stress,1,Merancas Middle College-Cpcc,Charlotte-Mecklenburg Schools,Mecklenburg County,0.6433052223183072
Ardrey Kell High School,Charlotte-Mecklenburg Schools,Mecklenburg County,Broadly Lower Stress,2,Providence High School,Charlotte-Mecklenburg Schools,Mecklenburg County,0.943137793240452
Ardrey Kell High School,Charlotte-Mecklenburg Schools,Mecklenburg County,Broadly Lower Stress,3,Hopewell High School,Charlotte-Mecklenburg Schools,Mecklenburg County,1.0022500457045977
Ardrey Kell High School,Charlotte-Mecklenburg Schools,Mecklenburg County,Broadly Lower Stress,4,Central Haywood High,Haywood County Schools,Haywood County,1.1159748195330352
Ardrey Kell High School,Charlotte-Mecklenburg Schools,Mecklenburg County,Broadly Lower Stress,5,Myers Park High School,Charlotte-Mecklenburg Schools,Mecklenburg County,1.1169685388653907
Cato Middle College High School,Charlotte-Mecklenburg Schools,Mecklenburg County,Housing-Concentrated Stress,1,Levine Middle College High Sch,Charlotte-Mecklenburg Schools,Mecklenburg County,0.0
Cato Middle College High School,Charlotte-Mecklenburg Schools,Mecklenburg County,Housing-Concentrated Stress,2,Performance Learning Center,Charlotte-Mecklenburg Schools,Mecklenburg County,0.0
Cato Middle College High School,Charlotte-Mecklenburg Schools,Mecklenburg County,Housing-Concentrated Stress,3,Tuscola High,Haywood County Schools,Haywood County,0.6277863664200842
Cato Middle College High School,Charlotte-Mecklenburg Schools,Mecklenburg County,Housing-Concentrated Stress,4,South Mecklenburg High School,Charlotte-Mecklenburg Schools,Mecklenburg County,0.6533696041702852
Cato Middle College High School,Charlotte-Mecklenburg Schools,Mecklenburg County,Housing-Concentrated Stress,5,East Gaston High,Gaston County Schools,Gaston County,0.6732950963783586
Military And Global Leadership,Charlotte-Mecklenburg Schools,Mecklenburg County,Education and Health Pressure,1,Hawthorne Academy Of Health Sciences,Charlotte-Mecklenburg Schools,Mecklenburg County,0.0
Military And Global Leadership,Charlotte-Mecklenburg Schools,Mecklenburg County,Education and Health Pressure,2,Commonwealth High,Commonwealth High School,Mecklenburg County,0.0
Military And Global Leadership,Charlotte-Mecklenburg Schools,Mecklenburg County,Education and Health Pressure,3,Chatham School Of Science & Engineering,Chatham County Schools,Chatham County,1.0408174844007216
Military And Global Leadership,Charlotte-Mecklenburg Schools,Mecklenburg County,Education and Health Pressure,4,Sage Academy,Chatham County Schools,Chatham County,1.0408174844007216
Military And Global Leadership,Charlotte-Mecklenburg Schools,Mecklenburg County,Education and Health Pressure,5,Garinger High School,Charlotte-Mecklenburg Schools,Mecklenburg County,1.2612784610084407
Rocky River High School,Charlotte-Mecklenburg Schools,Mecklenburg County,"Moderate Stress, Lower Housing",1,Julius L. Chambers High School,Charlotte-Mecklenburg Schools,Mecklenburg County,0.4632811145021469
Rocky River High School,Charlotte-Mecklenburg Schools,Mecklenburg County,"Moderate Stress, Lower Housing",2,North Wilkes High School,Wilkes County Schools,Wilkes County,0.5960681905911154
Rocky River High School,Charlotte-Mecklenburg Schools,Mecklenburg County,"Moderate Stress, Lower Housing",3,West Mecklenburg High School,Charlotte-Mecklenburg Schools,Mecklenburg County,0.7064288770494171
Rocky River High School,Charlotte-Mecklenburg Schools,Mecklenburg County,"Moderate Stress, Lower Housing",4,Butler High School,Charlotte-Mecklenburg Schools,Mecklenburg County,0.7376260365375383
Rocky River High School,Charlotte-Mecklenburg Schools,Mecklenburg County,"Moderate Stress, Lower Housing",5,West Caldwell High,Caldwell County Schools,Caldwell County,0.8263506751180318
William Amos Hough High,Charlotte-Mecklenburg Schools,Mecklenburg County,Broadly Lower Stress,1,Hopewell High School,Charlotte-Mecklenburg Schools,Mecklenburg County,0.8039627268772115
William Amos Hough High,Charlotte-Mecklenburg Schools,Mecklenburg County,Broadly Lower Stress,2,Panther Creek High,Wake County Schools,Wake County,0.8741863455076782
William Amos Hough High,Charlotte-Mecklenburg Schools,Mecklenburg County,Broadly Lower Stress,3,Sanderson High,Wake County Schools,Wake County,0.8764912407009527
William Amos Hough High,Charlotte-Mecklenburg Schools,Mecklenburg County,Broadly Lower Stress,4,Providence High School,Charlotte-Mecklenburg Schools,Mecklenburg County,0.8785919407360534
William Amos Hough High,Charlotte-Mecklenburg Schools,Mecklenburg County,Broadly Lower Stress,5,Leesville Road High,Wake County Schools,Wake County,0.912318314324988
Garinger High School,Charlotte-Mecklenburg Schools,Mecklenburg County,Education and Health Pressure,1,Cochrane Collegiate Academy,Charlotte-Mecklenburg Schools,Mecklenburg County,0.8599294278897553
Garinger High School,Charlotte-Mecklenburg Schools,Mecklenburg County,Education and Health Pressure,2,North Duplin Jr Sr High,Duplin County Schools,Duplin County,1.0479664367755246
Garinger High School,Charlotte-Mecklenburg Schools,Mecklenburg County,Education and Health Pressure,3,Commonwealth High,Commonwealth High School,Mecklenburg County,1.2612784610084407
Garinger High School,Charlotte-Mecklenburg Schools,Mecklenburg County,Education and Health Pressure,4,Hawthorne Academy Of Health Sciences,Charlotte-Mecklenburg Schools,Mecklenburg County,1.2612784610084407
Garinger High School,Charlotte-Mecklenburg Schools,Mecklenburg County,Education and Health Pressure,5,Military And Global Leadership,Charlotte-Mecklenburg Schools,Mecklenburg County,1.2612784610084407
Harper Middle College High,Charlotte-Mecklenburg Schools,Mecklenburg County,Education and Health Pressure,1,Olympic High School,Charlotte-Mecklenburg Schools,Mecklenburg County,0.0
Harper Middle College High,Charlotte-Mecklenburg Schools,Mecklenburg County,Education and Health Pressure,2,East Mecklenburg High School,Charlotte-Mecklenburg Schools,Mecklenburg County,0.5526233785465131
Harper Middle College High,Charlotte-Mecklenburg Schools,Mecklenburg County,Education and Health Pressure,3,Independence High School,Charlotte-Mecklenburg Schools,Mecklenburg County,0.8098541803793706
Harper Middle College High,Charlotte-Mecklenburg Schools,Mecklenburg County,Education and Health Pressure,4,Harding University High School,Charlotte-Mecklenburg Schools,Mecklenburg County,0.8179411873824379
Harper Middle College High,Charlotte-Mecklenburg Schools,Mecklenburg County,Education and Health Pressure,5,The School For Creative Studies,Durham Public Schools,Durham County,1.1912502008753103
Char Eng Early College-Uncc,Charlotte-Mecklenburg Schools,Mecklenburg County,Housing-Concentrated Stress,1,Charlotte Teacher Early College,Charlotte-Mecklenburg Schools,Mecklenburg County,0.0
Char Eng Early College-Uncc,Charlotte-Mecklenburg Schools,Mecklenburg County,Housing-Concentrated Stress,2,White Oak High,Onslow County Schools,Onslow County,0.3000135221476764
Char Eng Early College-Uncc,Charlotte-Mecklenburg Schools,Mecklenburg County,Housing-Concentrated Stress,3,Northside High,Onslow County Schools,Onslow County,0.4374129603074868
Char Eng Early College-Uncc,Charlotte-Mecklenburg Schools,Mecklenburg County,Housing-Concentrated Stress,4,Onslow Early College,Onslow County Schools,Onslow County,0.5695104666257115
Char Eng Early College-Uncc,Charlotte-Mecklenburg Schools,Mecklenburg County,Housing-Concentrated Stress,5,Stuart W Cramer High,Gaston County Schools,Gaston County,0.6255054605679143
Levine Middle College High Sch,Charlotte-Mecklenburg Schools,Mecklenburg County,Housing-Concentrated Stress,1,Cato Middle College High School,Charlotte-Mecklenburg Schools,Mecklenburg County,0.0
Levine Middle College High Sch,Charlotte-Mecklenburg Schools,Mecklenburg County,Housing-Concentrated Stress,2,Performance Learning Center,Charlotte-Mecklenburg Schools,Mecklenburg County,0.0
Levine Middle College High Sch,Charlotte-Mecklenburg Schools,Mecklenburg County,Housing-Concentrated Stress,3,Tuscola High,Haywood County Schools,Haywood County,0.6277863664200842
Levine Middle College High Sch,Charlotte-Mecklenburg Schools,Mecklenburg County,Housing-Concentrated Stress,4,South Mecklenburg High School,Charlotte-Mecklenburg Schools,Mecklenburg County,0.6533696041702852
Levine Middle College High Sch,Charlotte-Mecklenburg Schools,Mecklenburg County,Housing-Concentrated Stress,5,East Gaston High,Gaston County Schools,Gaston County,0.6732950963783586
Williams Secondary Montessori,Charlotte-Mecklenburg Schools,Mecklenburg County,Education and Health Pressure,1,Harding University High School,Charlotte-Mecklenburg Schools,Mecklenburg County,0.7510022139808837
Williams Secondary Montessori,Charlotte-Mecklenburg Schools,Mecklenburg County,Education and Health Pressure,2,Southern Nash High,Nash County Public Schools,Nash County,0.8745982483428031
Williams Secondary Montessori,Charlotte-Mecklenburg Schools,Mecklenburg County,Education and Health Pressure,3,Lee County High,Lee County Schools,Lee County,1.004473367289136
Williams Secondary Montessori,Charlotte-Mecklenburg Schools,Mecklenburg County,Education and Health Pressure,4,Bragg Street Academy,Lee County Schools,Lee County,1.0061438251482364
Williams Secondary Montessori,Charlotte-Mecklenburg Schools,Mecklenburg County,Education and Health Pressure,5,James Kenan High,Duplin County Schools,Duplin County,1.0148875271251874
Charlotte Teacher Early College,Charlotte-Mecklenburg Schools,Mecklenburg County,Housing-Concentrated Stress,1,Char Eng Early College-Uncc,Charlotte-Mecklenburg Schools,Mecklenburg County,0.0
Charlotte Teacher Early College,Charlotte-Mecklenburg Schools,Mecklenburg County,Housing-Concentrated Stress,2,White Oak High,Onslow County Schools,Onslow County,0.3000135221476764
Charlotte Teacher Early College,Charlotte-Mecklenburg Schools,Mecklenburg County,Housing-Concentrated Stress,3,Northside High,Onslow County Schools,Onslow County,0.4374129603074868
Charlotte Teacher Early College,Charlotte-Mecklenburg Schools,Mecklenburg County,Housing-Concentrated Stress,4,Onslow Early College,Onslow County Schools,Onslow County,0.5695104666257115
Charlotte Teacher Early College,Charlotte-Mecklenburg Schools,Mecklenburg County,Housing-Concentrated Stress,5,Stuart W Cramer High,Gaston County Schools,Gaston County,0.6255054605679143
Merancas Middle College-Cpcc,Charlotte-Mecklenburg Schools,Mecklenburg County,Broadly Lower Stress,1,Ardrey Kell High School,Charlotte-Mecklenburg Schools,Mecklenburg County,0.6433052223183072
Merancas Middle College-Cpcc,Charlotte-Mecklenburg Schools,Mecklenburg County,Broadly Lower Stress,2,Myers Park High School,Charlotte-Mecklenburg Schools,Mecklenburg County,0.9392473469065072
Merancas Middle College-Cpcc,Charlotte-Mecklenburg Schools,Mecklenburg County,Broadly Lower Stress,3,Central Haywood High,Haywood County Schools,Haywood County,0.960155683820705
Merancas Middle College-Cpcc,Charlotte-Mecklenburg Schools,Mecklenburg County,Broadly Lower Stress,4,Hopewell High School,Charlotte-Mecklenburg Schools,Mecklenburg County,0.968742501350745
Merancas Middle College-Cpcc,Charlotte-Mecklenburg Schools,Mecklenburg County,Broadly Lower Stress,5,Topsail High,Pender County Schools,Pender County,1.157057295580725
Mitchell High,Mitchell County Schools,Mitchell County,"Moderate Stress, Lower Housing",1,Mayland Early College,Mitchell County Schools,Avery County,0.6395550282292156
Mitchell High,Mitchell County Schools,Mitchell County,"Moderate Stress, Lower Housing",2,Polk County High School,Polk County Schools,Polk County,0.7302495679075208
Mitchell High,Mitchell County Schools,Mitchell County,"Moderate Stress, Lower Housing",3,Polk County Early College,Polk County Schools,Polk County,0.7302495679075208
Mitchell High,Mitchell County Schools,Mitchell County,"Moderate Stress, Lower Housing",4,J. F. Webb High,Granville County Schools,Granville County,0.8990124353350794
Mitchell High,Mitchell County Schools,Mitchell County,"Moderate Stress, Lower Housing",5,Mcdowell Early College,Mcdowell County Schools,McDowell County,0.9173723142987982
Mayland Early College,Mitchell County Schools,Avery County,"Moderate Stress, Lower Housing",1,Mitchell High,Mitchell County Schools,Mitchell County,0.6395550282292156
Mayland Early College,Mitchell County Schools,Avery County,"Moderate Stress, Lower Housing",2,Polk County High School,Polk County Schools,Polk County,0.7202737714831907
Mayland Early College,Mitchell County Schools,Avery County,"Moderate Stress, Lower Housing",3,Polk County Early College,Polk County Schools,Polk County,0.7202737714831907
Mayland Early College,Mitchell County Schools,Avery County,"Moderate Stress, Lower Housing",4,North Surry High,Surry County Schools,Surry County,0.8207778186967015
Mayland Early College,Mitchell County Schools,Avery County,"Moderate Stress, Lower Housing",5,Butler High School,Charlotte-Mecklenburg Schools,Mecklenburg County,0.8943025937795055
Montgomery Learning Academy,Montgomery County Schools,Montgomery County,Education and Health Pressure,1,Montgomery Central High,Montgomery County Schools,Montgomery County,0.0
Montgomery Learning Academy,Montgomery County Schools,Montgomery County,Education and Health Pressure,2,Montgomery County Early College,Montgomery County Schools,Montgomery County,0.0
Montgomery Learning Academy,Montgomery County Schools,Montgomery County,Education and Health Pressure,3,Beddingfield High,Wilson County Schools,Wilson County,1.0843434247166166
Montgomery Learning Academy,Montgomery County Schools,Montgomery County,Education and Health Pressure,4,Wilson Academy Of Applied Technology,Wilson County Schools,Wilson County,1.0932343395654256
Montgomery Learning Academy,Montgomery County Schools,Montgomery County,Education and Health Pressure,5,Fike High,Wilson County Schools,Wilson County,1.280392523919758
Montgomery County Early College,Montgomery County Schools,Montgomery County,Education and Health Pressure,1,Montgomery Central High,Montgomery County Schools,Montgomery County,0.0
Montgomery County Early College,Montgomery County Schools,Montgomery County,Education and Health Pressure,2,Montgomery Learning Academy,Montgomery County Schools,Montgomery County,0.0
Montgomery County Early College,Montgomery County Schools,Montgomery County,Education and Health Pressure,3,Beddingfield High,Wilson County Schools,Wilson County,1.0843434247166166
Montgomery County Early College,Montgomery County Schools,Montgomery County,Education and Health Pressure,4,Wilson Academy Of Applied Technology,Wilson County Schools,Wilson County,1.0932343395654256
Montgomery County Early College,Montgomery County Schools,Montgomery County,Education and Health Pressure,5,Fike High,Wilson County Schools,Wilson County,1.280392523919758
Montgomery Central High,Montgomery County Schools,Montgomery County,Education and Health Pressure,1,Montgomery County Early College,Montgomery County Schools,Montgomery County,0.0
Montgomery Central High,Montgomery County Schools,Montgomery County,Education and Health Pressure,2,Montgomery Learning Academy,Montgomery County Schools,Montgomery County,0.0
Montgomery Central High,Montgomery County Schools,Montgomery County,Education and Health Pressure,3,Beddingfield High,Wilson County Schools,Wilson County,1.0843434247166166
Montgomery Central High,Montgomery County Schools,Montgomery County,Education and Health Pressure,4,Wilson Academy Of Applied Technology,Wilson County Schools,Wilson County,1.0932343395654256
Montgomery Central High,Montgomery County Schools,Montgomery County,Education and Health Pressure,5,Fike High,Wilson County Schools,Wilson County,1.280392523919758
North Moore High,Moore County Schools,Moore County,"Moderate Stress, Lower Housing",1,South Johnston High,Johnston County Public Schools,Johnston County,0.6710106708592004
North Moore High,Moore County Schools,Moore County,"Moderate Stress, Lower Housing",2,Johnston County Schools Career Technical,Johnston County Public Schools,Johnston County,0.764249023186389
North Moore High,Moore County Schools,Moore County,"Moderate Stress, Lower Housing",3,Choice Plus Academy,Johnston County Public Schools,Johnston County,0.764249023186389
North Moore High,Moore County Schools,Moore County,"Moderate Stress, Lower Housing",4,Gates County Senior High,Gates County Schools,Gates County,0.766893882906156
North Moore High,Moore County Schools,Moore County,"Moderate Stress, Lower Housing",5,Pender High,Pender County Schools,Pender County,0.7915773433537
Pinecrest High,Moore County Schools,Moore County,Broadly Lower Stress,1,Hendersonville High,Henderson County Schools,Henderson County,0.6820227131183549
Pinecrest High,Moore County Schools,Moore County,Broadly Lower Stress,2,The Community Learning Center @ Pinckney,Moore County Schools,Moore County,0.8479169556037727
Pinecrest High,Moore County Schools,Moore County,Broadly Lower Stress,3,Bridges School,Carteret County Public Schools,Carteret County,0.9301922235340231
Pinecrest High,Moore County Schools,Moore County,Broadly Lower Stress,4,Marine Sci. And Tech. Early College High School,Carteret County Public Schools,Carteret County,0.9301922235340231
Pinecrest High,Moore County Schools,Moore County,Broadly Lower Stress,5,Southern Wake Academy,Southern Wake Academy,Wake County,1.0588015657638286
Union Pines High,Moore County Schools,Moore County,Housing-Concentrated Stress,1,Enka High,Buncombe County Schools,Buncombe County,0.41401228343519086
Union Pines High,Moore County Schools,Moore County,Housing-Concentrated Stress,2,The Jp Knapp Ech (I)School,Currituck County Schools,Currituck County,0.5118313120363808
Union Pines High,Moore County Schools,Moore County,Housing-Concentrated Stress,3,Currituck County High,Currituck County Schools,Currituck County,0.5118313120363808
Union Pines High,Moore County Schools,Moore County,Housing-Concentrated Stress,4,Roberson High,Buncombe County Schools,Buncombe County,0.5235177895622746
Union Pines High,Moore County Schools,Moore County,Housing-Concentrated Stress,5,Early College,Buncombe County Schools,Buncombe County,0.5413181825189568
The Community Learning Center @ Pinckney,Moore County Schools,Moore County,Broadly Lower Stress,1,Hopewell High School,Charlotte-Mecklenburg Schools,Mecklenburg County,0.7566754708372878
The Community Learning Center @ Pinckney,Moore County Schools,Moore County,Broadly Lower Stress,2,Fuquay-Varina High,Wake County Schools,Wake County,0.7755716316285406
The Community Learning Center @ Pinckney,Moore County Schools,Moore County,Broadly Lower Stress,3,Pinecrest High,Moore County Schools,Moore County,0.8479169556037727
The Community Learning Center @ Pinckney,Moore County Schools,Moore County,Broadly Lower Stress,4,Croatan High,Carteret County Public Schools,Carteret County,0.8524109464712278
The Community Learning Center @ Pinckney,Moore County Schools,Moore County,Broadly Lower Stress,5,Heritage High,Wake County Schools,Wake County,0.8963871741291394
Nf Woods Campus,Mooresville Graded School District,Iredell County,Housing-Concentrated Stress,1,Mooresville High School,Mooresville Graded School District,Iredell County,0.26491973589284307
Nf Woods Campus,Mooresville Graded School District,Iredell County,Housing-Concentrated Stress,2,South Iredell High,Iredell-Statesville Schools,Iredell County,0.6252486757981429
Nf Woods Campus,Mooresville Graded School District,Iredell County,Housing-Concentrated Stress,3,Career Academy And Technical School,Iredell-Statesville Schools,Iredell County,0.6993618421044544
Nf Woods Campus,Mooresville Graded School District,Iredell County,Housing-Concentrated Stress,4,Brunswick County Early College,Brunswick County Schools,Brunswick County,0.7404801760002873
Nf Woods Campus,Mooresville Graded School District,Iredell County,Housing-Concentrated Stress,5,East Carteret High,Carteret County Public Schools,Carteret County,0.7413002462220712
Mooresville High School,Mooresville Graded School District,Iredell County,Housing-Concentrated Stress,1,Nf Woods Campus,Mooresville Graded School District,Iredell County,0.26491973589284223
Mooresville High School,Mooresville Graded School District,Iredell County,Housing-Concentrated Stress,2,Career Academy And Technical School,Iredell-Statesville Schools,Iredell County,0.6337234697257125
Mooresville High School,Mooresville Graded School District,Iredell County,Housing-Concentrated Stress,3,South Iredell High,Iredell-Statesville Schools,Iredell County,0.7403951557131067
Mooresville High School,Mooresville Graded School District,Iredell County,Housing-Concentrated Stress,4,Brunswick County Early College,Brunswick County Schools,Brunswick County,0.7617948314414438
Mooresville High School,Mooresville Graded School District,Iredell County,Housing-Concentrated Stress,5,Career Readiness Academy At Mosley Plc,New Hanover County Schools,New Hanover County,0.8270078737371083
Mount Airy High,Mount Airy City Schools,Surry County,"Moderate Stress, Lower Housing",1,Surry Central High,Surry County Schools,Surry County,0.392779615652174
Mount Airy High,Mount Airy City Schools,Surry County,"Moderate Stress, Lower Housing",2,North Surry High,Surry County Schools,Surry County,0.5969068095585061
Mount Airy High,Mount Airy City Schools,Surry County,"Moderate Stress, Lower Housing",3,Elkin High,Elkin City Schools,Surry County,0.7242928493067974
Mount Airy High,Mount Airy City Schools,Surry County,"Moderate Stress, Lower Housing",4,Northwest School Of The Arts,Charlotte-Mecklenburg Schools,Mecklenburg County,0.7249061632950982
Mount Airy High,Mount Airy City Schools,Surry County,"Moderate Stress, Lower Housing",5,North Wilkes High School,Wilkes County Schools,Wilkes County,0.7997186463705561
Rocky Mount High,Nash County Public Schools,Nash County,Multidomain Elevated Stress,1,Nash Central High,Nash County Public Schools,Nash County,0.7436472307177793
Rocky Mount High,Nash County Public Schools,Nash County,Multidomain Elevated Stress,2,Carver High,Winston Salem / Forsyth County Schools,Forsyth County,0.891703166654573
Rocky Mount High,Nash County Public Schools,Nash County,Multidomain Elevated Stress,3,Nrm Early College High School,Nash County Public Schools,Nash County,0.9882428983945948
Rocky Mount High,Nash County Public Schools,Nash County,Multidomain Elevated Stress,4,Cumberland Academy 6-12 Virtual School,Cumberland County Schools,Cumberland County,1.0008198654126266
Rocky Mount High,Nash County Public Schools,Nash County,Multidomain Elevated Stress,5,Ramsey Street High,Cumberland County Schools,Cumberland County,1.0008198654126266
Tar River Academy,Nash County Public Schools,Nash County,Multidomain Elevated Stress,1,Citi High School,Nash County Public Schools,Nash County,0.0
Tar River Academy,Nash County Public Schools,Nash County,Multidomain Elevated Stress,2,Alger B. Wilkins High School,Cumberland County Schools,Cumberland County,0.28975343760984995
Tar River Academy,Nash County Public Schools,Nash County,Multidomain Elevated Stress,3,South View High,Cumberland County Schools,Cumberland County,0.4476777480025908
Tar River Academy,Nash County Public Schools,Nash County,Multidomain Elevated Stress,4,E E Smith High,Cumberland County Schools,Cumberland County,0.4476777480025908
Tar River Academy,Nash County Public Schools,Nash County,Multidomain Elevated Stress,5,Seventy-First High,Cumberland County Schools,Cumberland County,0.5234918105949473
Northern Nash High,Nash County Public Schools,Nash County,Multidomain Elevated Stress,1,West Craven High,Craven County Schools,Craven County,0.49918084943599245
Northern Nash High,Nash County Public Schools,Nash County,Multidomain Elevated Stress,2,Ayden-Grifton High,Pitt County Schools,Pitt County,0.6967439994188853
Northern Nash High,Nash County Public Schools,Nash County,Multidomain Elevated Stress,3,South View High,Cumberland County Schools,Cumberland County,0.813024195994021
Northern Nash High,Nash County Public Schools,Nash County,Multidomain Elevated Stress,4,Greene Early College High,Greene County Schools,Greene County,0.9122284869486865
Northern Nash High,Nash County Public Schools,Nash County,Multidomain Elevated Stress,5,Greene Central High,Greene County Schools,Greene County,0.9122284869486865
Southern Nash High,Nash County Public Schools,Nash County,Education and Health Pressure,1,Wayne Early / Middle College High,Wayne County Public Schools,Wayne County,0.575287519240145
Southern Nash High,Nash County Public Schools,Nash County,Education and Health Pressure,2,Lee County High,Lee County Schools,Lee County,0.5802443722301203
Southern Nash High,Nash County Public Schools,Nash County,Education and Health Pressure,3,Goldsboro High,Wayne County Public Schools,Wayne County,0.6131578469437918
Southern Nash High,Nash County Public Schools,Nash County,Education and Health Pressure,4,Bragg Street Academy,Lee County Schools,Lee County,0.6589194690670762
Southern Nash High,Nash County Public Schools,Nash County,Education and Health Pressure,5,Lee Early College,Lee County Schools,Lee County,0.6993618421044554
Nash Central High,Nash County Public Schools,Nash County,Multidomain Elevated Stress,1,Eastern Guilford High,Guilford County Schools,Guilford County,0.5574086876670181
Nash Central High,Nash County Public Schools,Nash County,Multidomain Elevated Stress,2,Ramsey Street High,Cumberland County Schools,Cumberland County,0.6541870332598534
Nash Central High,Nash County Public Schools,Nash County,Multidomain Elevated Stress,3,Cumberland Academy 6-12 Virtual School,Cumberland County Schools,Cumberland County,0.6541870332598534
Nash Central High,Nash County Public Schools,Nash County,Multidomain Elevated Stress,4,North Forsyth High,Winston Salem / Forsyth County Schools,Forsyth County,0.6831044995021777
Nash Central High,Nash County Public Schools,Nash County,Multidomain Elevated Stress,5,Alger B. Wilkins High School,Cumberland County Schools,Cumberland County,0.724739629456957
Nrm Early College High School,Nash County Public Schools,Nash County,Multidomain Elevated Stress,1,Cumberland Academy 6-12 Virtual School,Cumberland County Schools,Cumberland County,0.6672076110052363
Nrm Early College High School,Nash County Public Schools,Nash County,Multidomain Elevated Stress,2,Ramsey Street High,Cumberland County Schools,Cumberland County,0.6672076110052363
Nrm Early College High School,Nash County Public Schools,Nash County,Multidomain Elevated Stress,3,Eastern Guilford High,Guilford County Schools,Guilford County,0.702803066705235
Nrm Early College High School,Nash County Public Schools,Nash County,Multidomain Elevated Stress,4,Nash Central High,Nash County Public Schools,Nash County,0.7780834676055598
Nrm Early College High School,Nash County Public Schools,Nash County,Multidomain Elevated Stress,5,Gray'S Creek High,Cumberland County Schools,Cumberland County,0.8023519400929905
Citi High School,Nash County Public Schools,Nash County,Multidomain Elevated Stress,1,Tar River Academy,Nash County Public Schools,Nash County,0.0
Citi High School,Nash County Public Schools,Nash County,Multidomain Elevated Stress,2,Alger B. Wilkins High School,Cumberland County Schools,Cumberland County,0.28975343760984995
Citi High School,Nash County Public Schools,Nash County,Multidomain Elevated Stress,3,South View High,Cumberland County Schools,Cumberland County,0.4476777480025908
Citi High School,Nash County Public Schools,Nash County,Multidomain Elevated Stress,4,E E Smith High,Cumberland County Schools,Cumberland County,0.4476777480025908
Citi High School,Nash County Public Schools,Nash County,Multidomain Elevated Stress,5,Seventy-First High,Cumberland County Schools,Cumberland County,0.5234918105949473
Havelock High,Craven County Schools,Craven County,"Moderate Stress, Lower Housing",1,New Bern High,Craven County Schools,Craven County,0.5788871680700339
Havelock High,Craven County Schools,Craven County,"Moderate Stress, Lower Housing",2,Eastern Wayne High,Wayne County Public Schools,Wayne County,0.6292062475129704
Havelock High,Craven County Schools,Craven County,"Moderate Stress, Lower Housing",3,East Rowan High,Rowan-Salisbury Schools,Rowan County,0.6607068086385088
Havelock High,Craven County Schools,Craven County,"Moderate Stress, Lower Housing",4,Charles B Aycock High,Wayne County Public Schools,Wayne County,0.717402547394737
Havelock High,Craven County Schools,Craven County,"Moderate Stress, Lower Housing",5,Wayne School Of Engineering,Wayne County Public Schools,Wayne County,0.7202926531034569
New Bern High,Craven County Schools,Craven County,"Moderate Stress, Lower Housing",1,Havelock High,Craven County Schools,Craven County,0.5788871680700339
New Bern High,Craven County Schools,Craven County,"Moderate Stress, Lower Housing",2,Wayne School Of Engineering,Wayne County Public Schools,Wayne County,0.736337737469291
New Bern High,Craven County Schools,Craven County,"Moderate Stress, Lower Housing",3,Edgewood Cmty Developmental,Wayne County Public Schools,Wayne County,0.736337737469291
New Bern High,Craven County Schools,Craven County,"Moderate Stress, Lower Housing",4,Perquimans County High,Perquimans County Schools,Perquimans County,0.7878327262747331
New Bern High,Craven County Schools,Craven County,"Moderate Stress, Lower Housing",5,Eastern Wayne High,Wayne County Public Schools,Wayne County,0.7890416734150822
West Craven High,Craven County Schools,Craven County,Multidomain Elevated Stress,1,Northern Nash High,Nash County Public Schools,Nash County,0.49918084943599245
West Craven High,Craven County Schools,Craven County,Multidomain Elevated Stress,2,Greene Central High,Greene County Schools,Greene County,0.814551085396645
West Craven High,Craven County Schools,Craven County,Multidomain Elevated Stress,3,Greene Early College High,Greene County Schools,Greene County,0.814551085396645
West Craven High,Craven County Schools,Craven County,Multidomain Elevated Stress,4,Early College East High,Craven County Schools,Craven County,0.8231459623821955
West Craven High,Craven County Schools,Craven County,Multidomain Elevated Stress,5,Craven Early College High,Craven County Schools,Craven County,0.8231459623821955
Craven Early College High,Craven County Schools,Craven County,Multidomain Elevated Stress,1,Early College East High,Craven County Schools,Craven County,0.0
Craven Early College High,Craven County Schools,Craven County,Multidomain Elevated Stress,2,Hoke County High,Hoke County Schools,Hoke County,0.7832990489214997
Craven Early College High,Craven County Schools,Craven County,Multidomain Elevated Stress,3,Sandhoke Early College High,Hoke County Schools,Hoke County,0.7832990489214997
Craven Early College High,Craven County Schools,Craven County,Multidomain Elevated Stress,4,West Craven High,Craven County Schools,Craven County,0.8231459623821955
Craven Early College High,Craven County Schools,Craven County,Multidomain Elevated Stress,5,Rowan Co Early College,Rowan-Salisbury Schools,Rowan County,0.8955213428316388
Early College East High,Craven County Schools,Craven County,Multidomain Elevated Stress,1,Craven Early College High,Craven County Schools,Craven County,0.0
Early College East High,Craven County Schools,Craven County,Multidomain Elevated Stress,2,Hoke County High,Hoke County Schools,Hoke County,0.7832990489214997
Early College East High,Craven County Schools,Craven County,Multidomain Elevated Stress,3,Sandhoke Early College High,Hoke County Schools,Hoke County,0.7832990489214997
Early College East High,Craven County Schools,Craven County,Multidomain Elevated Stress,4,West Craven High,Craven County Schools,Craven County,0.8231459623821955
Early College East High,Craven County Schools,Craven County,Multidomain Elevated Stress,5,Rowan Co Early College,Rowan-Salisbury Schools,Rowan County,0.8955213428316388
Emsley A Laney High,New Hanover County Schools,New Hanover County,Housing-Concentrated Stress,1,Isaac M Bear Early College High School,New Hanover County Schools,New Hanover County,0.500818379076298
Emsley A Laney High,New Hanover County Schools,New Hanover County,Housing-Concentrated Stress,2,Wilmington Early College High,New Hanover County Schools,New Hanover County,0.500818379076298
Emsley A Laney High,New Hanover County Schools,New Hanover County,Housing-Concentrated Stress,3,Ronald W Reagan High School,Winston Salem / Forsyth County Schools,Forsyth County,0.5110710712276746
Emsley A Laney High,New Hanover County Schools,New Hanover County,Housing-Concentrated Stress,4,South Point High,Gaston County Schools,Gaston County,0.5256211832885606
Emsley A Laney High,New Hanover County Schools,New Hanover County,Housing-Concentrated Stress,5,Girls Leadership Academy Of Wilmington,Girls Leadership Academy Of Wilmington,New Hanover County,0.6589194690670759
John T Hoggard High,New Hanover County Schools,New Hanover County,Broadly Lower Stress,1,William Amos Hough High,Charlotte-Mecklenburg Schools,Mecklenburg County,0.9475235450833877
John T Hoggard High,New Hanover County Schools,New Hanover County,Broadly Lower Stress,2,Hopewell High School,Charlotte-Mecklenburg Schools,Mecklenburg County,1.0486790612780712
John T Hoggard High,New Hanover County Schools,New Hanover County,Broadly Lower Stress,3,Myers Park High School,Charlotte-Mecklenburg Schools,Mecklenburg County,1.0494593088774251
John T Hoggard High,New Hanover County Schools,New Hanover County,Broadly Lower Stress,4,Dixon High,Onslow County Schools,Onslow County,1.1616799003785108
John T Hoggard High,New Hanover County Schools,New Hanover County,Broadly Lower Stress,5,C E Jordan High,Durham Public Schools,Durham County,1.2446222865191965
New Hanover High,New Hanover County Schools,New Hanover County,Housing-Concentrated Stress,1,Kearns Academy,Guilford County Schools,Guilford County,0.3123720170080469
New Hanover High,New Hanover County Schools,New Hanover County,Housing-Concentrated Stress,2,Hillside High,Durham Public Schools,Durham County,0.47816123485281964
New Hanover High,New Hanover County Schools,New Hanover County,Housing-Concentrated Stress,3,Charlotte Secondary,Charlotte Secondary School,Mecklenburg County,0.5327718009240798
New Hanover High,New Hanover County Schools,New Hanover County,Housing-Concentrated Stress,4,Career Readiness Academy At Mosley Plc,New Hanover County Schools,New Hanover County,0.6060341246749692
New Hanover High,New Hanover County Schools,New Hanover County,Housing-Concentrated Stress,5,Girls Leadership Academy Of Wilmington,Girls Leadership Academy Of Wilmington,New Hanover County,0.6060341246749692
J. C. Roe Center,New Hanover County Schools,New Hanover County,Housing-Concentrated Stress,1,North Mecklenburg High School,Charlotte-Mecklenburg Schools,Mecklenburg County,0.5286100009371414
J. C. Roe Center,New Hanover County Schools,New Hanover County,Housing-Concentrated Stress,2,Mallard Creek High School,Charlotte-Mecklenburg Schools,Mecklenburg County,0.5918168196125214
J. C. Roe Center,New Hanover County Schools,New Hanover County,Housing-Concentrated Stress,3,Emsley A Laney High,New Hanover County Schools,New Hanover County,0.6981904602365405
J. C. Roe Center,New Hanover County Schools,New Hanover County,Housing-Concentrated Stress,4,Stuart W Cramer High,Gaston County Schools,Gaston County,0.7073283977055341
J. C. Roe Center,New Hanover County Schools,New Hanover County,Housing-Concentrated Stress,5,South Mecklenburg High School,Charlotte-Mecklenburg Schools,Mecklenburg County,0.7302495679075208
Eugene Ashley High,New Hanover County Schools,New Hanover County,Housing-Concentrated Stress,1,Isaac M Bear Early College High School,New Hanover County Schools,New Hanover County,0.859929427889754
Eugene Ashley High,New Hanover County Schools,New Hanover County,Housing-Concentrated Stress,2,Wilmington Early College High,New Hanover County Schools,New Hanover County,0.859929427889754
Eugene Ashley High,New Hanover County Schools,New Hanover County,Housing-Concentrated Stress,3,Emsley A Laney High,New Hanover County Schools,New Hanover County,1.0168539028611816
Eugene Ashley High,New Hanover County Schools,New Hanover County,Housing-Concentrated Stress,4,Girls Leadership Academy Of Wilmington,Girls Leadership Academy Of Wilmington,New Hanover County,1.043672703336562
Eugene Ashley High,New Hanover County Schools,New Hanover County,Housing-Concentrated Stress,5,Career Readiness Academy At Mosley Plc,New Hanover County Schools,New Hanover County,1.043672703336562
Isaac M Bear Early College High School,New Hanover County Schools,New Hanover County,Housing-Concentrated Stress,1,Wilmington Early College High,New Hanover County Schools,New Hanover County,0.0
Isaac M Bear Early College High School,New Hanover County Schools,New Hanover County,Housing-Concentrated Stress,2,Girls Leadership Academy Of Wilmington,Girls Leadership Academy Of Wilmington,New Hanover County,0.2918642463382951
Isaac M Bear Early College High School,New Hanover County Schools,New Hanover County,Housing-Concentrated Stress,3,Career Readiness Academy At Mosley Plc,New Hanover County Schools,New Hanover County,0.2918642463382951
Isaac M Bear Early College High School,New Hanover County Schools,New Hanover County,Housing-Concentrated Stress,4,Emsley A Laney High,New Hanover County Schools,New Hanover County,0.500818379076298
Isaac M Bear Early College High School,New Hanover County Schools,New Hanover County,Housing-Concentrated Stress,5,Ronald W Reagan High School,Winston Salem / Forsyth County Schools,Forsyth County,0.6174235292297433
Wilmington Early College High,New Hanover County Schools,New Hanover County,Housing-Concentrated Stress,1,Isaac M Bear Early College High School,New Hanover County Schools,New Hanover County,0.0
Wilmington Early College High,New Hanover County Schools,New Hanover County,Housing-Concentrated Stress,2,Girls Leadership Academy Of Wilmington,Girls Leadership Academy Of Wilmington,New Hanover County,0.2918642463382951
Wilmington Early College High,New Hanover County Schools,New Hanover County,Housing-Concentrated Stress,3,Career Readiness Academy At Mosley Plc,New Hanover County Schools,New Hanover County,0.2918642463382951
Wilmington Early College High,New Hanover County Schools,New Hanover County,Housing-Concentrated Stress,4,Emsley A Laney High,New Hanover County Schools,New Hanover County,0.500818379076298
Wilmington Early College High,New Hanover County Schools,New Hanover County,Housing-Concentrated Stress,5,Ronald W Reagan High School,Winston Salem / Forsyth County Schools,Forsyth County,0.6174235292297433
Career Readiness Academy At Mosley Plc,New Hanover County Schools,New Hanover County,Housing-Concentrated Stress,1,Girls Leadership Academy Of Wilmington,Girls Leadership Academy Of Wilmington,New Hanover County,0.0
Career Readiness Academy At Mosley Plc,New Hanover County Schools,New Hanover County,Housing-Concentrated Stress,2,Wilmington Early College High,New Hanover County Schools,New Hanover County,0.2918642463382951
Career Readiness Academy At Mosley Plc,New Hanover County Schools,New Hanover County,Housing-Concentrated Stress,3,Isaac M Bear Early College High School,New Hanover County Schools,New Hanover County,0.2918642463382951
Career Readiness Academy At Mosley Plc,New Hanover County Schools,New Hanover County,Housing-Concentrated Stress,4,Kearns Academy,Guilford County Schools,Guilford County,0.523491810594947
Career Readiness Academy At Mosley Plc,New Hanover County Schools,New Hanover County,Housing-Concentrated Stress,5,New Hanover High,New Hanover County Schools,New Hanover County,0.6060341246749694
Sea-Tech,New Hanover County Schools,New Hanover County,Broadly Lower Stress,1,East Lincoln High,Lincoln County Schools,Lincoln County,1.5826502833418001
Sea-Tech,New Hanover County Schools,New Hanover County,Broadly Lower Stress,2,Camden Early College High,Camden County Schools,Camden County,1.5930315177783172
Sea-Tech,New Hanover County Schools,New Hanover County,Broadly Lower Stress,3,Bridges School,Carteret County Public Schools,Carteret County,1.6116023484836675
Sea-Tech,New Hanover County Schools,New Hanover County,Broadly Lower Stress,4,Marine Sci. And Tech. Early College High School,Carteret County Public Schools,Carteret County,1.6116023484836675
Sea-Tech,New Hanover County Schools,New Hanover County,Broadly Lower Stress,5,Longleaf School Of The Arts,Longleaf School Of The Arts,Wake County,1.6795505750194197
Newton-Conover High,Newton Conover City Schools,Catawba County,"Moderate Stress, Lower Housing",1,Discovery High School,Newton Conover City Schools,Catawba County,0.0
Newton-Conover High,Newton Conover City Schools,Catawba County,"Moderate Stress, Lower Housing",2,Maiden High,Catawba County Schools,Catawba County,0.26491973589283974
Newton-Conover High,Newton Conover City Schools,Catawba County,"Moderate Stress, Lower Housing",3,Wheatmore High School,Randolph County School System,Randolph County,0.5313128766455829
Newton-Conover High,Newton Conover City Schools,Catawba County,"Moderate Stress, Lower Housing",4,Uwharrie Ridge Six-Twelve,Randolph County School System,Randolph County,0.601360297172379
Newton-Conover High,Newton Conover City Schools,Catawba County,"Moderate Stress, Lower Housing",5,Statesville High,Iredell-Statesville Schools,Iredell County,0.6712693938696246
Discovery High School,Newton Conover City Schools,Catawba County,"Moderate Stress, Lower Housing",1,Newton-Conover High,Newton Conover City Schools,Catawba County,0.0
Discovery High School,Newton Conover City Schools,Catawba County,"Moderate Stress, Lower Housing",2,Maiden High,Catawba County Schools,Catawba County,0.26491973589283974
Discovery High School,Newton Conover City Schools,Catawba County,"Moderate Stress, Lower Housing",3,Wheatmore High School,Randolph County School System,Randolph County,0.5313128766455829
Discovery High School,Newton Conover City Schools,Catawba County,"Moderate Stress, Lower Housing",4,Uwharrie Ridge Six-Twelve,Randolph County School System,Randolph County,0.601360297172379
Discovery High School,Newton Conover City Schools,Catawba County,"Moderate Stress, Lower Housing",5,Statesville High,Iredell-Statesville Schools,Iredell County,0.6712693938696246
Northampton County High School,Northampton County Schools,Northampton County,Economic and Crime Concentrated,1,Bertie High,Bertie County Schools,Bertie County,1.1256835223213757
Northampton County High School,Northampton County Schools,Northampton County,Economic and Crime Concentrated,2,Bertie Early College High,Bertie County Schools,Bertie County,1.1256835223213757
Northampton County High School,Northampton County Schools,Northampton County,Economic and Crime Concentrated,3,Warren Early College High,Warren County Schools,Warren County,1.2160196403944001
Northampton County High School,Northampton County Schools,Northampton County,Economic and Crime Concentrated,4,Warren New Tech High,Warren County Schools,Warren County,1.2160196403944001
Northampton County High School,Northampton County Schools,Northampton County,Economic and Crime Concentrated,5,Warren County High,Warren County Schools,Warren County,1.2160196403944001
Northampton Early College,Northampton County Schools,Halifax County,Economic and Crime Concentrated,1,Halifax County Early College High,Halifax County Schools,Halifax County,0.0
Northampton Early College,Northampton County Schools,Halifax County,Economic and Crime Concentrated,2,Northwest Halifax Collegiate And Technic,Halifax County Schools,Halifax County,0.6055837441084521
Northampton Early College,Northampton County Schools,Halifax County,Economic and Crime Concentrated,3,Weldon Stem High School Career Academies,Weldon City Schools,Halifax County,0.7176765521326084
Northampton Early College,Northampton County Schools,Halifax County,Economic and Crime Concentrated,4,Roanoke Valley Early College,Weldon City Schools,Halifax County,0.7176765521326084
Northampton Early College,Northampton County Schools,Halifax County,Economic and Crime Concentrated,5,Roanoke Rapids Early College High,Roanoke Rapids City Schools,Halifax County,0.9265622290042961
Dixon High,Onslow County Schools,Onslow County,Broadly Lower Stress,1,Croatan High,Carteret County Public Schools,Carteret County,0.5002510111852344
Dixon High,Onslow County Schools,Onslow County,Broadly Lower Stress,2,Myers Park High School,Charlotte-Mecklenburg Schools,Mecklenburg County,0.5531882921909381
Dixon High,Onslow County Schools,Onslow County,Broadly Lower Stress,3,Hopewell High School,Charlotte-Mecklenburg Schools,Mecklenburg County,0.6073236464811926
Dixon High,Onslow County Schools,Onslow County,Broadly Lower Stress,4,Heritage High,Wake County Schools,Wake County,0.7137555316848095
Dixon High,Onslow County Schools,Onslow County,Broadly Lower Stress,5,Needham Broughton High,Wake County Schools,Wake County,0.7798485287267097
Jacksonville High,Onslow County Schools,Onslow County,Housing-Concentrated Stress,1,Northside High,Onslow County Schools,Onslow County,0.3077746519235021
Jacksonville High,Onslow County Schools,Onslow County,Housing-Concentrated Stress,2,White Oak High,Onslow County Schools,Onslow County,0.42067353682887193
Jacksonville High,Onslow County Schools,Onslow County,Housing-Concentrated Stress,3,South Point High,Gaston County Schools,Gaston County,0.5380531362694255
Jacksonville High,Onslow County Schools,Onslow County,Housing-Concentrated Stress,4,Southwest High,Onslow County Schools,Onslow County,0.5418939477123282
Jacksonville High,Onslow County Schools,Onslow County,Housing-Concentrated Stress,5,Onslow Early College,Onslow County Schools,Onslow County,0.5526233785465133
Richlands High,Onslow County Schools,Onslow County,"Moderate Stress, Lower Housing",1,Davie County High,Davie County Schools,Davie County,0.6755243942579807
Richlands High,Onslow County Schools,Onslow County,"Moderate Stress, Lower Housing",2,Davie County Early College High,Davie County Schools,Davie County,0.6755243942579807
Richlands High,Onslow County Schools,Onslow County,"Moderate Stress, Lower Housing",3,Pender Early College High,Pender County Schools,Pender County,0.7157236038160547
Richlands High,Onslow County Schools,Onslow County,"Moderate Stress, Lower Housing",4,Pisgah High,Haywood County Schools,Haywood County,0.8009905612442755
Richlands High,Onslow County Schools,Onslow County,"Moderate Stress, Lower Housing",5,Stanly Stem Early College,Stanly County Schools,Stanly County,0.8164195693529817
Southwest High,Onslow County Schools,Onslow County,Housing-Concentrated Stress,1,Northside High,Onslow County Schools,Onslow County,0.42742965367402097
Southwest High,Onslow County Schools,Onslow County,Housing-Concentrated Stress,2,Jacksonville High,Onslow County Schools,Onslow County,0.5418939477123285
Southwest High,Onslow County Schools,Onslow County,Housing-Concentrated Stress,3,Mount Pleasant High,Cabarrus County Schools,Cabarrus County,0.5422274973415413
Southwest High,Onslow County Schools,Onslow County,Housing-Concentrated Stress,4,Erwin High,Buncombe County Schools,Buncombe County,0.5455658188983249
Southwest High,Onslow County Schools,Onslow County,Housing-Concentrated Stress,5,White Oak High,Onslow County Schools,Onslow County,0.5469501076787889
Swansboro High,Onslow County Schools,Onslow County,"Moderate Stress, Lower Housing",1,Hickory High,Hickory City Schools,Catawba County,0.7607124492434978
Swansboro High,Onslow County Schools,Onslow County,"Moderate Stress, Lower Housing",2,North Stokes High School,Stokes County Schools,Stokes County,0.7749036991412618
Swansboro High,Onslow County Schools,Onslow County,"Moderate Stress, Lower Housing",3,Richlands High,Onslow County Schools,Onslow County,0.92677670896103
Swansboro High,Onslow County Schools,Onslow County,"Moderate Stress, Lower Housing",4,Polk County Early College,Polk County Schools,Polk County,0.9373888181680364
Swansboro High,Onslow County Schools,Onslow County,"Moderate Stress, Lower Housing",5,Polk County High School,Polk County Schools,Polk County,0.9373888181680364
White Oak High,Onslow County Schools,Onslow County,Housing-Concentrated Stress,1,Northside High,Onslow County Schools,Onslow County,0.2003355356441863
White Oak High,Onslow County Schools,Onslow County,Housing-Concentrated Stress,2,Char Eng Early College-Uncc,Charlotte-Mecklenburg Schools,Mecklenburg County,0.3000135221476764
White Oak High,Onslow County Schools,Onslow County,Housing-Concentrated Stress,3,Charlotte Teacher Early College,Charlotte-Mecklenburg Schools,Mecklenburg County,0.3000135221476764
White Oak High,Onslow County Schools,Onslow County,Housing-Concentrated Stress,4,Onslow Early College,Onslow County Schools,Onslow County,0.4187232465026119
White Oak High,Onslow County Schools,Onslow County,Housing-Concentrated Stress,5,Jacksonville High,Onslow County Schools,Onslow County,0.42067353682887193
Northside High,Onslow County Schools,Onslow County,Housing-Concentrated Stress,1,White Oak High,Onslow County Schools,Onslow County,0.20033553564418685
Northside High,Onslow County Schools,Onslow County,Housing-Concentrated Stress,2,Jacksonville High,Onslow County Schools,Onslow County,0.30777465192350245
Northside High,Onslow County Schools,Onslow County,Housing-Concentrated Stress,3,Southwest High,Onslow County Schools,Onslow County,0.42742965367402097
Northside High,Onslow County Schools,Onslow County,Housing-Concentrated Stress,4,Char Eng Early College-Uncc,Charlotte-Mecklenburg Schools,Mecklenburg County,0.4374129603074868
Northside High,Onslow County Schools,Onslow County,Housing-Concentrated Stress,5,Charlotte Teacher Early College,Charlotte-Mecklenburg Schools,Mecklenburg County,0.4374129603074868
Onslow Early College,Onslow County Schools,Onslow County,Housing-Concentrated Stress,1,White Oak High,Onslow County Schools,Onslow County,0.4187232465026119
Onslow Early College,Onslow County Schools,Onslow County,Housing-Concentrated Stress,2,Northside High,Onslow County Schools,Onslow County,0.5259763697498128
Onslow Early College,Onslow County Schools,Onslow County,Housing-Concentrated Stress,3,Jacksonville High,Onslow County Schools,Onslow County,0.5526233785465133
Onslow Early College,Onslow County Schools,Onslow County,Housing-Concentrated Stress,4,Charlotte Teacher Early College,Charlotte-Mecklenburg Schools,Mecklenburg County,0.5695104666257115
Onslow Early College,Onslow County Schools,Onslow County,Housing-Concentrated Stress,5,Char Eng Early College-Uncc,Charlotte-Mecklenburg Schools,Mecklenburg County,0.5695104666257115
Onslow Virtual Secondary,Onslow County Schools,Onslow County,Housing-Concentrated Stress,1,Jacksonville High,Onslow County Schools,Onslow County,0.680343137602751
Onslow Virtual Secondary,Onslow County Schools,Onslow County,Housing-Concentrated Stress,2,Haywood Early College,Haywood County Schools,Haywood County,0.7220757028924767
Onslow Virtual Secondary,Onslow County Schools,Onslow County,Housing-Concentrated Stress,3,Onslow Early College,Onslow County Schools,Onslow County,0.7242928493067972
Onslow Virtual Secondary,Onslow County Schools,Onslow County,Housing-Concentrated Stress,4,South Point High,Gaston County Schools,Gaston County,0.7491570158368819
Onslow Virtual Secondary,Onslow County Schools,Onslow County,Housing-Concentrated Stress,5,Tuscola High,Haywood County Schools,Haywood County,0.7897829730704496
Orange High,Orange County Schools,Orange County,Housing-Concentrated Stress,1,Cedar Ridge High,Orange County Schools,Orange County,0.4280675156818557
Orange High,Orange County Schools,Orange County,Housing-Concentrated Stress,2,Clayton High,Johnston County Public Schools,Johnston County,0.6220389612394956
Orange High,Orange County Schools,Orange County,Housing-Concentrated Stress,3,Central Academy Of Technology And Arts,Union County Public Schools,Union County,0.7131020933333332
Orange High,Orange County Schools,Orange County,Housing-Concentrated Stress,4,Union County Early College,Union County Public Schools,Union County,0.7203698928433129
Orange High,Orange County Schools,Orange County,Housing-Concentrated Stress,5,Partnership Academy,Orange County Schools,Orange County,0.7342961047773975
Cedar Ridge High,Orange County Schools,Orange County,Housing-Concentrated Stress,1,Orange High,Orange County Schools,Orange County,0.4280675156818557
Cedar Ridge High,Orange County Schools,Orange County,Housing-Concentrated Stress,2,Partnership Academy,Orange County Schools,Orange County,0.657474680970549
Cedar Ridge High,Orange County Schools,Orange County,Housing-Concentrated Stress,3,Millbrook High,Wake County Schools,Wake County,0.6715279152958104
Cedar Ridge High,Orange County Schools,Orange County,Housing-Concentrated Stress,4,Central Academy Of Technology And Arts,Union County Public Schools,Union County,0.6802826175010719
Cedar Ridge High,Orange County Schools,Orange County,Housing-Concentrated Stress,5,Clayton High,Johnston County Public Schools,Johnston County,0.7134329749529981
Partnership Academy,Orange County Schools,Orange County,Housing-Concentrated Stress,1,Cedar Ridge High,Orange County Schools,Orange County,0.657474680970549
Partnership Academy,Orange County Schools,Orange County,Housing-Concentrated Stress,2,Orange High,Orange County Schools,Orange County,0.7342961047773975
Partnership Academy,Orange County Schools,Orange County,Housing-Concentrated Stress,3,Clayton High,Johnston County Public Schools,Johnston County,0.9617857664297627
Partnership Academy,Orange County Schools,Orange County,Housing-Concentrated Stress,4,Union County Early College,Union County Public Schools,Union County,1.10327726039348
Partnership Academy,Orange County Schools,Orange County,Housing-Concentrated Stress,5,Sun Valley High,Union County Public Schools,Union County,1.1138215358161567
Pamlico County High,Pamlico County Schools,Pamlico County,Economic and Crime Concentrated,1,Swain County High School,Swain County Schools,Swain County,1.0849050527833282
Pamlico County High,Pamlico County Schools,Pamlico County,Economic and Crime Concentrated,2,East Bladen High,Bladen County Schools,Bladen County,1.6690392711093396
Pamlico County High,Pamlico County Schools,Pamlico County,Economic and Crime Concentrated,3,Paul R. Brown Leadership Academy,Paul R Brown Leadership Academy,Bladen County,2.3554581890690884
Pamlico County High,Pamlico County Schools,Pamlico County,Economic and Crime Concentrated,4,North Lenoir High,Lenoir County Public Schools,Lenoir County,2.425465083375089
Pamlico County High,Pamlico County Schools,Pamlico County,Economic and Crime Concentrated,5,Advance Academy,Vance County Schools,Vance County,2.433437454726139
Northeastern High,Elizabeth City-Pasquotank Public Schools,Pasquotank County,"Moderate Stress, Lower Housing",1,Northeast Academy Of Aerospace & Advtech,Northeast Academy Of Aerospace & Advtech,Pasquotank County,0.18461654307540964
Northeastern High,Elizabeth City-Pasquotank Public Schools,Pasquotank County,"Moderate Stress, Lower Housing",2,H L Trigg Community,Elizabeth City-Pasquotank Public Schools,Pasquotank County,0.18461654307540964
Northeastern High,Elizabeth City-Pasquotank Public Schools,Pasquotank County,"Moderate Stress, Lower Housing",3,Elizabeth City Pasquotank Early College,Elizabeth City-Pasquotank Public Schools,Pasquotank County,0.18461654307540964
Northeastern High,Elizabeth City-Pasquotank Public Schools,Pasquotank County,"Moderate Stress, Lower Housing",4,Pasquotank County High,Elizabeth City-Pasquotank Public Schools,Pasquotank County,0.30777465192350356
Northeastern High,Elizabeth City-Pasquotank Public Schools,Pasquotank County,"Moderate Stress, Lower Housing",5,Havelock High,Craven County Schools,Craven County,0.8207390875067919
H L Trigg Community,Elizabeth City-Pasquotank Public Schools,Pasquotank County,"Moderate Stress, Lower Housing",1,Northeast Academy Of Aerospace & Advtech,Northeast Academy Of Aerospace & Advtech,Pasquotank County,0.0
H L Trigg Community,Elizabeth City-Pasquotank Public Schools,Pasquotank County,"Moderate Stress, Lower Housing",2,Elizabeth City Pasquotank Early College,Elizabeth City-Pasquotank Public Schools,Pasquotank County,0.0
H L Trigg Community,Elizabeth City-Pasquotank Public Schools,Pasquotank County,"Moderate Stress, Lower Housing",3,Northeastern High,Elizabeth City-Pasquotank Public Schools,Pasquotank County,0.18461654307540964
H L Trigg Community,Elizabeth City-Pasquotank Public Schools,Pasquotank County,"Moderate Stress, Lower Housing",4,Pasquotank County High,Elizabeth City-Pasquotank Public Schools,Pasquotank County,0.24625590021260238
H L Trigg Community,Elizabeth City-Pasquotank Public Schools,Pasquotank County,"Moderate Stress, Lower Housing",5,Havelock High,Craven County Schools,Craven County,0.8588949070688294
Pasquotank County High,Elizabeth City-Pasquotank Public Schools,Pasquotank County,"Moderate Stress, Lower Housing",1,Northeast Academy Of Aerospace & Advtech,Northeast Academy Of Aerospace & Advtech,Pasquotank County,0.24625590021260238
Pasquotank County High,Elizabeth City-Pasquotank Public Schools,Pasquotank County,"Moderate Stress, Lower Housing",2,H L Trigg Community,Elizabeth City-Pasquotank Public Schools,Pasquotank County,0.24625590021260238
Pasquotank County High,Elizabeth City-Pasquotank Public Schools,Pasquotank County,"Moderate Stress, Lower Housing",3,Elizabeth City Pasquotank Early College,Elizabeth City-Pasquotank Public Schools,Pasquotank County,0.24625590021260238
Pasquotank County High,Elizabeth City-Pasquotank Public Schools,Pasquotank County,"Moderate Stress, Lower Housing",4,Northeastern High,Elizabeth City-Pasquotank Public Schools,Pasquotank County,0.30777465192350356
Pasquotank County High,Elizabeth City-Pasquotank Public Schools,Pasquotank County,"Moderate Stress, Lower Housing",5,Havelock High,Craven County Schools,Craven County,0.8935001006034036
Elizabeth City Pasquotank Early College,Elizabeth City-Pasquotank Public Schools,Pasquotank County,"Moderate Stress, Lower Housing",1,Northeast Academy Of Aerospace & Advtech,Northeast Academy Of Aerospace & Advtech,Pasquotank County,0.0
Elizabeth City Pasquotank Early College,Elizabeth City-Pasquotank Public Schools,Pasquotank County,"Moderate Stress, Lower Housing",2,H L Trigg Community,Elizabeth City-Pasquotank Public Schools,Pasquotank County,0.0
Elizabeth City Pasquotank Early College,Elizabeth City-Pasquotank Public Schools,Pasquotank County,"Moderate Stress, Lower Housing",3,Northeastern High,Elizabeth City-Pasquotank Public Schools,Pasquotank County,0.18461654307540964
Elizabeth City Pasquotank Early College,Elizabeth City-Pasquotank Public Schools,Pasquotank County,"Moderate Stress, Lower Housing",4,Pasquotank County High,Elizabeth City-Pasquotank Public Schools,Pasquotank County,0.24625590021260238
Elizabeth City Pasquotank Early College,Elizabeth City-Pasquotank Public Schools,Pasquotank County,"Moderate Stress, Lower Housing",5,Havelock High,Craven County Schools,Craven County,0.8588949070688294
Pender High,Pender County Schools,Pender County,"Moderate Stress, Lower Housing",1,Phillips High,Wake County Schools,Wake County,0.30297709128804473
Pender High,Pender County Schools,Pender County,"Moderate Stress, Lower Housing",2,Longview,Wake County Schools,Wake County,0.30297709128804473
Pender High,Pender County Schools,Pender County,"Moderate Stress, Lower Housing",3,Central Wake High School,Central Wake Charter High School,Wake County,0.30297709128804473
Pender High,Pender County Schools,Pender County,"Moderate Stress, Lower Housing",4,Enloe High,Wake County Schools,Wake County,0.5556366713499702
Pender High,Pender County Schools,Pender County,"Moderate Stress, Lower Housing",5,Southeast Raleigh High,Wake County Schools,Wake County,0.6234304268490546
Topsail High,Pender County Schools,Pender County,Broadly Lower Stress,1,Central Haywood High,Haywood County Schools,Haywood County,0.6072002012488469
Topsail High,Pender County Schools,Pender County,Broadly Lower Stress,2,Myers Park High School,Charlotte-Mecklenburg Schools,Mecklenburg County,0.9215640645138532
Topsail High,Pender County Schools,Pender County,Broadly Lower Stress,3,Croatan High,Carteret County Public Schools,Carteret County,1.0525204986599286
Topsail High,Pender County Schools,Pender County,Broadly Lower Stress,4,Merancas Middle College-Cpcc,Charlotte-Mecklenburg Schools,Mecklenburg County,1.157057295580725
Topsail High,Pender County Schools,Pender County,Broadly Lower Stress,5,Wake Young Men'S Leadership Academy,Wake County Schools,Wake County,1.1620110299511994
Heide Trask High,Pender County Schools,Pender County,"Moderate Stress, Lower Housing",1,Starmount High,Yadkin County Schools,Yadkin County,0.41171616810231326
Heide Trask High,Pender County Schools,Pender County,"Moderate Stress, Lower Housing",2,Forbush High,Yadkin County Schools,Yadkin County,0.5235177895622773
Heide Trask High,Pender County Schools,Pender County,"Moderate Stress, Lower Housing",3,Pender Early College High,Pender County Schools,Pender County,0.5741203652582944
Heide Trask High,Pender County Schools,Pender County,"Moderate Stress, Lower Housing",4,Stanly Stem Early College,Stanly County Schools,Stanly County,0.600311393268115
Heide Trask High,Pender County Schools,Pender County,"Moderate Stress, Lower Housing",5,Stanly Academy Learning Center,Stanly County Schools,Stanly County,0.600311393268115
Pender Early College High,Pender County Schools,Pender County,"Moderate Stress, Lower Housing",1,Pisgah High,Haywood County Schools,Haywood County,0.47177717895066185
Pender Early College High,Pender County Schools,Pender County,"Moderate Stress, Lower Housing",2,Heide Trask High,Pender County Schools,Pender County,0.5741203652582944
Pender Early College High,Pender County Schools,Pender County,"Moderate Stress, Lower Housing",3,North Stanly High,Stanly County Schools,Stanly County,0.7052231716876065
Pender Early College High,Pender County Schools,Pender County,"Moderate Stress, Lower Housing",4,Forbush High,Yadkin County Schools,Yadkin County,0.7088580822993419
Pender Early College High,Pender County Schools,Pender County,"Moderate Stress, Lower Housing",5,Richlands High,Onslow County Schools,Onslow County,0.7157236038160547
Perquimans County High,Perquimans County Schools,Perquimans County,"Moderate Stress, Lower Housing",1,J. F. Webb High,Granville County Schools,Granville County,0.7088886257953305
Perquimans County High,Perquimans County Schools,Perquimans County,"Moderate Stress, Lower Housing",2,Ashe County Early College High,Ashe County Schools,Ashe County,0.7803543166017187
Perquimans County High,Perquimans County Schools,Perquimans County,"Moderate Stress, Lower Housing",3,New Bern High,Craven County Schools,Craven County,0.7878327262747331
Perquimans County High,Perquimans County Schools,Perquimans County,"Moderate Stress, Lower Housing",4,Alexander Central High,Alexander County Schools,Alexander County,0.9434637863086127
Perquimans County High,Perquimans County Schools,Perquimans County,"Moderate Stress, Lower Housing",5,Alexander Early College,Alexander County Schools,Alexander County,0.9434637863086127
Person High,Person County Schools,Person County,"Moderate Stress, Lower Housing",1,Roxboro Community School,Roxboro Community School,Person County,0.0
Person High,Person County Schools,Person County,"Moderate Stress, Lower Housing",2,Person Early College Innovation & Ldrshp,Person County Schools,Person County,0.0
Person High,Person County Schools,Person County,"Moderate Stress, Lower Housing",3,Wayne School Of Engineering,Wayne County Public Schools,Wayne County,0.3697421045736197
Person High,Person County Schools,Person County,"Moderate Stress, Lower Housing",4,Edgewood Cmty Developmental,Wayne County Public Schools,Wayne County,0.3697421045736197
Person High,Person County Schools,Person County,"Moderate Stress, Lower Housing",5,Eastern Wayne High,Wayne County Public Schools,Wayne County,0.5447025262652647
Person Early College Innovation & Ldrshp,Person County Schools,Person County,"Moderate Stress, Lower Housing",1,Roxboro Community School,Roxboro Community School,Person County,0.0
Person Early College Innovation & Ldrshp,Person County Schools,Person County,"Moderate Stress, Lower Housing",2,Person High,Person County Schools,Person County,0.0
Person Early College Innovation & Ldrshp,Person County Schools,Person County,"Moderate Stress, Lower Housing",3,Wayne School Of Engineering,Wayne County Public Schools,Wayne County,0.3697421045736197
Person Early College Innovation & Ldrshp,Person County Schools,Person County,"Moderate Stress, Lower Housing",4,Edgewood Cmty Developmental,Wayne County Public Schools,Wayne County,0.3697421045736197
Person Early College Innovation & Ldrshp,Person County Schools,Person County,"Moderate Stress, Lower Housing",5,Eastern Wayne High,Wayne County Public Schools,Wayne County,0.5447025262652647
Polk County High School,Polk County Schools,Polk County,"Moderate Stress, Lower Housing",1,Polk County Early College,Polk County Schools,Polk County,0.0
Polk County High School,Polk County Schools,Polk County,"Moderate Stress, Lower Housing",2,J. F. Webb High,Granville County Schools,Granville County,0.5960681905911157
Polk County High School,Polk County Schools,Polk County,"Moderate Stress, Lower Housing",3,Mayland Early College,Mitchell County Schools,Avery County,0.7202737714831907
Polk County High School,Polk County Schools,Polk County,"Moderate Stress, Lower Housing",4,Mitchell High,Mitchell County Schools,Mitchell County,0.7302495679075208
Polk County High School,Polk County Schools,Polk County,"Moderate Stress, Lower Housing",5,Alexander Central High,Alexander County Schools,Alexander County,0.8294325676452469
Polk County Early College,Polk County Schools,Polk County,"Moderate Stress, Lower Housing",1,Polk County High School,Polk County Schools,Polk County,0.0
Polk County Early College,Polk County Schools,Polk County,"Moderate Stress, Lower Housing",2,J. F. Webb High,Granville County Schools,Granville County,0.5960681905911157
Polk County Early College,Polk County Schools,Polk County,"Moderate Stress, Lower Housing",3,Mayland Early College,Mitchell County Schools,Avery County,0.7202737714831907
Polk County Early College,Polk County Schools,Polk County,"Moderate Stress, Lower Housing",4,Mitchell High,Mitchell County Schools,Mitchell County,0.7302495679075208
Polk County Early College,Polk County Schools,Polk County,"Moderate Stress, Lower Housing",5,Alexander Central High,Alexander County Schools,Alexander County,0.8294325676452469
Eastern Randolph High School,Randolph County School System,Randolph County,"Moderate Stress, Lower Housing",1,North Iredell High,Iredell-Statesville Schools,Iredell County,0.32829385678542516
Eastern Randolph High School,Randolph County School System,Randolph County,"Moderate Stress, Lower Housing",2,Providence Grove High School,Randolph County School System,Randolph County,0.49464889636796006
Eastern Randolph High School,Randolph County School System,Randolph County,"Moderate Stress, Lower Housing",3,South Davidson Middle And High,Davidson County Schools,Davidson County,0.5201635495157503
Eastern Randolph High School,Randolph County School System,Randolph County,"Moderate Stress, Lower Housing",4,Gateway School,Caldwell County Schools,Caldwell County,0.532909721126602
Eastern Randolph High School,Randolph County School System,Randolph County,"Moderate Stress, Lower Housing",5,Freedom High,Burke County Schools,Burke County,0.5475394065226128
Randleman High School,Randolph County School System,Randolph County,Multidomain Elevated Stress,1,Randolph Early College High School,Randolph County School System,Randolph County,0.3955484585236517
Randleman High School,Randolph County School System,Randolph County,Multidomain Elevated Stress,2,Trinity High School,Randolph County School System,Randolph County,0.43656093159038223
Randleman High School,Randolph County School System,Randolph County,Multidomain Elevated Stress,3,Graham High,Alamance-Burlington Schools,Alamance County,1.000081865657364
Randleman High School,Randolph County School System,Randolph County,Multidomain Elevated Stress,4,Abss Early College At Acc,Alamance-Burlington Schools,Alamance County,1.000081865657364
Randleman High School,Randolph County School System,Randolph County,Multidomain Elevated Stress,5,Ray Street Academy,Alamance-Burlington Schools,Alamance County,1.000081865657364
Southwestern Randolph High School,Randolph County School System,Randolph County,"Moderate Stress, Lower Housing",1,Providence Grove High School,Randolph County School System,Randolph County,0.23481183672662692
Southwestern Randolph High School,Randolph County School System,Randolph County,"Moderate Stress, Lower Housing",2,South Caldwell High,Caldwell County Schools,Caldwell County,0.3996517084281514
Southwestern Randolph High School,Randolph County School System,Randolph County,"Moderate Stress, Lower Housing",3,West Iredell High,Iredell-Statesville Schools,Iredell County,0.41664004536744725
Southwestern Randolph High School,Randolph County School System,Randolph County,"Moderate Stress, Lower Housing",4,Statesville High,Iredell-Statesville Schools,Iredell County,0.4340285442204265
Southwestern Randolph High School,Randolph County School System,Randolph County,"Moderate Stress, Lower Housing",5,Gateway School,Caldwell County Schools,Caldwell County,0.5135527936042407
Trinity High School,Randolph County School System,Randolph County,Multidomain Elevated Stress,1,Randolph Early College High School,Randolph County School System,Randolph County,0.25324179670979
Trinity High School,Randolph County School System,Randolph County,Multidomain Elevated Stress,2,Randleman High School,Randolph County School System,Randolph County,0.43656093159038223
Trinity High School,Randolph County School System,Randolph County,Multidomain Elevated Stress,3,North Gaston High,Gaston County Schools,Gaston County,0.7182318353963983
Trinity High School,Randolph County School System,Randolph County,Multidomain Elevated Stress,4,Abss Early College At Acc,Alamance-Burlington Schools,Alamance County,0.9871580985486359
Trinity High School,Randolph County School System,Randolph County,Multidomain Elevated Stress,5,Southern Alamance High,Alamance-Burlington Schools,Alamance County,0.9871580985486359
Uwharrie Ridge Six-Twelve,Randolph County School System,Randolph County,"Moderate Stress, Lower Housing",1,Maiden High,Catawba County Schools,Catawba County,0.47871986039204034
Uwharrie Ridge Six-Twelve,Randolph County School System,Randolph County,"Moderate Stress, Lower Housing",2,Wheatmore High School,Randolph County School System,Randolph County,0.5014765775943528
Uwharrie Ridge Six-Twelve,Randolph County School System,Randolph County,"Moderate Stress, Lower Housing",3,Lincolnton High,Lincoln County Schools,Lincoln County,0.5573766524592495
Uwharrie Ridge Six-Twelve,Randolph County School System,Randolph County,"Moderate Stress, Lower Housing",4,Asbury Academy,Lincoln County Schools,Lincoln County,0.5573766524592495
Uwharrie Ridge Six-Twelve,Randolph County School System,Randolph County,"Moderate Stress, Lower Housing",5,North Lincoln High,Lincoln County Schools,Lincoln County,0.5573766524592495
Randolph Early College High School,Randolph County School System,Randolph County,Multidomain Elevated Stress,1,Trinity High School,Randolph County School System,Randolph County,0.25324179670979
Randolph Early College High School,Randolph County School System,Randolph County,Multidomain Elevated Stress,2,Randleman High School,Randolph County School System,Randolph County,0.3955484585236517
Randolph Early College High School,Randolph County School System,Randolph County,Multidomain Elevated Stress,3,North Gaston High,Gaston County Schools,Gaston County,0.9025890052424699
Randolph Early College High School,Randolph County School System,Randolph County,Multidomain Elevated Stress,4,Graham High,Alamance-Burlington Schools,Alamance County,1.1224600839087537
Randolph Early College High School,Randolph County School System,Randolph County,Multidomain Elevated Stress,5,Abss Early College At Acc,Alamance-Burlington Schools,Alamance County,1.1224600839087537
Providence Grove High School,Randolph County School System,Randolph County,"Moderate Stress, Lower Housing",1,Southwestern Randolph High School,Randolph County School System,Randolph County,0.23481183672662692
Providence Grove High School,Randolph County School System,Randolph County,"Moderate Stress, Lower Housing",2,Gateway School,Caldwell County Schools,Caldwell County,0.4142661597077931
Providence Grove High School,Randolph County School System,Randolph County,"Moderate Stress, Lower Housing",3,Asheboro High,Asheboro City Schools,Randolph County,0.4302093412148036
Providence Grove High School,Randolph County School System,Randolph County,"Moderate Stress, Lower Housing",4,North Iredell High,Iredell-Statesville Schools,Iredell County,0.44266120310721
Providence Grove High School,Randolph County School System,Randolph County,"Moderate Stress, Lower Housing",5,South Davidson Middle And High,Davidson County Schools,Davidson County,0.4457722862844859
Wheatmore High School,Randolph County School System,Randolph County,"Moderate Stress, Lower Housing",1,Maiden High,Catawba County Schools,Catawba County,0.4593686190191788
Wheatmore High School,Randolph County School System,Randolph County,"Moderate Stress, Lower Housing",2,Uwharrie Ridge Six-Twelve,Randolph County School System,Randolph County,0.5014765775943528
Wheatmore High School,Randolph County School System,Randolph County,"Moderate Stress, Lower Housing",3,Discovery High School,Newton Conover City Schools,Catawba County,0.5313128766455829
Wheatmore High School,Randolph County School System,Randolph County,"Moderate Stress, Lower Housing",4,Newton-Conover High,Newton Conover City Schools,Catawba County,0.5313128766455829
Wheatmore High School,Randolph County School System,Randolph County,"Moderate Stress, Lower Housing",5,South Stokes High School,Stokes County Schools,Stokes County,0.6155493038470063
Ashley Chapel Educational Center,Richmond County Schools,Richmond County,Economic and Crime Concentrated,1,Richmond Senior High,Richmond County Schools,Richmond County,0.25040918953815033
Ashley Chapel Educational Center,Richmond County Schools,Richmond County,Economic and Crime Concentrated,2,Richmond Early College High,Richmond County Schools,Richmond County,0.25040918953815033
Ashley Chapel Educational Center,Richmond County Schools,Richmond County,Economic and Crime Concentrated,3,Roanoke Rapids High School,Roanoke Rapids City Schools,Halifax County,0.9791914171936787
Ashley Chapel Educational Center,Richmond County Schools,Richmond County,Economic and Crime Concentrated,4,Kings Mountain High,Cleveland County Schools,Cleveland County,0.9960098195764602
Ashley Chapel Educational Center,Richmond County Schools,Richmond County,Economic and Crime Concentrated,5,Weldon Stem High School Career Academies,Weldon City Schools,Halifax County,1.0335500425143094
Richmond Senior High,Richmond County Schools,Richmond County,Economic and Crime Concentrated,1,Richmond Early College High,Richmond County Schools,Richmond County,0.0
Richmond Senior High,Richmond County Schools,Richmond County,Economic and Crime Concentrated,2,Ashley Chapel Educational Center,Richmond County Schools,Richmond County,0.25040918953815033
Richmond Senior High,Richmond County Schools,Richmond County,Economic and Crime Concentrated,3,Kings Mountain High,Cleveland County Schools,Cleveland County,1.0711578804330077
Richmond Senior High,Richmond County Schools,Richmond County,Economic and Crime Concentrated,4,Weldon Stem High School Career Academies,Weldon City Schools,Halifax County,1.1184581472666684
Richmond Senior High,Richmond County Schools,Richmond County,Economic and Crime Concentrated,5,Roanoke Valley Early College,Weldon City Schools,Halifax County,1.1184581472666684
Richmond Early College High,Richmond County Schools,Richmond County,Economic and Crime Concentrated,1,Richmond Senior High,Richmond County Schools,Richmond County,0.0
Richmond Early College High,Richmond County Schools,Richmond County,Economic and Crime Concentrated,2,Ashley Chapel Educational Center,Richmond County Schools,Richmond County,0.25040918953815033
Richmond Early College High,Richmond County Schools,Richmond County,Economic and Crime Concentrated,3,Kings Mountain High,Cleveland County Schools,Cleveland County,1.0711578804330077
Richmond Early College High,Richmond County Schools,Richmond County,Economic and Crime Concentrated,4,Weldon Stem High School Career Academies,Weldon City Schools,Halifax County,1.1184581472666684
Richmond Early College High,Richmond County Schools,Richmond County,Economic and Crime Concentrated,5,Roanoke Valley Early College,Weldon City Schools,Halifax County,1.1184581472666684
Roanoke Rapids High School,Roanoke Rapids City Schools,Halifax County,Economic and Crime Concentrated,1,Roanoke Rapids Early College High,Roanoke Rapids City Schools,Halifax County,0.5064835934195783
Roanoke Rapids High School,Roanoke Rapids City Schools,Halifax County,Economic and Crime Concentrated,2,Weldon Stem High School Career Academies,Weldon City Schools,Halifax County,0.9104699418234408
Roanoke Rapids High School,Roanoke Rapids City Schools,Halifax County,Economic and Crime Concentrated,3,Roanoke Valley Early College,Weldon City Schools,Halifax County,0.9104699418234408
Roanoke Rapids High School,Roanoke Rapids City Schools,Halifax County,Economic and Crime Concentrated,4,Ashley Chapel Educational Center,Richmond County Schools,Richmond County,0.9791914171936783
Roanoke Rapids High School,Roanoke Rapids City Schools,Halifax County,Economic and Crime Concentrated,5,Kings Mountain High,Cleveland County Schools,Cleveland County,1.021213687686738
Roanoke Rapids Early College High,Roanoke Rapids City Schools,Halifax County,Economic and Crime Concentrated,1,Roanoke Rapids High School,Roanoke Rapids City Schools,Halifax County,0.5064835934195783
Roanoke Rapids Early College High,Roanoke Rapids City Schools,Halifax County,Economic and Crime Concentrated,2,Weldon Stem High School Career Academies,Weldon City Schools,Halifax County,0.5860528395430408
Roanoke Rapids Early College High,Roanoke Rapids City Schools,Halifax County,Economic and Crime Concentrated,3,Roanoke Valley Early College,Weldon City Schools,Halifax County,0.5860528395430408
Roanoke Rapids Early College High,Roanoke Rapids City Schools,Halifax County,Economic and Crime Concentrated,4,Tarboro High,Edgecombe County Public Schools,Edgecombe County,0.8960522888840273
Roanoke Rapids Early College High,Roanoke Rapids City Schools,Halifax County,Economic and Crime Concentrated,5,Halifax County Early College High,Halifax County Schools,Halifax County,0.9265622290042961
Purnell Swett High,Public Schools Of Robeson County,Robeson County,Economic and Crime Concentrated,1,Fairmont High,Public Schools Of Robeson County,Robeson County,0.5299690447981852
Purnell Swett High,Public Schools Of Robeson County,Robeson County,Economic and Crime Concentrated,2,Edgecombe Early College High,Edgecombe County Public Schools,Edgecombe County,0.6956448051844678
Purnell Swett High,Public Schools Of Robeson County,Robeson County,Economic and Crime Concentrated,3,Psrc Early College At Rcc,Public Schools Of Robeson County,Robeson County,0.8807645885781952
Purnell Swett High,Public Schools Of Robeson County,Robeson County,Economic and Crime Concentrated,4,Southwest Edgecombe High,Edgecombe County Public Schools,Edgecombe County,0.8831751298295734
Purnell Swett High,Public Schools Of Robeson County,Robeson County,Economic and Crime Concentrated,5,Lumberton Senior High,Public Schools Of Robeson County,Robeson County,0.9267767089610296
Fairmont High,Public Schools Of Robeson County,Robeson County,Economic and Crime Concentrated,1,Purnell Swett High,Public Schools Of Robeson County,Robeson County,0.5299690447981852
Fairmont High,Public Schools Of Robeson County,Robeson County,Economic and Crime Concentrated,2,Edgecombe Early College High,Edgecombe County Public Schools,Edgecombe County,1.01064420335481
Fairmont High,Public Schools Of Robeson County,Robeson County,Economic and Crime Concentrated,3,Psrc Early College At Rcc,Public Schools Of Robeson County,Robeson County,1.2063440325126662
Fairmont High,Public Schools Of Robeson County,Robeson County,Economic and Crime Concentrated,4,Southwest Edgecombe High,Edgecombe County Public Schools,Edgecombe County,1.243563538613257
Fairmont High,Public Schools Of Robeson County,Robeson County,Economic and Crime Concentrated,5,Lumberton Senior High,Public Schools Of Robeson County,Robeson County,1.2491124158996005
Lumberton Senior High,Public Schools Of Robeson County,Robeson County,Economic and Crime Concentrated,1,Psrc Early College At Rcc,Public Schools Of Robeson County,Robeson County,0.18461654307540604
Lumberton Senior High,Public Schools Of Robeson County,Robeson County,Economic and Crime Concentrated,2,Edgecombe Early College High,Edgecombe County Public Schools,Edgecombe County,0.6785820294512209
Lumberton Senior High,Public Schools Of Robeson County,Robeson County,Economic and Crime Concentrated,3,Southwest Edgecombe High,Edgecombe County Public Schools,Edgecombe County,0.9021048576077839
Lumberton Senior High,Public Schools Of Robeson County,Robeson County,Economic and Crime Concentrated,4,Purnell Swett High,Public Schools Of Robeson County,Robeson County,0.9267767089610296
Lumberton Senior High,Public Schools Of Robeson County,Robeson County,Economic and Crime Concentrated,5,North Edgecombe High,Edgecombe County Public Schools,Edgecombe County,1.0164851153347445
Red Springs High,Public Schools Of Robeson County,Robeson County,Economic and Crime Concentrated,1,Scotland High School,Scotland County Schools,Scotland County,0.7658967687959651
Red Springs High,Public Schools Of Robeson County,Robeson County,Economic and Crime Concentrated,2,Scotland Early College High,Scotland County Schools,Scotland County,0.7658967687959651
Red Springs High,Public Schools Of Robeson County,Robeson County,Economic and Crime Concentrated,3,Shaw Academy,Scotland County Schools,Scotland County,1.1148934064446814
Red Springs High,Public Schools Of Robeson County,Robeson County,Economic and Crime Concentrated,4,Kinston High,Lenoir County Public Schools,Lenoir County,1.2529148677675046
Red Springs High,Public Schools Of Robeson County,Robeson County,Economic and Crime Concentrated,5,Cherokee Central High School,Cherokee Central High School,Swain County,1.2894523020320534
Saint Pauls High,Public Schools Of Robeson County,Robeson County,Economic and Crime Concentrated,1,North Edgecombe High,Edgecombe County Public Schools,Edgecombe County,1.1658275621704042
Saint Pauls High,Public Schools Of Robeson County,Robeson County,Economic and Crime Concentrated,2,Lumberton Senior High,Public Schools Of Robeson County,Robeson County,1.167538395102806
Saint Pauls High,Public Schools Of Robeson County,Robeson County,Economic and Crime Concentrated,3,Psrc Early College At Rcc,Public Schools Of Robeson County,Robeson County,1.2536842649682003
Saint Pauls High,Public Schools Of Robeson County,Robeson County,Economic and Crime Concentrated,4,North Lenoir High,Lenoir County Public Schools,Lenoir County,1.4918843858642497
Saint Pauls High,Public Schools Of Robeson County,Robeson County,Economic and Crime Concentrated,5,Lenoir County Early College High,Lenoir County Public Schools,Lenoir County,1.6097660811832575
Psrc Early College At Rcc,Public Schools Of Robeson County,Robeson County,Economic and Crime Concentrated,1,Lumberton Senior High,Public Schools Of Robeson County,Robeson County,0.18461654307540604
Psrc Early College At Rcc,Public Schools Of Robeson County,Robeson County,Economic and Crime Concentrated,2,Edgecombe Early College High,Edgecombe County Public Schools,Edgecombe County,0.598517975304661
Psrc Early College At Rcc,Public Schools Of Robeson County,Robeson County,Economic and Crime Concentrated,3,Southwest Edgecombe High,Edgecombe County Public Schools,Edgecombe County,0.8088883617237539
Psrc Early College At Rcc,Public Schools Of Robeson County,Robeson County,Economic and Crime Concentrated,4,Purnell Swett High,Public Schools Of Robeson County,Robeson County,0.8807645885781952
Psrc Early College At Rcc,Public Schools Of Robeson County,Robeson County,Economic and Crime Concentrated,5,North Edgecombe High,Edgecombe County Public Schools,Edgecombe County,1.0357203326592535
John M Morehead High,Rockingham County Schools,Rockingham County,"Moderate Stress, Lower Housing",1,Rockingham Co Early College High,Rockingham County Schools,Rockingham County,0.34045942828449355
John M Morehead High,Rockingham County Schools,Rockingham County,"Moderate Stress, Lower Housing",2,Mcdowell Academy For Innovation,Mcdowell County Schools,McDowell County,0.4675336262535655
John M Morehead High,Rockingham County Schools,Rockingham County,"Moderate Stress, Lower Housing",3,Mcdowell Virtual Academy,Mcdowell County Schools,McDowell County,0.4675336262535655
John M Morehead High,Rockingham County Schools,Rockingham County,"Moderate Stress, Lower Housing",4,Dalton Mcmichael High,Rockingham County Schools,Rockingham County,0.5223413900036642
John M Morehead High,Rockingham County Schools,Rockingham County,"Moderate Stress, Lower Housing",5,Reidsville High,Rockingham County Schools,Rockingham County,0.5473262776266349
Reidsville High,Rockingham County Schools,Rockingham County,"Moderate Stress, Lower Housing",1,Rockingham County High,Rockingham County Schools,Rockingham County,0.4187232465026121
Reidsville High,Rockingham County Schools,Rockingham County,"Moderate Stress, Lower Housing",2,Rockingham Co Early College High,Rockingham County Schools,Rockingham County,0.4318642410111363
Reidsville High,Rockingham County Schools,Rockingham County,"Moderate Stress, Lower Housing",3,Dalton Mcmichael High,Rockingham County Schools,Rockingham County,0.5168274793963442
Reidsville High,Rockingham County Schools,Rockingham County,"Moderate Stress, Lower Housing",4,John M Morehead High,Rockingham County Schools,Rockingham County,0.5473262776266349
Reidsville High,Rockingham County Schools,Rockingham County,"Moderate Stress, Lower Housing",5,Mcdowell Virtual Academy,Mcdowell County Schools,McDowell County,0.6809382176428621
Rockingham County High,Rockingham County Schools,Rockingham County,"Moderate Stress, Lower Housing",1,Dalton Mcmichael High,Rockingham County Schools,Rockingham County,0.3588382760663036
Rockingham County High,Rockingham County Schools,Rockingham County,"Moderate Stress, Lower Housing",2,Rockingham Co Early College High,Rockingham County Schools,Rockingham County,0.41030908601923327
Rockingham County High,Rockingham County Schools,Rockingham County,"Moderate Stress, Lower Housing",3,Reidsville High,Rockingham County Schools,Rockingham County,0.4187232465026121
Rockingham County High,Rockingham County Schools,Rockingham County,"Moderate Stress, Lower Housing",4,Ascend Leadership Academy: Lee County,Ascend Leadership Academy: Lee County,Lee County,0.5610026044674242
Rockingham County High,Rockingham County Schools,Rockingham County,"Moderate Stress, Lower Housing",5,John M Morehead High,Rockingham County Schools,Rockingham County,0.6337234697257127
Dalton Mcmichael High,Rockingham County Schools,Rockingham County,"Moderate Stress, Lower Housing",1,Rockingham Co Early College High,Rockingham County Schools,Rockingham County,0.19896893651950157
Dalton Mcmichael High,Rockingham County Schools,Rockingham County,"Moderate Stress, Lower Housing",2,Rockingham County High,Rockingham County Schools,Rockingham County,0.3588382760663036
Dalton Mcmichael High,Rockingham County Schools,Rockingham County,"Moderate Stress, Lower Housing",3,Southern Lee High School,Lee County Schools,Lee County,0.48584511179762124
Dalton Mcmichael High,Rockingham County Schools,Rockingham County,"Moderate Stress, Lower Housing",4,Reidsville High,Rockingham County Schools,Rockingham County,0.5168274793963442
Dalton Mcmichael High,Rockingham County Schools,Rockingham County,"Moderate Stress, Lower Housing",5,John M Morehead High,Rockingham County Schools,Rockingham County,0.5223413900036642
Rockingham Co Early College High,Rockingham County Schools,Rockingham County,"Moderate Stress, Lower Housing",1,Dalton Mcmichael High,Rockingham County Schools,Rockingham County,0.198968936519501
Rockingham Co Early College High,Rockingham County Schools,Rockingham County,"Moderate Stress, Lower Housing",2,John M Morehead High,Rockingham County Schools,Rockingham County,0.34045942828449355
Rockingham Co Early College High,Rockingham County Schools,Rockingham County,"Moderate Stress, Lower Housing",3,Rockingham County High,Rockingham County Schools,Rockingham County,0.41030908601923355
Rockingham Co Early College High,Rockingham County Schools,Rockingham County,"Moderate Stress, Lower Housing",4,Reidsville High,Rockingham County Schools,Rockingham County,0.4318642410111363
Rockingham Co Early College High,Rockingham County Schools,Rockingham County,"Moderate Stress, Lower Housing",5,Mcdowell Academy For Innovation,Mcdowell County Schools,McDowell County,0.5292547744903552
East Rowan High,Rowan-Salisbury Schools,Rowan County,"Moderate Stress, Lower Housing",1,Eastern Alamance High,Alamance-Burlington Schools,Alamance County,0.48365575751528744
East Rowan High,Rowan-Salisbury Schools,Rowan County,"Moderate Stress, Lower Housing",2,North Rowan High,Rowan-Salisbury Schools,Rowan County,0.5654103729181876
East Rowan High,Rowan-Salisbury Schools,Rowan County,"Moderate Stress, Lower Housing",3,Havelock High,Craven County Schools,Craven County,0.6607068086385088
East Rowan High,Rowan-Salisbury Schools,Rowan County,"Moderate Stress, Lower Housing",4,Franklin County Early College,Franklin County Schools,Franklin County,0.6982892843759796
East Rowan High,Rowan-Salisbury Schools,Rowan County,"Moderate Stress, Lower Housing",5,Roxboro Community School,Roxboro Community School,Person County,0.7441916924541044
North Rowan High,Rowan-Salisbury Schools,Rowan County,"Moderate Stress, Lower Housing",1,East Rowan High,Rowan-Salisbury Schools,Rowan County,0.5654103729181876
North Rowan High,Rowan-Salisbury Schools,Rowan County,"Moderate Stress, Lower Housing",2,Henderson High,Rowan-Salisbury Schools,Rowan County,0.5814200040397882
North Rowan High,Rowan-Salisbury Schools,Rowan County,"Moderate Stress, Lower Housing",3,Person Early College Innovation & Ldrshp,Person County Schools,Person County,0.594334556899304
North Rowan High,Rowan-Salisbury Schools,Rowan County,"Moderate Stress, Lower Housing",4,Roxboro Community School,Roxboro Community School,Person County,0.594334556899304
North Rowan High,Rowan-Salisbury Schools,Rowan County,"Moderate Stress, Lower Housing",5,Person High,Person County Schools,Person County,0.594334556899304
South Rowan High,Rowan-Salisbury Schools,Rowan County,Multidomain Elevated Stress,1,Abss Early College At Acc,Alamance-Burlington Schools,Alamance County,0.5078582209009185
South Rowan High,Rowan-Salisbury Schools,Rowan County,Multidomain Elevated Stress,2,Ray Street Academy,Alamance-Burlington Schools,Alamance County,0.5078582209009185
South Rowan High,Rowan-Salisbury Schools,Rowan County,Multidomain Elevated Stress,3,Southern Alamance High,Alamance-Burlington Schools,Alamance County,0.5078582209009185
South Rowan High,Rowan-Salisbury Schools,Rowan County,Multidomain Elevated Stress,4,Graham High,Alamance-Burlington Schools,Alamance County,0.5078582209009185
South Rowan High,Rowan-Salisbury Schools,Rowan County,Multidomain Elevated Stress,5,Carson High,Rowan-Salisbury Schools,Rowan County,0.529969044798184
West Rowan High,Rowan-Salisbury Schools,Rowan County,Multidomain Elevated Stress,1,Rowan Co Early College,Rowan-Salisbury Schools,Rowan County,0.78274264424417
West Rowan High,Rowan-Salisbury Schools,Rowan County,Multidomain Elevated Stress,2,Carson High,Rowan-Salisbury Schools,Rowan County,0.8159965142373435
West Rowan High,Rowan-Salisbury Schools,Rowan County,Multidomain Elevated Stress,3,Ray Street Academy,Alamance-Burlington Schools,Alamance County,0.9101218089082922
West Rowan High,Rowan-Salisbury Schools,Rowan County,Multidomain Elevated Stress,4,Abss Early College At Acc,Alamance-Burlington Schools,Alamance County,0.9101218089082922
West Rowan High,Rowan-Salisbury Schools,Rowan County,Multidomain Elevated Stress,5,Southern Alamance High,Alamance-Burlington Schools,Alamance County,0.9101218089082922
Salisbury High,Rowan-Salisbury Schools,Rowan County,"Moderate Stress, Lower Housing",1,Southern Lee High School,Lee County Schools,Lee County,0.5293252250767455
Salisbury High,Rowan-Salisbury Schools,Rowan County,"Moderate Stress, Lower Housing",2,Louisburg Magnet High,Franklin County Schools,Franklin County,0.5994176453018378
Salisbury High,Rowan-Salisbury Schools,Rowan County,"Moderate Stress, Lower Housing",3,Dalton Mcmichael High,Rockingham County Schools,Rockingham County,0.6048573073756026
Salisbury High,Rowan-Salisbury Schools,Rowan County,"Moderate Stress, Lower Housing",4,Rockingham Co Early College High,Rockingham County Schools,Rockingham County,0.6215786384950339
Salisbury High,Rowan-Salisbury Schools,Rowan County,"Moderate Stress, Lower Housing",5,Bunker Hill High,Catawba County Schools,Catawba County,0.6961645291949291
Henderson High,Rowan-Salisbury Schools,Rowan County,"Moderate Stress, Lower Housing",1,North Rowan High,Rowan-Salisbury Schools,Rowan County,0.5814200040397882
Henderson High,Rowan-Salisbury Schools,Rowan County,"Moderate Stress, Lower Housing",2,Dalton Mcmichael High,Rockingham County Schools,Rockingham County,0.6439387052488864
Henderson High,Rowan-Salisbury Schools,Rowan County,"Moderate Stress, Lower Housing",3,Louisburg Magnet High,Franklin County Schools,Franklin County,0.695582463827011
Henderson High,Rowan-Salisbury Schools,Rowan County,"Moderate Stress, Lower Housing",4,Rockingham Co Early College High,Rockingham County Schools,Rockingham County,0.7057721074851051
Henderson High,Rowan-Salisbury Schools,Rowan County,"Moderate Stress, Lower Housing",5,Salisbury High,Rowan-Salisbury Schools,Rowan County,0.7112975959276442
Carson High,Rowan-Salisbury Schools,Rowan County,Multidomain Elevated Stress,1,Rowan Co Early College,Rowan-Salisbury Schools,Rowan County,0.18461654307540784
Carson High,Rowan-Salisbury Schools,Rowan County,Multidomain Elevated Stress,2,Graham High,Alamance-Burlington Schools,Alamance County,0.3892914696019612
Carson High,Rowan-Salisbury Schools,Rowan County,Multidomain Elevated Stress,3,Southern Alamance High,Alamance-Burlington Schools,Alamance County,0.3892914696019612
Carson High,Rowan-Salisbury Schools,Rowan County,Multidomain Elevated Stress,4,Ray Street Academy,Alamance-Burlington Schools,Alamance County,0.3892914696019612
Carson High,Rowan-Salisbury Schools,Rowan County,Multidomain Elevated Stress,5,Abss Early College At Acc,Alamance-Burlington Schools,Alamance County,0.3892914696019612
Rowan Co Early College,Rowan-Salisbury Schools,Rowan County,Multidomain Elevated Stress,1,Carson High,Rowan-Salisbury Schools,Rowan County,0.18461654307540845
Rowan Co Early College,Rowan-Salisbury Schools,Rowan County,Multidomain Elevated Stress,2,Graham High,Alamance-Burlington Schools,Alamance County,0.4643658686123978
Rowan Co Early College,Rowan-Salisbury Schools,Rowan County,Multidomain Elevated Stress,3,Ray Street Academy,Alamance-Burlington Schools,Alamance County,0.4643658686123978
Rowan Co Early College,Rowan-Salisbury Schools,Rowan County,Multidomain Elevated Stress,4,Abss Early College At Acc,Alamance-Burlington Schools,Alamance County,0.4643658686123978
Rowan Co Early College,Rowan-Salisbury Schools,Rowan County,Multidomain Elevated Stress,5,Southern Alamance High,Alamance-Burlington Schools,Alamance County,0.4643658686123978
Chase High School,Rutherford County Schools,Rutherford County,"Moderate Stress, Lower Housing",1,Hickory Career  Arts Magnet High School,Hickory City Schools,Catawba County,0.5443953218335129
Chase High School,Rutherford County Schools,Rutherford County,"Moderate Stress, Lower Housing",2,Rutherford Opportunity Center,Rutherford County Schools,Rutherford County,0.5744000073270062
Chase High School,Rutherford County Schools,Rutherford County,"Moderate Stress, Lower Housing",3,Rutherford Early College High School,Rutherford County Schools,Rutherford County,0.6303376078691839
Chase High School,Rutherford County Schools,Rutherford County,"Moderate Stress, Lower Housing",4,Hickory High,Hickory City Schools,Catawba County,0.6312517309151598
Chase High School,Rutherford County Schools,Rutherford County,"Moderate Stress, Lower Housing",5,East Rutherford High School,Rutherford County Schools,Rutherford County,0.6613321081631275
East Rutherford High School,Rutherford County Schools,Rutherford County,"Moderate Stress, Lower Housing",1,Rutherford Opportunity Center,Rutherford County Schools,Rutherford County,0.5525148285460127
East Rutherford High School,Rutherford County Schools,Rutherford County,"Moderate Stress, Lower Housing",2,Rutherford Early College High School,Rutherford County Schools,Rutherford County,0.5730901815963978
East Rutherford High School,Rutherford County Schools,Rutherford County,"Moderate Stress, Lower Housing",3,R-S Central High School,Rutherford County Schools,Rutherford County,0.6286619463386359
East Rutherford High School,Rutherford County Schools,Rutherford County,"Moderate Stress, Lower Housing",4,Chase High School,Rutherford County Schools,Rutherford County,0.6613321081631275
East Rutherford High School,Rutherford County Schools,Rutherford County,"Moderate Stress, Lower Housing",5,Albemarle High,Stanly County Schools,Stanly County,0.6741430255529759
R-S Central High School,Rutherford County Schools,Rutherford County,"Moderate Stress, Lower Housing",1,Rutherford Early College High School,Rutherford County Schools,Rutherford County,0.09767547325717321
R-S Central High School,Rutherford County Schools,Rutherford County,"Moderate Stress, Lower Housing",2,East Rutherford High School,Rutherford County Schools,Rutherford County,0.6286619463386359
R-S Central High School,Rutherford County Schools,Rutherford County,"Moderate Stress, Lower Housing",3,Chase High School,Rutherford County Schools,Rutherford County,0.7087107863793145
R-S Central High School,Rutherford County Schools,Rutherford County,"Moderate Stress, Lower Housing",4,John A Holmes High,Edenton-Chowan Schools,Chowan County,0.7186123275950023
R-S Central High School,Rutherford County Schools,Rutherford County,"Moderate Stress, Lower Housing",5,Butler High School,Charlotte-Mecklenburg Schools,Mecklenburg County,0.8590720254506091
Rutherford Opportunity Center,Rutherford County Schools,Rutherford County,"Moderate Stress, Lower Housing",1,Saint Stephens High,Catawba County Schools,Catawba County,0.5040654261400146
Rutherford Opportunity Center,Rutherford County Schools,Rutherford County,"Moderate Stress, Lower Housing",2,East Rutherford High School,Rutherford County Schools,Rutherford County,0.5525148285460127
Rutherford Opportunity Center,Rutherford County Schools,Rutherford County,"Moderate Stress, Lower Housing",3,Chase High School,Rutherford County Schools,Rutherford County,0.5744000073270062
Rutherford Opportunity Center,Rutherford County Schools,Rutherford County,"Moderate Stress, Lower Housing",4,Bunker Hill High,Catawba County Schools,Catawba County,0.582856690777961
Rutherford Opportunity Center,Rutherford County Schools,Rutherford County,"Moderate Stress, Lower Housing",5,Elkin High,Elkin City Schools,Surry County,0.7663613748501078
Rutherford Early College High School,Rutherford County Schools,Rutherford County,"Moderate Stress, Lower Housing",1,R-S Central High School,Rutherford County Schools,Rutherford County,0.09767547325717321
Rutherford Early College High School,Rutherford County Schools,Rutherford County,"Moderate Stress, Lower Housing",2,East Rutherford High School,Rutherford County Schools,Rutherford County,0.5730901815963978
Rutherford Early College High School,Rutherford County Schools,Rutherford County,"Moderate Stress, Lower Housing",3,Chase High School,Rutherford County Schools,Rutherford County,0.6303376078691839
Rutherford Early College High School,Rutherford County Schools,Rutherford County,"Moderate Stress, Lower Housing",4,John A Holmes High,Edenton-Chowan Schools,Chowan County,0.7382582011732379
Rutherford Early College High School,Rutherford County Schools,Rutherford County,"Moderate Stress, Lower Housing",5,Rutherford Opportunity Center,Rutherford County Schools,Rutherford County,0.8675001337491016
Hobbton High,Sampson County Schools,Sampson County,Economic and Crime Concentrated,1,Midway High,Sampson County Schools,Sampson County,0.4024474534184845
Hobbton High,Sampson County Schools,Sampson County,Economic and Crime Concentrated,2,Sampson Early College High,Sampson County Schools,Sampson County,0.47967373572433525
Hobbton High,Sampson County Schools,Sampson County,Economic and Crime Concentrated,3,Union High,Sampson County Schools,Sampson County,0.5009321997372526
Hobbton High,Sampson County Schools,Sampson County,Economic and Crime Concentrated,4,Lakewood High,Sampson County Schools,Sampson County,0.7254498794720945
Hobbton High,Sampson County Schools,Sampson County,Economic and Crime Concentrated,5,Clinton High,Clinton City Schools,Sampson County,0.7963897215868266
Lakewood High,Sampson County Schools,Sampson County,Economic and Crime Concentrated,1,Sampson Early College High,Sampson County Schools,Sampson County,0.30777465192350284
Lakewood High,Sampson County Schools,Sampson County,Economic and Crime Concentrated,2,Midway High,Sampson County Schools,Sampson County,0.5109004364372346
Lakewood High,Sampson County Schools,Sampson County,Economic and Crime Concentrated,3,Union High,Sampson County Schools,Sampson County,0.6289173374834164
Lakewood High,Sampson County Schools,Sampson County,Economic and Crime Concentrated,4,Hobbton High,Sampson County Schools,Sampson County,0.7254498794720945
Lakewood High,Sampson County Schools,Sampson County,Economic and Crime Concentrated,5,Crest High,Cleveland County Schools,Cleveland County,1.3376984652661603
Midway High,Sampson County Schools,Sampson County,Economic and Crime Concentrated,1,Sampson Early College High,Sampson County Schools,Sampson County,0.35807711352178717
Midway High,Sampson County Schools,Sampson County,Economic and Crime Concentrated,2,Hobbton High,Sampson County Schools,Sampson County,0.4024474534184845
Midway High,Sampson County Schools,Sampson County,Economic and Crime Concentrated,3,Lakewood High,Sampson County Schools,Sampson County,0.5109004364372346
Midway High,Sampson County Schools,Sampson County,Economic and Crime Concentrated,4,Union High,Sampson County Schools,Sampson County,0.687745084129289
Midway High,Sampson County Schools,Sampson County,Economic and Crime Concentrated,5,Clinton High,Clinton City Schools,Sampson County,1.079587533815901
Union High,Sampson County Schools,Sampson County,Economic and Crime Concentrated,1,Sampson Early College High,Sampson County Schools,Sampson County,0.4318642410111371
Union High,Sampson County Schools,Sampson County,Economic and Crime Concentrated,2,Hobbton High,Sampson County Schools,Sampson County,0.5009321997372526
Union High,Sampson County Schools,Sampson County,Economic and Crime Concentrated,3,Lakewood High,Sampson County Schools,Sampson County,0.6289173374834164
Union High,Sampson County Schools,Sampson County,Economic and Crime Concentrated,4,Midway High,Sampson County Schools,Sampson County,0.687745084129289
Union High,Sampson County Schools,Sampson County,Economic and Crime Concentrated,5,Clinton High,Clinton City Schools,Sampson County,1.0736008733622144
Sampson Early College High,Sampson County Schools,Sampson County,Economic and Crime Concentrated,1,Lakewood High,Sampson County Schools,Sampson County,0.30777465192350284
Sampson Early College High,Sampson County Schools,Sampson County,Economic and Crime Concentrated,2,Midway High,Sampson County Schools,Sampson County,0.35807711352178717
Sampson Early College High,Sampson County Schools,Sampson County,Economic and Crime Concentrated,3,Union High,Sampson County Schools,Sampson County,0.4318642410111371
Sampson Early College High,Sampson County Schools,Sampson County,Economic and Crime Concentrated,4,Hobbton High,Sampson County Schools,Sampson County,0.47967373572433525
Sampson Early College High,Sampson County Schools,Sampson County,Economic and Crime Concentrated,5,Clinton High,Clinton City Schools,Sampson County,1.204987892574269
Shaw Academy,Scotland County Schools,Scotland County,Economic and Crime Concentrated,1,Scotland High School,Scotland County Schools,Scotland County,0.5705872897989691
Shaw Academy,Scotland County Schools,Scotland County,Economic and Crime Concentrated,2,Scotland Early College High,Scotland County Schools,Scotland County,0.5705872897989691
Shaw Academy,Scotland County Schools,Scotland County,Economic and Crime Concentrated,3,Whiteville High,Whiteville City Schools,Columbus County,0.930192223534024
Shaw Academy,Scotland County Schools,Scotland County,Economic and Crime Concentrated,4,Kinston High,Lenoir County Public Schools,Lenoir County,0.9827679693837054
Shaw Academy,Scotland County Schools,Scotland County,Economic and Crime Concentrated,5,North Whiteville Academy,Whiteville City Schools,Columbus County,1.1062772767226674
Scotland Early College High,Scotland County Schools,Scotland County,Economic and Crime Concentrated,1,Scotland High School,Scotland County Schools,Scotland County,0.0
Scotland Early College High,Scotland County Schools,Scotland County,Economic and Crime Concentrated,2,Shaw Academy,Scotland County Schools,Scotland County,0.5705872897989691
Scotland Early College High,Scotland County Schools,Scotland County,Economic and Crime Concentrated,3,Kinston High,Lenoir County Public Schools,Lenoir County,0.6534079661962976
Scotland Early College High,Scotland County Schools,Scotland County,Economic and Crime Concentrated,4,Red Springs High,Public Schools Of Robeson County,Robeson County,0.7658967687959662
Scotland Early College High,Scotland County Schools,Scotland County,Economic and Crime Concentrated,5,Cherokee Central High School,Cherokee Central High School,Swain County,0.957112225151985
Scotland High School,Scotland County Schools,Scotland County,Economic and Crime Concentrated,1,Scotland Early College High,Scotland County Schools,Scotland County,0.0
Scotland High School,Scotland County Schools,Scotland County,Economic and Crime Concentrated,2,Shaw Academy,Scotland County Schools,Scotland County,0.5705872897989691
Scotland High School,Scotland County Schools,Scotland County,Economic and Crime Concentrated,3,Kinston High,Lenoir County Public Schools,Lenoir County,0.6534079661962976
Scotland High School,Scotland County Schools,Scotland County,Economic and Crime Concentrated,4,Red Springs High,Public Schools Of Robeson County,Robeson County,0.7658967687959662
Scotland High School,Scotland County Schools,Scotland County,Economic and Crime Concentrated,5,Cherokee Central High School,Cherokee Central High School,Swain County,0.957112225151985
Albemarle High,Stanly County Schools,Stanly County,"Moderate Stress, Lower Housing",1,West Charlotte High School,Charlotte-Mecklenburg Schools,Mecklenburg County,0.502215463595154
Albemarle High,Stanly County Schools,Stanly County,"Moderate Stress, Lower Housing",2,East Rutherford High School,Rutherford County Schools,Rutherford County,0.6741430255529759
Albemarle High,Stanly County Schools,Stanly County,"Moderate Stress, Lower Housing",3,Henderson High,Rowan-Salisbury Schools,Rowan County,0.715031340258257
Albemarle High,Stanly County Schools,Stanly County,"Moderate Stress, Lower Housing",4,Stanly Academy Learning Center,Stanly County Schools,Stanly County,0.7849208698233189
Albemarle High,Stanly County Schools,Stanly County,"Moderate Stress, Lower Housing",5,Stanly Stem Early College,Stanly County Schools,Stanly County,0.7849208698233189
North Stanly High,Stanly County Schools,Stanly County,"Moderate Stress, Lower Housing",1,South Stanly High,Stanly County Schools,Stanly County,0.4024474534184849
North Stanly High,Stanly County Schools,Stanly County,"Moderate Stress, Lower Housing",2,Pisgah High,Haywood County Schools,Haywood County,0.4837314129913506
North Stanly High,Stanly County Schools,Stanly County,"Moderate Stress, Lower Housing",3,Rosman High,Transylvania County Schools,Transylvania County,0.5642023181445159
North Stanly High,Stanly County Schools,Stanly County,"Moderate Stress, Lower Housing",4,Stanly Early College High,Stanly County Schools,Stanly County,0.5726928726445721
North Stanly High,Stanly County Schools,Stanly County,"Moderate Stress, Lower Housing",5,Stanly Academy Learning Center,Stanly County Schools,Stanly County,0.6313434322168822
South Stanly High,Stanly County Schools,Stanly County,"Moderate Stress, Lower Housing",1,North Stanly High,Stanly County Schools,Stanly County,0.4024474534184849
South Stanly High,Stanly County Schools,Stanly County,"Moderate Stress, Lower Housing",2,West Mecklenburg High School,Charlotte-Mecklenburg Schools,Mecklenburg County,0.540388223043926
South Stanly High,Stanly County Schools,Stanly County,"Moderate Stress, Lower Housing",3,Rosman High,Transylvania County Schools,Transylvania County,0.5635318488131164
South Stanly High,Stanly County Schools,Stanly County,"Moderate Stress, Lower Housing",4,West Charlotte High School,Charlotte-Mecklenburg Schools,Mecklenburg County,0.5828566907779613
South Stanly High,Stanly County Schools,Stanly County,"Moderate Stress, Lower Housing",5,Northwest School Of The Arts,Charlotte-Mecklenburg Schools,Mecklenburg County,0.6237103626578566
West Stanly High,Stanly County Schools,Stanly County,"Moderate Stress, Lower Housing",1,North Davidson High,Davidson County Schools,Davidson County,0.6059052930838992
West Stanly High,Stanly County Schools,Stanly County,"Moderate Stress, Lower Housing",2,West Davidson High,Davidson County Schools,Davidson County,0.6059052930838992
West Stanly High,Stanly County Schools,Stanly County,"Moderate Stress, Lower Housing",3,Eastern Alamance High,Alamance-Burlington Schools,Alamance County,0.6455098594008785
West Stanly High,Stanly County Schools,Stanly County,"Moderate Stress, Lower Housing",4,South Caldwell High,Caldwell County Schools,Caldwell County,0.6653359342473241
West Stanly High,Stanly County Schools,Stanly County,"Moderate Stress, Lower Housing",5,West Iredell High,Iredell-Statesville Schools,Iredell County,0.7935726884356804
Stanly Early College High,Stanly County Schools,Stanly County,"Moderate Stress, Lower Housing",1,Caldwell Applied Sciences Academy,Caldwell County Schools,Caldwell County,0.4166400453674478
Stanly Early College High,Stanly County Schools,Stanly County,"Moderate Stress, Lower Housing",2,Caldwell Early College,Caldwell County Schools,Caldwell County,0.4166400453674478
Stanly Early College High,Stanly County Schools,Stanly County,"Moderate Stress, Lower Housing",3,Stanly Stem Early College,Stanly County Schools,Stanly County,0.506483593419582
Stanly Early College High,Stanly County Schools,Stanly County,"Moderate Stress, Lower Housing",4,Stanly Academy Learning Center,Stanly County Schools,Stanly County,0.506483593419582
Stanly Early College High,Stanly County Schools,Stanly County,"Moderate Stress, Lower Housing",5,North Stanly High,Stanly County Schools,Stanly County,0.5726928726445721
Stanly Academy Learning Center,Stanly County Schools,Stanly County,"Moderate Stress, Lower Housing",1,Stanly Stem Early College,Stanly County Schools,Stanly County,0.0
Stanly Academy Learning Center,Stanly County Schools,Stanly County,"Moderate Stress, Lower Housing",2,Stanly Early College High,Stanly County Schools,Stanly County,0.506483593419582
Stanly Academy Learning Center,Stanly County Schools,Stanly County,"Moderate Stress, Lower Housing",3,Heide Trask High,Pender County Schools,Pender County,0.6003113932681151
Stanly Academy Learning Center,Stanly County Schools,Stanly County,"Moderate Stress, Lower Housing",4,Starmount High,Yadkin County Schools,Yadkin County,0.6077526042313793
Stanly Academy Learning Center,Stanly County Schools,Stanly County,"Moderate Stress, Lower Housing",5,North Stanly High,Stanly County Schools,Stanly County,0.6313434322168823
Stanly Stem Early College,Stanly County Schools,Stanly County,"Moderate Stress, Lower Housing",1,Stanly Academy Learning Center,Stanly County Schools,Stanly County,0.0
Stanly Stem Early College,Stanly County Schools,Stanly County,"Moderate Stress, Lower Housing",2,Stanly Early College High,Stanly County Schools,Stanly County,0.506483593419582
Stanly Stem Early College,Stanly County Schools,Stanly County,"Moderate Stress, Lower Housing",3,Heide Trask High,Pender County Schools,Pender County,0.6003113932681151
Stanly Stem Early College,Stanly County Schools,Stanly County,"Moderate Stress, Lower Housing",4,Starmount High,Yadkin County Schools,Yadkin County,0.6077526042313793
Stanly Stem Early College,Stanly County Schools,Stanly County,"Moderate Stress, Lower Housing",5,North Stanly High,Stanly County Schools,Stanly County,0.6313434322168823
North Stokes High School,Stokes County Schools,Stokes County,"Moderate Stress, Lower Housing",1,Fred T Foard High,Catawba County Schools,Catawba County,0.48466750353779314
North Stokes High School,Stokes County Schools,Stokes County,"Moderate Stress, Lower Housing",2,Hickory High,Hickory City Schools,Catawba County,0.5978955727456864
North Stokes High School,Stokes County Schools,Stokes County,"Moderate Stress, Lower Housing",3,Hickory Career  Arts Magnet High School,Hickory City Schools,Catawba County,0.639143348117601
North Stokes High School,Stokes County Schools,Stokes County,"Moderate Stress, Lower Housing",4,South Stokes High School,Stokes County Schools,Stokes County,0.6741430255529755
North Stokes High School,Stokes County Schools,Stokes County,"Moderate Stress, Lower Housing",5,Chase High School,Rutherford County Schools,Rutherford County,0.756862696442431
South Stokes High School,Stokes County Schools,Stokes County,"Moderate Stress, Lower Housing",1,Hickory Career  Arts Magnet High School,Hickory City Schools,Catawba County,0.38778545582585777
South Stokes High School,Stokes County Schools,Stokes County,"Moderate Stress, Lower Housing",2,Fred T Foard High,Catawba County Schools,Catawba County,0.5292547744903552
South Stokes High School,Stokes County Schools,Stokes County,"Moderate Stress, Lower Housing",3,Wheatmore High School,Randolph County School System,Randolph County,0.6155493038470063
South Stokes High School,Stokes County Schools,Stokes County,"Moderate Stress, Lower Housing",4,Hickory High,Hickory City Schools,Catawba County,0.6595872664163553
South Stokes High School,Stokes County Schools,Stokes County,"Moderate Stress, Lower Housing",5,North Stokes High School,Stokes County Schools,Stokes County,0.6741430255529755
Meadowbrook Academy,Stokes County Schools,Stokes County,Housing-Concentrated Stress,1,West Stokes High School,Stokes County Schools,Stokes County,0.3281944205504083
Meadowbrook Academy,Stokes County Schools,Stokes County,Housing-Concentrated Stress,2,Stokes Early College High School,Stokes County Schools,Stokes County,0.5100343443018609
Meadowbrook Academy,Stokes County Schools,Stokes County,Housing-Concentrated Stress,3,Jackson Co Early College,Jackson County Public Schools,Jackson County,0.7857986115243208
Meadowbrook Academy,Stokes County Schools,Stokes County,Housing-Concentrated Stress,4,Mountain Heritage High,Yancey County Schools,Yancey County,0.8332800907348956
Meadowbrook Academy,Stokes County Schools,Stokes County,Housing-Concentrated Stress,5,Macon Early College High School,Macon County Schools,Macon County,0.8730734621894396
West Stokes High School,Stokes County Schools,Stokes County,Housing-Concentrated Stress,1,Meadowbrook Academy,Stokes County Schools,Stokes County,0.3281944205504083
West Stokes High School,Stokes County Schools,Stokes County,Housing-Concentrated Stress,2,Stokes Early College High School,Stokes County Schools,Stokes County,0.3904144652635336
West Stokes High School,Stokes County Schools,Stokes County,Housing-Concentrated Stress,3,Macon Early College High School,Macon County Schools,Macon County,0.6769073300609351
West Stokes High School,Stokes County Schools,Stokes County,Housing-Concentrated Stress,4,Jackson Co Early College,Jackson County Public Schools,Jackson County,0.7918459167979351
West Stokes High School,Stokes County Schools,Stokes County,Housing-Concentrated Stress,5,Franklin High,Macon County Schools,Macon County,0.8739683326846465
Stokes Early College High School,Stokes County Schools,Stokes County,Housing-Concentrated Stress,1,West Stokes High School,Stokes County Schools,Stokes County,0.3904144652635336
Stokes Early College High School,Stokes County Schools,Stokes County,Housing-Concentrated Stress,2,Meadowbrook Academy,Stokes County Schools,Stokes County,0.5100343443018609
Stokes Early College High School,Stokes County Schools,Stokes County,Housing-Concentrated Stress,3,Challenger Early College High,Catawba County Schools,Catawba County,0.693780373751673
Stokes Early College High School,Stokes County Schools,Stokes County,Housing-Concentrated Stress,4,Macon Early College High School,Macon County Schools,Macon County,0.6971864288304422
Stokes Early College High School,Stokes County Schools,Stokes County,Housing-Concentrated Stress,5,Mountain Heritage High,Yancey County Schools,Yancey County,0.735740080692495
East Surry High,Surry County Schools,Surry County,Housing-Concentrated Stress,1,Surry Early College,Surry County Schools,Surry County,0.6946821846236368
East Surry High,Surry County Schools,Surry County,Housing-Concentrated Stress,2,Challenger Early College High,Catawba County Schools,Catawba County,0.7947871953680203
East Surry High,Surry County Schools,Surry County,Housing-Concentrated Stress,3,Bandys High,Catawba County Schools,Catawba County,0.9034054681797398
East Surry High,Surry County Schools,Surry County,Housing-Concentrated Stress,4,Hayesville High,Clay County Schools,Clay County,0.9200812289246783
East Surry High,Surry County Schools,Surry County,Housing-Concentrated Stress,5,Avery County High,Avery County Schools,Avery County,0.9860459288537488
North Surry High,Surry County Schools,Surry County,"Moderate Stress, Lower Housing",1,Surry Central High,Surry County Schools,Surry County,0.30455361076309956
North Surry High,Surry County Schools,Surry County,"Moderate Stress, Lower Housing",2,Mount Airy High,Mount Airy City Schools,Surry County,0.5969068095585061
North Surry High,Surry County Schools,Surry County,"Moderate Stress, Lower Housing",3,Mayland Early College,Mitchell County Schools,Avery County,0.8207778186967015
North Surry High,Surry County Schools,Surry County,"Moderate Stress, Lower Housing",4,Gates County Senior High,Gates County Schools,Gates County,0.8991792007147347
North Surry High,Surry County Schools,Surry County,"Moderate Stress, Lower Housing",5,Mcdowell High School,Mcdowell County Schools,McDowell County,0.90247785803713
Surry Central High,Surry County Schools,Surry County,"Moderate Stress, Lower Housing",1,North Surry High,Surry County Schools,Surry County,0.30455361076309917
Surry Central High,Surry County Schools,Surry County,"Moderate Stress, Lower Housing",2,Mount Airy High,Mount Airy City Schools,Surry County,0.392779615652174
Surry Central High,Surry County Schools,Surry County,"Moderate Stress, Lower Housing",3,Gates County Senior High,Gates County Schools,Gates County,0.6818733638649752
Surry Central High,Surry County Schools,Surry County,"Moderate Stress, Lower Housing",4,Elkin High,Elkin City Schools,Surry County,0.7082476932345363
Surry Central High,Surry County Schools,Surry County,"Moderate Stress, Lower Housing",5,Mcdowell High School,Mcdowell County Schools,McDowell County,0.8462233705014686
Surry Early College,Surry County Schools,Surry County,Housing-Concentrated Stress,1,East Surry High,Surry County Schools,Surry County,0.6946821846236368
Surry Early College,Surry County Schools,Surry County,Housing-Concentrated Stress,2,Challenger Early College High,Catawba County Schools,Catawba County,0.7031231744731181
Surry Early College,Surry County Schools,Surry County,Housing-Concentrated Stress,3,Avery County High,Avery County Schools,Avery County,0.7569530462382809
Surry Early College,Surry County Schools,Surry County,Housing-Concentrated Stress,4,Bandys High,Catawba County Schools,Catawba County,1.046362295572318
Surry Early College,Surry County Schools,Surry County,Housing-Concentrated Stress,5,Macon Early College High School,Macon County Schools,Macon County,1.1372553629852429
Swain County High School,Swain County Schools,Swain County,Economic and Crime Concentrated,1,Pamlico County High,Pamlico County Schools,Pamlico County,1.0849050527833282
Swain County High School,Swain County Schools,Swain County,Economic and Crime Concentrated,2,East Bladen High,Bladen County Schools,Bladen County,1.4102891418614107
Swain County High School,Swain County Schools,Swain County,Economic and Crime Concentrated,3,North Lenoir High,Lenoir County Public Schools,Lenoir County,1.4848469008866634
Swain County High School,Swain County Schools,Swain County,Economic and Crime Concentrated,4,Lenoir County Early College High,Lenoir County Public Schools,Lenoir County,1.8197854649827454
Swain County High School,Swain County Schools,Swain County,Economic and Crime Concentrated,5,Northampton County High School,Northampton County Schools,Northampton County,1.8750750121873363
Thomasville High,Thomasville City Schools,Davidson County,"Moderate Stress, Lower Housing",1,Lexington Senior High School,Lexington City Schools,Davidson County,0.6252486757981432
Thomasville High,Thomasville City Schools,Davidson County,"Moderate Stress, Lower Housing",2,Jimmy C Draughn High School,Burke County Schools,Burke County,0.7634366278119317
Thomasville High,Thomasville City Schools,Davidson County,"Moderate Stress, Lower Housing",3,Robert L. Patton High School,Burke County Schools,Burke County,0.7634366278119317
Thomasville High,Thomasville City Schools,Davidson County,"Moderate Stress, Lower Housing",4,Freedom High,Burke County Schools,Burke County,0.866189652366117
Thomasville High,Thomasville City Schools,Davidson County,"Moderate Stress, Lower Housing",5,Yadkin Valley Regional Career Academy,Davidson County Schools,Davidson County,0.8745227152718202
Brevard High,Transylvania County Schools,Transylvania County,Broadly Lower Stress,1,Davidson River School,Transylvania County Schools,Transylvania County,0.0
Brevard High,Transylvania County Schools,Transylvania County,Broadly Lower Stress,2,The Community Learning Center @ Pinckney,Moore County Schools,Moore County,0.9285634539438842
Brevard High,Transylvania County Schools,Transylvania County,Broadly Lower Stress,3,North Wake College And Career Academy,Wake County Schools,Wake County,0.9469954021006391
Brevard High,Transylvania County Schools,Transylvania County,Broadly Lower Stress,4,Apex High,Wake County Schools,Wake County,1.0232502087555098
Brevard High,Transylvania County Schools,Transylvania County,Broadly Lower Stress,5,Providence High School,Charlotte-Mecklenburg Schools,Mecklenburg County,1.077900754446205
Rosman High,Transylvania County Schools,Transylvania County,"Moderate Stress, Lower Housing",1,Caldwell Early College,Caldwell County Schools,Caldwell County,0.4280675156818552
Rosman High,Transylvania County Schools,Transylvania County,"Moderate Stress, Lower Housing",2,Caldwell Applied Sciences Academy,Caldwell County Schools,Caldwell County,0.4280675156818552
Rosman High,Transylvania County Schools,Transylvania County,"Moderate Stress, Lower Housing",3,South Stanly High,Stanly County Schools,Stanly County,0.5635318488131164
Rosman High,Transylvania County Schools,Transylvania County,"Moderate Stress, Lower Housing",4,North Stanly High,Stanly County Schools,Stanly County,0.5642023181445159
Rosman High,Transylvania County Schools,Transylvania County,"Moderate Stress, Lower Housing",5,Stanly Early College High,Stanly County Schools,Stanly County,0.6221763251190993
Davidson River School,Transylvania County Schools,Transylvania County,Broadly Lower Stress,1,Brevard High,Transylvania County Schools,Transylvania County,0.0
Davidson River School,Transylvania County Schools,Transylvania County,Broadly Lower Stress,2,The Community Learning Center @ Pinckney,Moore County Schools,Moore County,0.9285634539438842
Davidson River School,Transylvania County Schools,Transylvania County,Broadly Lower Stress,3,North Wake College And Career Academy,Wake County Schools,Wake County,0.9469954021006391
Davidson River School,Transylvania County Schools,Transylvania County,Broadly Lower Stress,4,Apex High,Wake County Schools,Wake County,1.0232502087555098
Davidson River School,Transylvania County Schools,Transylvania County,Broadly Lower Stress,5,Providence High School,Charlotte-Mecklenburg Schools,Mecklenburg County,1.077900754446205
Columbia High,Tyrrell County Schools,Tyrrell County,"Moderate Stress, Lower Housing",1,Jones Senior High School,Jones County Schools,Jones County,0.92178850689261
Columbia High,Tyrrell County Schools,Tyrrell County,"Moderate Stress, Lower Housing",2,Mitchell High,Mitchell County Schools,Mitchell County,1.4122600625541954
Columbia High,Tyrrell County Schools,Tyrrell County,"Moderate Stress, Lower Housing",3,Polk County High School,Polk County Schools,Polk County,1.45690941447685
Columbia High,Tyrrell County Schools,Tyrrell County,"Moderate Stress, Lower Housing",4,Polk County Early College,Polk County Schools,Polk County,1.45690941447685
Columbia High,Tyrrell County Schools,Tyrrell County,"Moderate Stress, Lower Housing",5,John A Holmes High,Edenton-Chowan Schools,Chowan County,1.6231025255228286
South Providence,Union County Public Schools,Union County,"Moderate Stress, Lower Housing",1,Porter Ridge High School,Union County Public Schools,Union County,1.0689523588451115
South Providence,Union County Public Schools,Union County,"Moderate Stress, Lower Housing",2,Corinth Holders High,Johnston County Public Schools,Johnston County,1.0728163258282724
South Providence,Union County Public Schools,Union County,"Moderate Stress, Lower Housing",3,Cleveland High,Johnston County Public Schools,Johnston County,1.179279514867995
South Providence,Union County Public Schools,Union County,"Moderate Stress, Lower Housing",4,Parkwood High,Union County Public Schools,Union County,1.3141543842718282
South Providence,Union County Public Schools,Union County,"Moderate Stress, Lower Housing",5,West Johnston High,Johnston County Public Schools,Johnston County,1.3563617349981736
Monroe High,Union County Public Schools,Union County,"Moderate Stress, Lower Housing",1,Forest Hills High,Union County Public Schools,Union County,0.26491973589283974
Monroe High,Union County Public Schools,Union County,"Moderate Stress, Lower Housing",2,Apprentice Academy High School,Apprentice Academy Hs Of Nc,Union County,0.9608331124313786
Monroe High,Union County Public Schools,Union County,"Moderate Stress, Lower Housing",3,North Johnston High,Johnston County Public Schools,Johnston County,1.0592982368989934
Monroe High,Union County Public Schools,Union County,"Moderate Stress, Lower Housing",4,Lincolnton High,Lincoln County Schools,Lincoln County,1.1517612571961506
Monroe High,Union County Public Schools,Union County,"Moderate Stress, Lower Housing",5,North Lincoln High,Lincoln County Schools,Lincoln County,1.1517612571961506
Forest Hills High,Union County Public Schools,Union County,"Moderate Stress, Lower Housing",1,Monroe High,Union County Public Schools,Union County,0.26491973589283974
Forest Hills High,Union County Public Schools,Union County,"Moderate Stress, Lower Housing",2,Apprentice Academy High School,Apprentice Academy Hs Of Nc,Union County,1.1033088678505685
Forest Hills High,Union County Public Schools,Union County,"Moderate Stress, Lower Housing",3,North Johnston High,Johnston County Public Schools,Johnston County,1.130792333052663
Forest Hills High,Union County Public Schools,Union County,"Moderate Stress, Lower Housing",4,Jimmy C Draughn High School,Burke County Schools,Burke County,1.2200204237104044
Forest Hills High,Union County Public Schools,Union County,"Moderate Stress, Lower Housing",5,Robert L. Patton High School,Burke County Schools,Burke County,1.2200204237104044
Parkwood High,Union County Public Schools,Union County,"Moderate Stress, Lower Housing",1,Piedmont High,Union County Public Schools,Union County,0.41030908601923194
Parkwood High,Union County Public Schools,Union County,"Moderate Stress, Lower Housing",2,West Johnston High,Johnston County Public Schools,Johnston County,0.5587239356852094
Parkwood High,Union County Public Schools,Union County,"Moderate Stress, Lower Housing",3,Apprentice Academy High School,Apprentice Academy Hs Of Nc,Union County,0.7376260365375389
Parkwood High,Union County Public Schools,Union County,"Moderate Stress, Lower Housing",4,Porter Ridge High School,Union County Public Schools,Union County,0.7512919006152857
Parkwood High,Union County Public Schools,Union County,"Moderate Stress, Lower Housing",5,North Lincoln High,Lincoln County Schools,Lincoln County,0.808258996875278
Piedmont High,Union County Public Schools,Union County,"Moderate Stress, Lower Housing",1,Parkwood High,Union County Public Schools,Union County,0.41030908601923194
Piedmont High,Union County Public Schools,Union County,"Moderate Stress, Lower Housing",2,West Johnston High,Johnston County Public Schools,Johnston County,0.4526801915505779
Piedmont High,Union County Public Schools,Union County,"Moderate Stress, Lower Housing",3,Apprentice Academy High School,Apprentice Academy Hs Of Nc,Union County,0.5562622824438018
Piedmont High,Union County Public Schools,Union County,"Moderate Stress, Lower Housing",4,North Lincoln High,Lincoln County Schools,Lincoln County,0.650182448310449
Piedmont High,Union County Public Schools,Union County,"Moderate Stress, Lower Housing",5,Lincolnton High,Lincoln County Schools,Lincoln County,0.650182448310449
Sun Valley High,Union County Public Schools,Union County,Housing-Concentrated Stress,1,Union County Early College,Union County Public Schools,Union County,0.7936980864675142
Sun Valley High,Union County Public Schools,Union County,Housing-Concentrated Stress,2,Central Academy Of Technology And Arts,Union County Public Schools,Union County,0.8039627268772109
Sun Valley High,Union County Public Schools,Union County,Housing-Concentrated Stress,3,Orange High,Orange County Schools,Orange County,0.9336865566538953
Sun Valley High,Union County Public Schools,Union County,Housing-Concentrated Stress,4,Cedar Ridge High,Orange County Schools,Orange County,0.9735365406965274
Sun Valley High,Union County Public Schools,Union County,Housing-Concentrated Stress,5,Clayton High,Johnston County Public Schools,Johnston County,0.9946027844623465
Central Academy Of Technology And Arts,Union County Public Schools,Union County,Housing-Concentrated Stress,1,Union County Early College,Union County Public Schools,Union County,0.30777465192350284
Central Academy Of Technology And Arts,Union County Public Schools,Union County,Housing-Concentrated Stress,2,Millbrook High,Wake County Schools,Wake County,0.6370715750313599
Central Academy Of Technology And Arts,Union County Public Schools,Union County,Housing-Concentrated Stress,3,Rolesville High,Wake County Schools,Wake County,0.6560510358303221
Central Academy Of Technology And Arts,Union County Public Schools,Union County,Housing-Concentrated Stress,4,West Brunswick High,Brunswick County Schools,Brunswick County,0.6617177378043541
Central Academy Of Technology And Arts,Union County Public Schools,Union County,Housing-Concentrated Stress,5,Cedar Ridge High,Orange County Schools,Orange County,0.6802826175010719
Weddington High,Union County Public Schools,Union County,Broadly Lower Stress,1,Marvin Ridge High,Union County Public Schools,Union County,0.36018475338466127
Weddington High,Union County Public Schools,Union County,Broadly Lower Stress,2,Apex Friendship High,Wake County Schools,Wake County,0.42591685351292846
Weddington High,Union County Public Schools,Union County,Broadly Lower Stress,3,Sanderson High,Wake County Schools,Wake County,0.4776817318346834
Weddington High,Union County Public Schools,Union County,Broadly Lower Stress,4,Panther Creek High,Wake County Schools,Wake County,0.5149368812490561
Weddington High,Union County Public Schools,Union County,Broadly Lower Stress,5,Leesville Road High,Wake County Schools,Wake County,0.5226726053696016
Porter Ridge High School,Union County Public Schools,Union County,"Moderate Stress, Lower Housing",1,Cleveland High,Johnston County Public Schools,Johnston County,0.3870177736943584
Porter Ridge High School,Union County Public Schools,Union County,"Moderate Stress, Lower Housing",2,West Johnston High,Johnston County Public Schools,Johnston County,0.7033326392427551
Porter Ridge High School,Union County Public Schools,Union County,"Moderate Stress, Lower Housing",3,Piedmont High,Union County Public Schools,Union County,0.7235914097267893
Porter Ridge High School,Union County Public Schools,Union County,"Moderate Stress, Lower Housing",4,Parkwood High,Union County Public Schools,Union County,0.7512919006152857
Porter Ridge High School,Union County Public Schools,Union County,"Moderate Stress, Lower Housing",5,The Coast,Brunswick County Schools,Brunswick County,0.9181235697622645
Marvin Ridge High,Union County Public Schools,Union County,Broadly Lower Stress,1,Weddington High,Union County Public Schools,Union County,0.36018475338466127
Marvin Ridge High,Union County Public Schools,Union County,Broadly Lower Stress,2,Apex Friendship High,Wake County Schools,Wake County,0.45828665738202823
Marvin Ridge High,Union County Public Schools,Union County,Broadly Lower Stress,3,Sanderson High,Wake County Schools,Wake County,0.718517532352658
Marvin Ridge High,Union County Public Schools,Union County,Broadly Lower Stress,4,Leesville Road High,Wake County Schools,Wake County,0.7363377374692908
Marvin Ridge High,Union County Public Schools,Union County,Broadly Lower Stress,5,Panther Creek High,Wake County Schools,Wake County,0.8089246945067314
Union County Early College,Union County Public Schools,Union County,Housing-Concentrated Stress,1,Central Academy Of Technology And Arts,Union County Public Schools,Union County,0.30777465192350284
Union County Early College,Union County Public Schools,Union County,Housing-Concentrated Stress,2,Orange High,Orange County Schools,Orange County,0.7203698928433129
Union County Early College,Union County Public Schools,Union County,Housing-Concentrated Stress,3,Robbinsville High,Graham County Schools,Graham County,0.7788270453184575
Union County Early College,Union County Public Schools,Union County,Housing-Concentrated Stress,4,Cedar Ridge High,Orange County Schools,Orange County,0.7814820975637097
Union County Early College,Union County Public Schools,Union County,Housing-Concentrated Stress,5,Sun Valley High,Union County Public Schools,Union County,0.7936980864675142
Cuthbertson High,Union County Public Schools,Union County,Broadly Lower Stress,1,Virtual Academy School,Chapel Hill-Carrboro City Schools,Orange County,0.7758845149583627
Cuthbertson High,Union County Public Schools,Union County,Broadly Lower Stress,2,Phoenix Academy High,Chapel Hill-Carrboro City Schools,Orange County,0.7758845149583627
Cuthbertson High,Union County Public Schools,Union County,Broadly Lower Stress,3,Southern Wake Academy,Southern Wake Academy,Wake County,1.2439131177453646
Cuthbertson High,Union County Public Schools,Union County,Broadly Lower Stress,4,Chapel Hill High,Chapel Hill-Carrboro City Schools,Orange County,1.4679695972563083
Cuthbertson High,Union County Public Schools,Union County,Broadly Lower Stress,5,Longleaf School Of The Arts,Longleaf School Of The Arts,Wake County,1.6845814609252396
Vance County High School,Vance County Schools,Vance County,Economic and Crime Concentrated,1,Vance Co Early College,Vance County Schools,Vance County,0.0
Vance County High School,Vance County Schools,Vance County,Economic and Crime Concentrated,2,Advance Academy,Vance County Schools,Vance County,0.26491973589283635
Vance County High School,Vance County Schools,Vance County,Economic and Crime Concentrated,3,Whiteville High,Whiteville City Schools,Columbus County,0.7700238229902027
Vance County High School,Vance County Schools,Vance County,Economic and Crime Concentrated,4,North Whiteville Academy,Whiteville City Schools,Columbus County,0.7814820975637097
Vance County High School,Vance County Schools,Vance County,Economic and Crime Concentrated,5,Columbus Career And College Academy,Columbus County Schools,Columbus County,0.7814820975637097
Advance Academy,Vance County Schools,Vance County,Economic and Crime Concentrated,1,Vance Co Early College,Vance County Schools,Vance County,0.26491973589283635
Advance Academy,Vance County Schools,Vance County,Economic and Crime Concentrated,2,Vance County High School,Vance County Schools,Vance County,0.26491973589283635
Advance Academy,Vance County Schools,Vance County,Economic and Crime Concentrated,3,Cherokee Central High School,Cherokee Central High School,Swain County,0.7388603231581027
Advance Academy,Vance County Schools,Vance County,Economic and Crime Concentrated,4,North Whiteville Academy,Whiteville City Schools,Columbus County,0.8370473497078074
Advance Academy,Vance County Schools,Vance County,Economic and Crime Concentrated,5,Columbus Career And College Academy,Columbus County Schools,Columbus County,0.8370473497078074
Vance Co Early College,Vance County Schools,Vance County,Economic and Crime Concentrated,1,Vance County High School,Vance County Schools,Vance County,0.0
Vance Co Early College,Vance County Schools,Vance County,Economic and Crime Concentrated,2,Advance Academy,Vance County Schools,Vance County,0.26491973589283635
Vance Co Early College,Vance County Schools,Vance County,Economic and Crime Concentrated,3,Whiteville High,Whiteville City Schools,Columbus County,0.7700238229902027
Vance Co Early College,Vance County Schools,Vance County,Economic and Crime Concentrated,4,North Whiteville Academy,Whiteville City Schools,Columbus County,0.7814820975637097
Vance Co Early College,Vance County Schools,Vance County,Economic and Crime Concentrated,5,Columbus Career And College Academy,Columbus County Schools,Columbus County,0.7814820975637097
Leesville Road High,Wake County Schools,Wake County,Broadly Lower Stress,1,Sanderson High,Wake County Schools,Wake County,0.18461654307540604
Leesville Road High,Wake County Schools,Wake County,Broadly Lower Stress,2,Cary High,Wake County Schools,Wake County,0.26491973589283974
Leesville Road High,Wake County Schools,Wake County,Broadly Lower Stress,3,Panther Creek High,Wake County Schools,Wake County,0.35807711352178473
Leesville Road High,Wake County Schools,Wake County,Broadly Lower Stress,4,Apex Friendship High,Wake County Schools,Wake County,0.3883122290896674
Leesville Road High,Wake County Schools,Wake County,Broadly Lower Stress,5,Apex High,Wake County Schools,Wake County,0.5110710712276717
Apex High,Wake County Schools,Wake County,Broadly Lower Stress,1,North Wake College And Career Academy,Wake County Schools,Wake County,0.17334399217650825
Apex High,Wake County Schools,Wake County,Broadly Lower Stress,2,Cary High,Wake County Schools,Wake County,0.30455361076309406
Apex High,Wake County Schools,Wake County,Broadly Lower Stress,3,Green Hope High,Wake County Schools,Wake County,0.4103090860192276
Apex High,Wake County Schools,Wake County,Broadly Lower Stress,4,Panther Creek High,Wake County Schools,Wake County,0.4135809726942641
Apex High,Wake County Schools,Wake County,Broadly Lower Stress,5,Sanderson High,Wake County Schools,Wake County,0.4346819291903398
Athens Drive High,Wake County Schools,Wake County,Broadly Lower Stress,1,Middle Creek High,Wake County Schools,Wake County,0.4346819291903429
Athens Drive High,Wake County Schools,Wake County,Broadly Lower Stress,2,Wake Forest High School,Wake County Schools,Wake County,0.5705872897989676
Athens Drive High,Wake County Schools,Wake County,Broadly Lower Stress,3,Needham Broughton High,Wake County Schools,Wake County,0.675926098031049
Athens Drive High,Wake County Schools,Wake County,Broadly Lower Stress,4,Heritage High,Wake County Schools,Wake County,0.882935946986399
Athens Drive High,Wake County Schools,Wake County,Broadly Lower Stress,5,Wakefield High,Wake County Schools,Wake County,0.9048864321430883
Needham Broughton High,Wake County Schools,Wake County,Broadly Lower Stress,1,Heritage High,Wake County Schools,Wake County,0.4438187020597224
Needham Broughton High,Wake County Schools,Wake County,Broadly Lower Stress,2,Middle Creek High,Wake County Schools,Wake County,0.4632811145021466
Needham Broughton High,Wake County Schools,Wake County,Broadly Lower Stress,3,Wake Forest High School,Wake County Schools,Wake County,0.5689439253484825
Needham Broughton High,Wake County Schools,Wake County,Broadly Lower Stress,4,Wake Stem Early College High School,Wake County Schools,Wake County,0.6067102774152707
Needham Broughton High,Wake County Schools,Wake County,Broadly Lower Stress,5,Wake Early College Of Health And Science,Wake County Schools,Wake County,0.6067102774152707
Cary High,Wake County Schools,Wake County,Broadly Lower Stress,1,Leesville Road High,Wake County Schools,Wake County,0.26491973589283974
Cary High,Wake County Schools,Wake County,Broadly Lower Stress,2,Sanderson High,Wake County Schools,Wake County,0.2918642463382959
Cary High,Wake County Schools,Wake County,Broadly Lower Stress,3,Apex High,Wake County Schools,Wake County,0.30455361076309406
Cary High,Wake County Schools,Wake County,Broadly Lower Stress,4,Panther Creek High,Wake County Schools,Wake County,0.371894348500014
Cary High,Wake County Schools,Wake County,Broadly Lower Stress,5,Green Hope High,Wake County Schools,Wake County,0.37550110699044026
East Wake High,Wake County Schools,Wake County,Housing-Concentrated Stress,1,Johnston Co Early College Academy,Johnston County Public Schools,Johnston County,0.46308338595809095
East Wake High,Wake County Schools,Wake County,Housing-Concentrated Stress,2,Knightdale High,Wake County Schools,Wake County,0.5726928726445719
East Wake High,Wake County Schools,Wake County,Housing-Concentrated Stress,3,Robbinsville High,Graham County Schools,Graham County,0.7470948735723653
East Wake High,Wake County Schools,Wake County,Housing-Concentrated Stress,4,North Henderson High,Henderson County Schools,Henderson County,0.9368577908754337
East Wake High,Wake County Schools,Wake County,Housing-Concentrated Stress,5,Henderson County Early College,Henderson County Schools,Henderson County,1.0057269550163996
Fuquay-Varina High,Wake County Schools,Wake County,Broadly Lower Stress,1,Hickory Ridge High,Cabarrus County Schools,Cabarrus County,0.566363021100135
Fuquay-Varina High,Wake County Schools,Wake County,Broadly Lower Stress,2,Vernon Malone College And Career Academy,Wake County Schools,Wake County,0.5771810970729641
Fuquay-Varina High,Wake County Schools,Wake County,Broadly Lower Stress,3,Wake Early College Of Health And Science,Wake County Schools,Wake County,0.5771810970729641
Fuquay-Varina High,Wake County Schools,Wake County,Broadly Lower Stress,4,Wake Stem Early College High School,Wake County Schools,Wake County,0.5771810970729641
Fuquay-Varina High,Wake County Schools,Wake County,Broadly Lower Stress,5,Wakefield High,Wake County Schools,Wake County,0.5921300411908527
Garner High,Wake County Schools,Wake County,Housing-Concentrated Stress,1,Rolesville High,Wake County Schools,Wake County,0.4864677481033056
Garner High,Wake County Schools,Wake County,Housing-Concentrated Stress,2,West Carteret High,Carteret County Public Schools,Carteret County,0.8181520770618749
Garner High,Wake County Schools,Wake County,Housing-Concentrated Stress,3,West Brunswick High,Brunswick County Schools,Brunswick County,0.8904514939662507
Garner High,Wake County Schools,Wake County,Housing-Concentrated Stress,4,East Gaston High,Gaston County Schools,Gaston County,0.9051731134644915
Garner High,Wake County Schools,Wake County,Housing-Concentrated Stress,5,Tuscola High,Haywood County Schools,Haywood County,0.9534610614960272
Millbrook High,Wake County Schools,Wake County,Housing-Concentrated Stress,1,West Brunswick High,Brunswick County Schools,Brunswick County,0.48744840017110935
Millbrook High,Wake County Schools,Wake County,Housing-Concentrated Stress,2,Clayton High,Johnston County Public Schools,Johnston County,0.6055653438249212
Millbrook High,Wake County Schools,Wake County,Housing-Concentrated Stress,3,Central Academy Of Technology And Arts,Union County Public Schools,Union County,0.6370715750313599
Millbrook High,Wake County Schools,Wake County,Housing-Concentrated Stress,4,West Carteret High,Carteret County Public Schools,Carteret County,0.6703546695637262
Millbrook High,Wake County Schools,Wake County,Housing-Concentrated Stress,5,Cedar Ridge High,Orange County Schools,Orange County,0.6715279152958104
Sanderson High,Wake County Schools,Wake County,Broadly Lower Stress,1,Leesville Road High,Wake County Schools,Wake County,0.18461654307540604
Sanderson High,Wake County Schools,Wake County,Broadly Lower Stress,2,Panther Creek High,Wake County Schools,Wake County,0.25324179670978647
Sanderson High,Wake County Schools,Wake County,Broadly Lower Stress,3,Cary High,Wake County Schools,Wake County,0.2918642463382959
Sanderson High,Wake County Schools,Wake County,Broadly Lower Stress,4,Apex Friendship High,Wake County Schools,Wake County,0.4299647139448767
Sanderson High,Wake County Schools,Wake County,Broadly Lower Stress,5,Apex High,Wake County Schools,Wake County,0.4346819291903398
Wake Forest High School,Wake County Schools,Wake County,Broadly Lower Stress,1,Wakefield High,Wake County Schools,Wake County,0.43656093159038123
Wake Forest High School,Wake County Schools,Wake County,Broadly Lower Stress,2,Middle Creek High,Wake County Schools,Wake County,0.46381916399838824
Wake Forest High School,Wake County Schools,Wake County,Broadly Lower Stress,3,Wake Stem Early College High School,Wake County Schools,Wake County,0.5535439254041565
Wake Forest High School,Wake County Schools,Wake County,Broadly Lower Stress,4,Vernon Malone College And Career Academy,Wake County Schools,Wake County,0.5535439254041565
Wake Forest High School,Wake County Schools,Wake County,Broadly Lower Stress,5,Wake Early College Of Health And Science,Wake County Schools,Wake County,0.5535439254041565
Enloe High,Wake County Schools,Wake County,"Moderate Stress, Lower Housing",1,Longview,Wake County Schools,Wake County,0.46269180013504685
Enloe High,Wake County Schools,Wake County,"Moderate Stress, Lower Housing",2,Phillips High,Wake County Schools,Wake County,0.46269180013504685
Enloe High,Wake County Schools,Wake County,"Moderate Stress, Lower Housing",3,Central Wake High School,Central Wake Charter High School,Wake County,0.46269180013504685
Enloe High,Wake County Schools,Wake County,"Moderate Stress, Lower Housing",4,Pender High,Pender County Schools,Pender County,0.5556366713499702
Enloe High,Wake County Schools,Wake County,"Moderate Stress, Lower Housing",5,Albemarle High,Stanly County Schools,Stanly County,0.8899173200198868
Phillips High,Wake County Schools,Wake County,"Moderate Stress, Lower Housing",1,Longview,Wake County Schools,Wake County,0.0
Phillips High,Wake County Schools,Wake County,"Moderate Stress, Lower Housing",2,Central Wake High School,Central Wake Charter High School,Wake County,0.0
Phillips High,Wake County Schools,Wake County,"Moderate Stress, Lower Housing",3,Pender High,Pender County Schools,Pender County,0.30297709128804473
Phillips High,Wake County Schools,Wake County,"Moderate Stress, Lower Housing",4,Enloe High,Wake County Schools,Wake County,0.46269180013504685
Phillips High,Wake County Schools,Wake County,"Moderate Stress, Lower Housing",5,Southeast Raleigh High,Wake County Schools,Wake County,0.6155493038470063
Longview,Wake County Schools,Wake County,"Moderate Stress, Lower Housing",1,Phillips High,Wake County Schools,Wake County,0.0
Longview,Wake County Schools,Wake County,"Moderate Stress, Lower Housing",2,Central Wake High School,Central Wake Charter High School,Wake County,0.0
Longview,Wake County Schools,Wake County,"Moderate Stress, Lower Housing",3,Pender High,Pender County Schools,Pender County,0.30297709128804473
Longview,Wake County Schools,Wake County,"Moderate Stress, Lower Housing",4,Enloe High,Wake County Schools,Wake County,0.46269180013504685
Longview,Wake County Schools,Wake County,"Moderate Stress, Lower Housing",5,Southeast Raleigh High,Wake County Schools,Wake County,0.6155493038470063
Southeast Raleigh High,Wake County Schools,Wake County,"Moderate Stress, Lower Housing",1,Longview,Wake County Schools,Wake County,0.6155493038470063
Southeast Raleigh High,Wake County Schools,Wake County,"Moderate Stress, Lower Housing",2,Phillips High,Wake County Schools,Wake County,0.6155493038470063
Southeast Raleigh High,Wake County Schools,Wake County,"Moderate Stress, Lower Housing",3,Central Wake High School,Central Wake Charter High School,Wake County,0.6155493038470063
Southeast Raleigh High,Wake County Schools,Wake County,"Moderate Stress, Lower Housing",4,Pender High,Pender County Schools,Pender County,0.6234304268490545
Southeast Raleigh High,Wake County Schools,Wake County,"Moderate Stress, Lower Housing",5,Rocky River High School,Charlotte-Mecklenburg Schools,Mecklenburg County,0.934055155488491
Green Hope High,Wake County Schools,Wake County,Broadly Lower Stress,1,Cary High,Wake County Schools,Wake County,0.37550110699044026
Green Hope High,Wake County Schools,Wake County,Broadly Lower Stress,2,Apex High,Wake County Schools,Wake County,0.4103090860192276
Green Hope High,Wake County Schools,Wake County,Broadly Lower Stress,3,North Wake College And Career Academy,Wake County Schools,Wake County,0.5084269514305885
Green Hope High,Wake County Schools,Wake County,Broadly Lower Stress,4,Leesville Road High,Wake County Schools,Wake County,0.5741203652582948
Green Hope High,Wake County Schools,Wake County,Broadly Lower Stress,5,Sanderson High,Wake County Schools,Wake County,0.5800508744718275
Wakefield High,Wake County Schools,Wake County,Broadly Lower Stress,1,Wake Early College Of Health And Science,Wake County Schools,Wake County,0.3711599618818125
Wakefield High,Wake County Schools,Wake County,Broadly Lower Stress,2,Vernon Malone College And Career Academy,Wake County Schools,Wake County,0.3711599618818125
Wakefield High,Wake County Schools,Wake County,Broadly Lower Stress,3,Wake Stem Early College High School,Wake County Schools,Wake County,0.3711599618818125
Wakefield High,Wake County Schools,Wake County,Broadly Lower Stress,4,Wake Forest High School,Wake County Schools,Wake County,0.43656093159038123
Wakefield High,Wake County Schools,Wake County,Broadly Lower Stress,5,Fuquay-Varina High,Wake County Schools,Wake County,0.5921300411908527
Middle Creek High,Wake County Schools,Wake County,Broadly Lower Stress,1,Athens Drive High,Wake County Schools,Wake County,0.4346819291903429
Middle Creek High,Wake County Schools,Wake County,Broadly Lower Stress,2,Needham Broughton High,Wake County Schools,Wake County,0.4632811145021466
Middle Creek High,Wake County Schools,Wake County,Broadly Lower Stress,3,Wake Forest High School,Wake County Schools,Wake County,0.46381916399838824
Middle Creek High,Wake County Schools,Wake County,Broadly Lower Stress,4,Heritage High,Wake County Schools,Wake County,0.7447471189475316
Middle Creek High,Wake County Schools,Wake County,Broadly Lower Stress,5,Wakefield High,Wake County Schools,Wake County,0.7963897215868272
Knightdale High,Wake County Schools,Wake County,Housing-Concentrated Stress,1,East Wake High,Wake County Schools,Wake County,0.5726928726445719
Knightdale High,Wake County Schools,Wake County,Housing-Concentrated Stress,2,Johnston Co Early College Academy,Johnston County Public Schools,Johnston County,0.8765620874790481
Knightdale High,Wake County Schools,Wake County,Housing-Concentrated Stress,3,Gaston Early College Of Medical Sciences,Gaston County Schools,Gaston County,1.091343079442877
Knightdale High,Wake County Schools,Wake County,Housing-Concentrated Stress,4,Cato Middle College High School,Charlotte-Mecklenburg Schools,Mecklenburg County,1.147348155151918
Knightdale High,Wake County Schools,Wake County,Housing-Concentrated Stress,5,Performance Learning Center,Charlotte-Mecklenburg Schools,Mecklenburg County,1.147348155151918
Panther Creek High,Wake County Schools,Wake County,Broadly Lower Stress,1,Sanderson High,Wake County Schools,Wake County,0.25324179670978647
Panther Creek High,Wake County Schools,Wake County,Broadly Lower Stress,2,Leesville Road High,Wake County Schools,Wake County,0.35807711352178473
Panther Creek High,Wake County Schools,Wake County,Broadly Lower Stress,3,Cary High,Wake County Schools,Wake County,0.371894348500014
Panther Creek High,Wake County Schools,Wake County,Broadly Lower Stress,4,Apex High,Wake County Schools,Wake County,0.4135809726942641
Panther Creek High,Wake County Schools,Wake County,Broadly Lower Stress,5,North Wake College And Career Academy,Wake County Schools,Wake County,0.5110710712276735
Holly Springs High,Wake County Schools,Wake County,Broadly Lower Stress,1,Panther Creek High,Wake County Schools,Wake County,0.5800508744718305
Holly Springs High,Wake County Schools,Wake County,Broadly Lower Stress,2,Weddington High,Union County Public Schools,Union County,0.6479335988803737
Holly Springs High,Wake County Schools,Wake County,Broadly Lower Stress,3,Sanderson High,Wake County Schools,Wake County,0.7849208698233187
Holly Springs High,Wake County Schools,Wake County,Broadly Lower Stress,4,Leesville Road High,Wake County Schools,Wake County,0.8491858893433275
Holly Springs High,Wake County Schools,Wake County,Broadly Lower Stress,5,Apex High,Wake County Schools,Wake County,0.9163445415010939
Wake Early College Of Health And Science,Wake County Schools,Wake County,Broadly Lower Stress,1,Wake Stem Early College High School,Wake County Schools,Wake County,0.0
Wake Early College Of Health And Science,Wake County Schools,Wake County,Broadly Lower Stress,2,Vernon Malone College And Career Academy,Wake County Schools,Wake County,0.0
Wake Early College Of Health And Science,Wake County Schools,Wake County,Broadly Lower Stress,3,Wakefield High,Wake County Schools,Wake County,0.3711599618818125
Wake Early College Of Health And Science,Wake County Schools,Wake County,Broadly Lower Stress,4,Heritage High,Wake County Schools,Wake County,0.383298949860842
Wake Early College Of Health And Science,Wake County Schools,Wake County,Broadly Lower Stress,5,Wake Forest High School,Wake County Schools,Wake County,0.5535439254041565
Wake Stem Early College High School,Wake County Schools,Wake County,Broadly Lower Stress,1,Wake Early College Of Health And Science,Wake County Schools,Wake County,0.0
Wake Stem Early College High School,Wake County Schools,Wake County,Broadly Lower Stress,2,Vernon Malone College And Career Academy,Wake County Schools,Wake County,0.0
Wake Stem Early College High School,Wake County Schools,Wake County,Broadly Lower Stress,3,Wakefield High,Wake County Schools,Wake County,0.3711599618818125
Wake Stem Early College High School,Wake County Schools,Wake County,Broadly Lower Stress,4,Heritage High,Wake County Schools,Wake County,0.383298949860842
Wake Stem Early College High School,Wake County Schools,Wake County,Broadly Lower Stress,5,Wake Forest High School,Wake County Schools,Wake County,0.5535439254041565
Heritage High,Wake County Schools,Wake County,Broadly Lower Stress,1,Wake Stem Early College High School,Wake County Schools,Wake County,0.383298949860842
Heritage High,Wake County Schools,Wake County,Broadly Lower Stress,2,Wake Early College Of Health And Science,Wake County Schools,Wake County,0.383298949860842
Heritage High,Wake County Schools,Wake County,Broadly Lower Stress,3,Vernon Malone College And Career Academy,Wake County Schools,Wake County,0.383298949860842
Heritage High,Wake County Schools,Wake County,Broadly Lower Stress,4,Needham Broughton High,Wake County Schools,Wake County,0.4438187020597224
Heritage High,Wake County Schools,Wake County,Broadly Lower Stress,5,Wake Forest High School,Wake County Schools,Wake County,0.5538496292262262
Wake Young Women'S Leadership Academy,Wake County Schools,Wake County,Housing-Concentrated Stress,1,Ncvps,Nc Virtual Public School,Wake County,0.0
Wake Young Women'S Leadership Academy,Wake County Schools,Wake County,Housing-Concentrated Stress,2,South Garner High,Wake County Schools,Wake County,1.0795875338159024
Wake Young Women'S Leadership Academy,Wake County Schools,Wake County,Housing-Concentrated Stress,3,Garner High,Wake County Schools,Wake County,1.1407890628190396
Wake Young Women'S Leadership Academy,Wake County Schools,Wake County,Housing-Concentrated Stress,4,Nf Woods Campus,Mooresville Graded School District,Iredell County,1.1797124497341493
Wake Young Women'S Leadership Academy,Wake County Schools,Wake County,Housing-Concentrated Stress,5,Rolesville High,Wake County Schools,Wake County,1.2176080978061805
Wake Young Men'S Leadership Academy,Wake County Schools,Wake County,Broadly Lower Stress,1,Hendersonville High,Henderson County Schools,Henderson County,0.8895717044927082
Wake Young Men'S Leadership Academy,Wake County Schools,Wake County,Broadly Lower Stress,2,Topsail High,Pender County Schools,Pender County,1.1620110299511994
Wake Young Men'S Leadership Academy,Wake County Schools,Wake County,Broadly Lower Stress,3,Needham Broughton High,Wake County Schools,Wake County,1.1632918690443579
Wake Young Men'S Leadership Academy,Wake County Schools,Wake County,Broadly Lower Stress,4,East Chapel Hill High,Chapel Hill-Carrboro City Schools,Orange County,1.1764886083605266
Wake Young Men'S Leadership Academy,Wake County Schools,Wake County,Broadly Lower Stress,5,Marine Sci. And Tech. Early College High School,Carteret County Public Schools,Carteret County,1.2295534220343387
Rolesville High,Wake County Schools,Wake County,Housing-Concentrated Stress,1,Garner High,Wake County Schools,Wake County,0.4864677481033056
Rolesville High,Wake County Schools,Wake County,Housing-Concentrated Stress,2,West Brunswick High,Brunswick County Schools,Brunswick County,0.5120046022551701
Rolesville High,Wake County Schools,Wake County,Housing-Concentrated Stress,3,West Carteret High,Carteret County Public Schools,Carteret County,0.6517918479889042
Rolesville High,Wake County Schools,Wake County,Housing-Concentrated Stress,4,Central Academy Of Technology And Arts,Union County Public Schools,Union County,0.6560510358303218
Rolesville High,Wake County Schools,Wake County,Housing-Concentrated Stress,5,Millbrook High,Wake County Schools,Wake County,0.7169686395892018
Vernon Malone College And Career Academy,Wake County Schools,Wake County,Broadly Lower Stress,1,Wake Early College Of Health And Science,Wake County Schools,Wake County,0.0
Vernon Malone College And Career Academy,Wake County Schools,Wake County,Broadly Lower Stress,2,Wake Stem Early College High School,Wake County Schools,Wake County,0.0
Vernon Malone College And Career Academy,Wake County Schools,Wake County,Broadly Lower Stress,3,Wakefield High,Wake County Schools,Wake County,0.3711599618818125
Vernon Malone College And Career Academy,Wake County Schools,Wake County,Broadly Lower Stress,4,Heritage High,Wake County Schools,Wake County,0.383298949860842
Vernon Malone College And Career Academy,Wake County Schools,Wake County,Broadly Lower Stress,5,Wake Forest High School,Wake County Schools,Wake County,0.5535439254041565
Apex Friendship High,Wake County Schools,Wake County,Broadly Lower Stress,1,Leesville Road High,Wake County Schools,Wake County,0.3883122290896674
Apex Friendship High,Wake County Schools,Wake County,Broadly Lower Stress,2,Weddington High,Union County Public Schools,Union County,0.42591685351292846
Apex Friendship High,Wake County Schools,Wake County,Broadly Lower Stress,3,Sanderson High,Wake County Schools,Wake County,0.4299647139448767
Apex Friendship High,Wake County Schools,Wake County,Broadly Lower Stress,4,Marvin Ridge High,Union County Public Schools,Union County,0.45828665738202823
Apex Friendship High,Wake County Schools,Wake County,Broadly Lower Stress,5,Green Level High,Wake County Schools,Wake County,0.5418939477123319
Crossroads Flex,Wake County Schools,Wake County,Broadly Lower Stress,1,Score Academy,Wake County Schools,Wake County,0.0
Crossroads Flex,Wake County Schools,Wake County,Broadly Lower Stress,2,Leesville Road High,Wake County Schools,Wake County,0.6427318073633665
Crossroads Flex,Wake County Schools,Wake County,Broadly Lower Stress,3,Apex Friendship High,Wake County Schools,Wake County,0.7074744867180294
Crossroads Flex,Wake County Schools,Wake County,Broadly Lower Stress,4,Sanderson High,Wake County Schools,Wake County,0.7254498794720933
Crossroads Flex,Wake County Schools,Wake County,Broadly Lower Stress,5,Cary High,Wake County Schools,Wake County,0.7665978997216817
North Wake College And Career Academy,Wake County Schools,Wake County,Broadly Lower Stress,1,Apex High,Wake County Schools,Wake County,0.17334399217650825
North Wake College And Career Academy,Wake County Schools,Wake County,Broadly Lower Stress,2,Cary High,Wake County Schools,Wake County,0.42766496314276936
North Wake College And Career Academy,Wake County Schools,Wake County,Broadly Lower Stress,3,Green Hope High,Wake County Schools,Wake County,0.5084269514305885
North Wake College And Career Academy,Wake County Schools,Wake County,Broadly Lower Stress,4,Panther Creek High,Wake County Schools,Wake County,0.5110710712276735
North Wake College And Career Academy,Wake County Schools,Wake County,Broadly Lower Stress,5,Sanderson High,Wake County Schools,Wake County,0.5823994142193816
Score Academy,Wake County Schools,Wake County,Broadly Lower Stress,1,Crossroads Flex,Wake County Schools,Wake County,0.0
Score Academy,Wake County Schools,Wake County,Broadly Lower Stress,2,Leesville Road High,Wake County Schools,Wake County,0.6427318073633665
Score Academy,Wake County Schools,Wake County,Broadly Lower Stress,3,Apex Friendship High,Wake County Schools,Wake County,0.7074744867180294
Score Academy,Wake County Schools,Wake County,Broadly Lower Stress,4,Sanderson High,Wake County Schools,Wake County,0.7254498794720933
Score Academy,Wake County Schools,Wake County,Broadly Lower Stress,5,Cary High,Wake County Schools,Wake County,0.7665978997216817
South Garner High,Wake County Schools,Wake County,Housing-Concentrated Stress,1,Wake Young Women'S Leadership Academy,Wake County Schools,Wake County,1.0795875338159024
South Garner High,Wake County Schools,Wake County,Housing-Concentrated Stress,2,Ncvps,Nc Virtual Public School,Wake County,1.0795875338159024
South Garner High,Wake County Schools,Wake County,Housing-Concentrated Stress,3,Garner High,Wake County Schools,Wake County,1.2876047272596622
South Garner High,Wake County Schools,Wake County,Housing-Concentrated Stress,4,Rolesville High,Wake County Schools,Wake County,1.4639918383680828
South Garner High,Wake County Schools,Wake County,Housing-Concentrated Stress,5,West Henderson High,Henderson County Schools,Henderson County,1.7222149383974563
Green Level High,Wake County Schools,Wake County,Broadly Lower Stress,1,Sanderson High,Wake County Schools,Wake County,0.5223413900036656
Green Level High,Wake County Schools,Wake County,Broadly Lower Stress,2,Apex Friendship High,Wake County Schools,Wake County,0.5418939477123319
Green Level High,Wake County Schools,Wake County,Broadly Lower Stress,3,Leesville Road High,Wake County Schools,Wake County,0.6190700932012279
Green Level High,Wake County Schools,Wake County,Broadly Lower Stress,4,Cary High,Wake County Schools,Wake County,0.6915329525744477
Green Level High,Wake County Schools,Wake County,Broadly Lower Stress,5,Green Hope High,Wake County Schools,Wake County,0.7074744867180306
Warren County High,Warren County Schools,Warren County,Economic and Crime Concentrated,1,Warren Early College High,Warren County Schools,Warren County,0.0
Warren County High,Warren County Schools,Warren County,Economic and Crime Concentrated,2,Warren New Tech High,Warren County Schools,Warren County,0.0
Warren County High,Warren County Schools,Warren County,Economic and Crime Concentrated,3,Bertie High,Bertie County Schools,Bertie County,0.652806093900018
Warren County High,Warren County Schools,Warren County,Economic and Crime Concentrated,4,Bertie Early College High,Bertie County Schools,Bertie County,0.652806093900018
Warren County High,Warren County Schools,Warren County,Economic and Crime Concentrated,5,South Creek High,Martin County Schools,Martin County,0.7204136936572364
Warren New Tech High,Warren County Schools,Warren County,Economic and Crime Concentrated,1,Warren Early College High,Warren County Schools,Warren County,0.0
Warren New Tech High,Warren County Schools,Warren County,Economic and Crime Concentrated,2,Warren County High,Warren County Schools,Warren County,0.0
Warren New Tech High,Warren County Schools,Warren County,Economic and Crime Concentrated,3,Bertie High,Bertie County Schools,Bertie County,0.652806093900018
Warren New Tech High,Warren County Schools,Warren County,Economic and Crime Concentrated,4,Bertie Early College High,Bertie County Schools,Bertie County,0.652806093900018
Warren New Tech High,Warren County Schools,Warren County,Economic and Crime Concentrated,5,South Creek High,Martin County Schools,Martin County,0.7204136936572364
Warren Early College High,Warren County Schools,Warren County,Economic and Crime Concentrated,1,Warren New Tech High,Warren County Schools,Warren County,0.0
Warren Early College High,Warren County Schools,Warren County,Economic and Crime Concentrated,2,Warren County High,Warren County Schools,Warren County,0.0
Warren Early College High,Warren County Schools,Warren County,Economic and Crime Concentrated,3,Bertie High,Bertie County Schools,Bertie County,0.652806093900018
Warren Early College High,Warren County Schools,Warren County,Economic and Crime Concentrated,4,Bertie Early College High,Bertie County Schools,Bertie County,0.652806093900018
Warren Early College High,Warren County Schools,Warren County,Economic and Crime Concentrated,5,South Creek High,Martin County Schools,Martin County,0.7204136936572364
Washington County High,Washington County Schools,Washington County,Economic and Crime Concentrated,1,Washington Early College High,Washington County Schools,Washington County,0.8022640590834964
Washington County High,Washington County Schools,Washington County,Economic and Crime Concentrated,2,Bertie Early College High,Bertie County Schools,Bertie County,1.1438081058790424
Washington County High,Washington County Schools,Washington County,Economic and Crime Concentrated,3,Bertie High,Bertie County Schools,Bertie County,1.1438081058790424
Washington County High,Washington County Schools,Washington County,Economic and Crime Concentrated,4,South Creek High,Martin County Schools,Martin County,1.272369406790165
Washington County High,Washington County Schools,Washington County,Economic and Crime Concentrated,5,Riverside High,Martin County Schools,Martin County,1.3073134001480375
Washington Early College High,Washington County Schools,Washington County,Economic and Crime Concentrated,1,Washington County High,Washington County Schools,Washington County,0.802264059083497
Washington Early College High,Washington County Schools,Washington County,Economic and Crime Concentrated,2,Bertie Early College High,Bertie County Schools,Bertie County,1.5615981789022033
Washington Early College High,Washington County Schools,Washington County,Economic and Crime Concentrated,3,Bertie High,Bertie County Schools,Bertie County,1.5615981789022033
Washington Early College High,Washington County Schools,Washington County,Economic and Crime Concentrated,4,Riverside High,Martin County Schools,Martin County,1.5879772928322937
Washington Early College High,Washington County Schools,Washington County,Economic and Crime Concentrated,5,South Creek High,Martin County Schools,Martin County,1.6161114755554602
Watauga High,Watauga County Schools,Watauga County,Housing-Concentrated Stress,1,Watauga Innovation Academy,Watauga County Schools,Watauga County,0.0
Watauga High,Watauga County Schools,Watauga County,Housing-Concentrated Stress,2,East Carteret High,Carteret County Public Schools,Carteret County,0.4626918001350454
Watauga High,Watauga County Schools,Watauga County,Housing-Concentrated Stress,3,South Iredell High,Iredell-Statesville Schools,Iredell County,0.4989563777175234
Watauga High,Watauga County Schools,Watauga County,Housing-Concentrated Stress,4,Career Academy And Technical School,Iredell-Statesville Schools,Iredell County,0.6289173374834164
Watauga High,Watauga County Schools,Watauga County,Housing-Concentrated Stress,5,West Henderson High,Henderson County Schools,Henderson County,0.6345082443780101
Watauga Innovation Academy,Watauga County Schools,Watauga County,Housing-Concentrated Stress,1,Watauga High,Watauga County Schools,Watauga County,0.0
Watauga Innovation Academy,Watauga County Schools,Watauga County,Housing-Concentrated Stress,2,East Carteret High,Carteret County Public Schools,Carteret County,0.4626918001350454
Watauga Innovation Academy,Watauga County Schools,Watauga County,Housing-Concentrated Stress,3,South Iredell High,Iredell-Statesville Schools,Iredell County,0.4989563777175234
Watauga Innovation Academy,Watauga County Schools,Watauga County,Housing-Concentrated Stress,4,Career Academy And Technical School,Iredell-Statesville Schools,Iredell County,0.6289173374834164
Watauga Innovation Academy,Watauga County Schools,Watauga County,Housing-Concentrated Stress,5,West Henderson High,Henderson County Schools,Henderson County,0.6345082443780101
Edgewood Cmty Developmental,Wayne County Public Schools,Wayne County,"Moderate Stress, Lower Housing",1,Wayne School Of Engineering,Wayne County Public Schools,Wayne County,0.0
Edgewood Cmty Developmental,Wayne County Public Schools,Wayne County,"Moderate Stress, Lower Housing",2,Eastern Wayne High,Wayne County Public Schools,Wayne County,0.31433097316931863
Edgewood Cmty Developmental,Wayne County Public Schools,Wayne County,"Moderate Stress, Lower Housing",3,Person High,Person County Schools,Person County,0.3697421045736197
Edgewood Cmty Developmental,Wayne County Public Schools,Wayne County,"Moderate Stress, Lower Housing",4,Roxboro Community School,Roxboro Community School,Person County,0.3697421045736197
Edgewood Cmty Developmental,Wayne County Public Schools,Wayne County,"Moderate Stress, Lower Housing",5,Person Early College Innovation & Ldrshp,Person County Schools,Person County,0.3697421045736197
Goldsboro High,Wayne County Public Schools,Wayne County,Education and Health Pressure,1,Wayne Early / Middle College High,Wayne County Public Schools,Wayne County,0.18461654307540964
Goldsboro High,Wayne County Public Schools,Wayne County,Education and Health Pressure,2,Lee Early College,Lee County Schools,Lee County,0.5751126132623642
Goldsboro High,Wayne County Public Schools,Wayne County,Education and Health Pressure,3,Southern Nash High,Nash County Public Schools,Nash County,0.6131578469437918
Goldsboro High,Wayne County Public Schools,Wayne County,Education and Health Pressure,4,Bragg Street Academy,Lee County Schools,Lee County,0.6166808636563714
Goldsboro High,Wayne County Public Schools,Wayne County,Education and Health Pressure,5,Lee County High,Lee County Schools,Lee County,0.6487672439361681
Charles B Aycock High,Wayne County Public Schools,Wayne County,"Moderate Stress, Lower Housing",1,Eastern Wayne High,Wayne County Public Schools,Wayne County,0.19896893651950323
Charles B Aycock High,Wayne County Public Schools,Wayne County,"Moderate Stress, Lower Housing",2,Wayne School Of Engineering,Wayne County Public Schools,Wayne County,0.4864677481033054
Charles B Aycock High,Wayne County Public Schools,Wayne County,"Moderate Stress, Lower Housing",3,Edgewood Cmty Developmental,Wayne County Public Schools,Wayne County,0.4864677481033054
Charles B Aycock High,Wayne County Public Schools,Wayne County,"Moderate Stress, Lower Housing",4,Roxboro Community School,Roxboro Community School,Person County,0.6592023599554935
Charles B Aycock High,Wayne County Public Schools,Wayne County,"Moderate Stress, Lower Housing",5,Person High,Person County Schools,Person County,0.6592023599554935
Eastern Wayne High,Wayne County Public Schools,Wayne County,"Moderate Stress, Lower Housing",1,Charles B Aycock High,Wayne County Public Schools,Wayne County,0.19896893651950323
Eastern Wayne High,Wayne County Public Schools,Wayne County,"Moderate Stress, Lower Housing",2,Wayne School Of Engineering,Wayne County Public Schools,Wayne County,0.31433097316931863
Eastern Wayne High,Wayne County Public Schools,Wayne County,"Moderate Stress, Lower Housing",3,Edgewood Cmty Developmental,Wayne County Public Schools,Wayne County,0.31433097316931863
Eastern Wayne High,Wayne County Public Schools,Wayne County,"Moderate Stress, Lower Housing",4,Person Early College Innovation & Ldrshp,Person County Schools,Person County,0.5447025262652647
Eastern Wayne High,Wayne County Public Schools,Wayne County,"Moderate Stress, Lower Housing",5,Person High,Person County Schools,Person County,0.5447025262652647
Rosewood High,Wayne County Public Schools,Wayne County,"Moderate Stress, Lower Housing",1,Rockingham County High,Rockingham County Schools,Rockingham County,0.7686695710294926
Rosewood High,Wayne County Public Schools,Wayne County,"Moderate Stress, Lower Housing",2,Charles B Aycock High,Wayne County Public Schools,Wayne County,0.8029898443017283
Rosewood High,Wayne County Public Schools,Wayne County,"Moderate Stress, Lower Housing",3,Ascend Leadership Academy: Lee County,Ascend Leadership Academy: Lee County,Lee County,0.8058130488043913
Rosewood High,Wayne County Public Schools,Wayne County,"Moderate Stress, Lower Housing",4,Eastern Wayne High,Wayne County Public Schools,Wayne County,0.9075543412921323
Rosewood High,Wayne County Public Schools,Wayne County,"Moderate Stress, Lower Housing",5,Dalton Mcmichael High,Rockingham County Schools,Rockingham County,0.9176018378688127
Southern Wayne High,Wayne County Public Schools,Wayne County,Education and Health Pressure,1,Spring Creek High,Wayne County Public Schools,Wayne County,0.8440220424971755
Southern Wayne High,Wayne County Public Schools,Wayne County,Education and Health Pressure,2,North Duplin Jr Sr High,Duplin County Schools,Duplin County,1.449744380215991
Southern Wayne High,Wayne County Public Schools,Wayne County,Education and Health Pressure,3,Phillip O Berry Academy Of Technology,Charlotte-Mecklenburg Schools,Mecklenburg County,1.4560031478501623
Southern Wayne High,Wayne County Public Schools,Wayne County,Education and Health Pressure,4,Stewart Creek High,Stewart Creek High School,Mecklenburg County,1.4560031478501623
Southern Wayne High,Wayne County Public Schools,Wayne County,Education and Health Pressure,5,Duplin Early College High,Duplin County Schools,Duplin County,1.5009680354648571
Spring Creek High,Wayne County Public Schools,Wayne County,Education and Health Pressure,1,Southern Wayne High,Wayne County Public Schools,Wayne County,0.8440220424971755
Spring Creek High,Wayne County Public Schools,Wayne County,Education and Health Pressure,2,Hawthorne Academy Of Health Sciences,Charlotte-Mecklenburg Schools,Mecklenburg County,1.4983834657420942
Spring Creek High,Wayne County Public Schools,Wayne County,Education and Health Pressure,3,Commonwealth High,Commonwealth High School,Mecklenburg County,1.4983834657420942
Spring Creek High,Wayne County Public Schools,Wayne County,Education and Health Pressure,4,Military And Global Leadership,Charlotte-Mecklenburg Schools,Mecklenburg County,1.4983834657420942
Spring Creek High,Wayne County Public Schools,Wayne County,Education and Health Pressure,5,The School For Creative Studies,Durham Public Schools,Durham County,1.519153717914008
Wayne Early / Middle College High,Wayne County Public Schools,Wayne County,Education and Health Pressure,1,Goldsboro High,Wayne County Public Schools,Wayne County,0.18461654307540964
Wayne Early / Middle College High,Wayne County Public Schools,Wayne County,Education and Health Pressure,2,Lee Early College,Lee County Schools,Lee County,0.5371348073830975
Wayne Early / Middle College High,Wayne County Public Schools,Wayne County,Education and Health Pressure,3,Southern Nash High,Nash County Public Schools,Nash County,0.575287519240145
Wayne Early / Middle College High,Wayne County Public Schools,Wayne County,Education and Health Pressure,4,Lee County High,Lee County Schools,Lee County,0.6153521107248623
Wayne Early / Middle College High,Wayne County Public Schools,Wayne County,Education and Health Pressure,5,Bragg Street Academy,Lee County Schools,Lee County,0.6373547732018717
Wayne School Of Engineering,Wayne County Public Schools,Wayne County,"Moderate Stress, Lower Housing",1,Edgewood Cmty Developmental,Wayne County Public Schools,Wayne County,0.0
Wayne School Of Engineering,Wayne County Public Schools,Wayne County,"Moderate Stress, Lower Housing",2,Eastern Wayne High,Wayne County Public Schools,Wayne County,0.31433097316931863
Wayne School Of Engineering,Wayne County Public Schools,Wayne County,"Moderate Stress, Lower Housing",3,Person High,Person County Schools,Person County,0.3697421045736197
Wayne School Of Engineering,Wayne County Public Schools,Wayne County,"Moderate Stress, Lower Housing",4,Roxboro Community School,Roxboro Community School,Person County,0.3697421045736197
Wayne School Of Engineering,Wayne County Public Schools,Wayne County,"Moderate Stress, Lower Housing",5,Person Early College Innovation & Ldrshp,Person County Schools,Person County,0.3697421045736197
Roanoke Valley Early College,Weldon City Schools,Halifax County,Economic and Crime Concentrated,1,Weldon Stem High School Career Academies,Weldon City Schools,Halifax County,0.0
Roanoke Valley Early College,Weldon City Schools,Halifax County,Economic and Crime Concentrated,2,Roanoke Rapids Early College High,Roanoke Rapids City Schools,Halifax County,0.5860528395430408
Roanoke Valley Early College,Weldon City Schools,Halifax County,Economic and Crime Concentrated,3,Northwest Halifax Collegiate And Technic,Halifax County Schools,Halifax County,0.6993618421044557
Roanoke Valley Early College,Weldon City Schools,Halifax County,Economic and Crime Concentrated,4,Northampton Early College,Northampton County Schools,Halifax County,0.7176765521326084
Roanoke Valley Early College,Weldon City Schools,Halifax County,Economic and Crime Concentrated,5,Halifax County Early College High,Halifax County Schools,Halifax County,0.7176765521326084
Weldon Stem High School Career Academies,Weldon City Schools,Halifax County,Economic and Crime Concentrated,1,Roanoke Valley Early College,Weldon City Schools,Halifax County,0.0
Weldon Stem High School Career Academies,Weldon City Schools,Halifax County,Economic and Crime Concentrated,2,Roanoke Rapids Early College High,Roanoke Rapids City Schools,Halifax County,0.5860528395430408
Weldon Stem High School Career Academies,Weldon City Schools,Halifax County,Economic and Crime Concentrated,3,Northwest Halifax Collegiate And Technic,Halifax County Schools,Halifax County,0.6993618421044557
Weldon Stem High School Career Academies,Weldon City Schools,Halifax County,Economic and Crime Concentrated,4,Northampton Early College,Northampton County Schools,Halifax County,0.7176765521326084
Weldon Stem High School Career Academies,Weldon City Schools,Halifax County,Economic and Crime Concentrated,5,Halifax County Early College High,Halifax County Schools,Halifax County,0.7176765521326084
Whiteville High,Whiteville City Schools,Columbus County,Economic and Crime Concentrated,1,North Whiteville Academy,Whiteville City Schools,Columbus County,0.4438187020597244
Whiteville High,Whiteville City Schools,Columbus County,Economic and Crime Concentrated,2,Columbus Career And College Academy,Columbus County Schools,Columbus County,0.4438187020597244
Whiteville High,Whiteville City Schools,Columbus County,Economic and Crime Concentrated,3,Kinston High,Lenoir County Public Schools,Lenoir County,0.686508120584745
Whiteville High,Whiteville City Schools,Columbus County,Economic and Crime Concentrated,4,Vance Co Early College,Vance County Schools,Vance County,0.7700238229902027
Whiteville High,Whiteville City Schools,Columbus County,Economic and Crime Concentrated,5,Vance County High School,Vance County Schools,Vance County,0.7700238229902027
North Whiteville Academy,Whiteville City Schools,Columbus County,Economic and Crime Concentrated,1,Columbus Career And College Academy,Columbus County Schools,Columbus County,0.0
North Whiteville Academy,Whiteville City Schools,Columbus County,Economic and Crime Concentrated,2,Whiteville High,Whiteville City Schools,Columbus County,0.4438187020597244
North Whiteville Academy,Whiteville City Schools,Columbus County,Economic and Crime Concentrated,3,Anson High School,Anson County Schools,Anson County,0.5698583533567377
North Whiteville Academy,Whiteville City Schools,Columbus County,Economic and Crime Concentrated,4,Anson Co. Early College High,Anson County Schools,Anson County,0.5698583533567377
North Whiteville Academy,Whiteville City Schools,Columbus County,Economic and Crime Concentrated,5,Kinston High,Lenoir County Public Schools,Lenoir County,0.6215786384950329
East Wilkes High School,Wilkes County Schools,Wilkes County,"Moderate Stress, Lower Housing",1,Bunn High,Franklin County Schools,Franklin County,0.49101488013697714
East Wilkes High School,Wilkes County Schools,Wilkes County,"Moderate Stress, Lower Housing",2,Salisbury High,Rowan-Salisbury Schools,Rowan County,0.7961401749239413
East Wilkes High School,Wilkes County Schools,Wilkes County,"Moderate Stress, Lower Housing",3,Eastern Randolph High School,Randolph County School System,Randolph County,0.8037284309478395
East Wilkes High School,Wilkes County Schools,Wilkes County,"Moderate Stress, Lower Housing",4,Wilkes Early College High School,Wilkes County Schools,Wilkes County,0.8055125878920976
East Wilkes High School,Wilkes County Schools,Wilkes County,"Moderate Stress, Lower Housing",5,Hibriten High,Caldwell County Schools,Caldwell County,0.8096618966813838
North Wilkes High School,Wilkes County Schools,Wilkes County,"Moderate Stress, Lower Housing",1,Wilkes Early College High School,Wilkes County Schools,Wilkes County,0.5837284926765892
North Wilkes High School,Wilkes County Schools,Wilkes County,"Moderate Stress, Lower Housing",2,Rocky River High School,Charlotte-Mecklenburg Schools,Mecklenburg County,0.5960681905911154
North Wilkes High School,Wilkes County Schools,Wilkes County,"Moderate Stress, Lower Housing",3,Northwest School Of The Arts,Charlotte-Mecklenburg Schools,Mecklenburg County,0.6133294117352598
North Wilkes High School,Wilkes County Schools,Wilkes County,"Moderate Stress, Lower Housing",4,Riverside High,Durham Public Schools,Durham County,0.6890685321782353
North Wilkes High School,Wilkes County Schools,Wilkes County,"Moderate Stress, Lower Housing",5,West Charlotte High School,Charlotte-Mecklenburg Schools,Mecklenburg County,0.6968227472241824
West Wilkes High School,Wilkes County Schools,Wilkes County,Multidomain Elevated Stress,1,Lucy Ragsdale High,Guilford County Schools,Guilford County,0.4928055342096653
West Wilkes High School,Wilkes County Schools,Wilkes County,Multidomain Elevated Stress,2,T Wingate Andrews High,Guilford County Schools,Guilford County,0.5640236446084536
West Wilkes High School,Wilkes County Schools,Wilkes County,Multidomain Elevated Stress,3,Ashbrook High,Gaston County Schools,Gaston County,0.6311353014782493
West Wilkes High School,Wilkes County Schools,Wilkes County,Multidomain Elevated Stress,4,Southwest Guilford High,Guilford County Schools,Guilford County,0.6579740292766155
West Wilkes High School,Wilkes County Schools,Wilkes County,Multidomain Elevated Stress,5,Forestview High,Gaston County Schools,Gaston County,0.668639494893966
Wilkes Central High School,Wilkes County Schools,Wilkes County,"Moderate Stress, Lower Housing",1,Wilkes Early College High School,Wilkes County Schools,Wilkes County,0.4824754580789977
Wilkes Central High School,Wilkes County Schools,Wilkes County,"Moderate Stress, Lower Housing",2,Caldwell Early College,Caldwell County Schools,Caldwell County,0.5730852583501167
Wilkes Central High School,Wilkes County Schools,Wilkes County,"Moderate Stress, Lower Housing",3,Caldwell Applied Sciences Academy,Caldwell County Schools,Caldwell County,0.5730852583501167
Wilkes Central High School,Wilkes County Schools,Wilkes County,"Moderate Stress, Lower Housing",4,Stanly Early College High,Stanly County Schools,Stanly County,0.5885482716907908
Wilkes Central High School,Wilkes County Schools,Wilkes County,"Moderate Stress, Lower Housing",5,Northwest School Of The Arts,Charlotte-Mecklenburg Schools,Mecklenburg County,0.6277863664200842
Wilkes Early College High School,Wilkes County Schools,Wilkes County,"Moderate Stress, Lower Housing",1,Wilkes Central High School,Wilkes County Schools,Wilkes County,0.4824754580789977
Wilkes Early College High School,Wilkes County Schools,Wilkes County,"Moderate Stress, Lower Housing",2,Northwest School Of The Arts,Charlotte-Mecklenburg Schools,Mecklenburg County,0.5251848542432913
Wilkes Early College High School,Wilkes County Schools,Wilkes County,"Moderate Stress, Lower Housing",3,Riverside High,Durham Public Schools,Durham County,0.5729187477435431
Wilkes Early College High School,Wilkes County Schools,Wilkes County,"Moderate Stress, Lower Housing",4,North Wilkes High School,Wilkes County Schools,Wilkes County,0.5837284926765892
Wilkes Early College High School,Wilkes County Schools,Wilkes County,"Moderate Stress, Lower Housing",5,Hibriten High,Caldwell County Schools,Caldwell County,0.5917430087643892
Beddingfield High,Wilson County Schools,Wilson County,Education and Health Pressure,1,Fike High,Wilson County Schools,Wilson County,0.8428441073906859
Beddingfield High,Wilson County Schools,Wilson County,Education and Health Pressure,2,Wilson Academy Of Applied Technology,Wilson County Schools,Wilson County,0.9478682421602829
Beddingfield High,Wilson County Schools,Wilson County,Education and Health Pressure,3,Montgomery Central High,Montgomery County Schools,Montgomery County,1.0843434247166166
Beddingfield High,Wilson County Schools,Wilson County,Education and Health Pressure,4,Montgomery County Early College,Montgomery County Schools,Montgomery County,1.0843434247166166
Beddingfield High,Wilson County Schools,Wilson County,Education and Health Pressure,5,Montgomery Learning Academy,Montgomery County Schools,Montgomery County,1.0843434247166166
Fike High,Wilson County Schools,Wilson County,Education and Health Pressure,1,Wilson Early College Academy,Wilson County Schools,Wilson County,0.3054481805003629
Fike High,Wilson County Schools,Wilson County,Education and Health Pressure,2,Wilson Academy Of Applied Technology,Wilson County Schools,Wilson County,0.371894348500014
Fike High,Wilson County Schools,Wilson County,Education and Health Pressure,3,James Hunt High,Wilson County Schools,Wilson County,0.4085668864143144
Fike High,Wilson County Schools,Wilson County,Education and Health Pressure,4,Ben L. Smith High School,Guilford County Schools,Guilford County,0.7690235689736175
Fike High,Wilson County Schools,Wilson County,Education and Health Pressure,5,Beddingfield High,Wilson County Schools,Wilson County,0.8428441073906859
James Hunt High,Wilson County Schools,Wilson County,Education and Health Pressure,1,Wilson Early College Academy,Wilson County Schools,Wilson County,0.1566613222882422
James Hunt High,Wilson County Schools,Wilson County,Education and Health Pressure,2,Wilson Academy Of Applied Technology,Wilson County Schools,Wilson County,0.3632021656589247
James Hunt High,Wilson County Schools,Wilson County,Education and Health Pressure,3,Fike High,Wilson County Schools,Wilson County,0.4085668864143144
James Hunt High,Wilson County Schools,Wilson County,Education and Health Pressure,4,Ben L. Smith High School,Guilford County Schools,Guilford County,0.7357400806924939
James Hunt High,Wilson County Schools,Wilson County,Education and Health Pressure,5,Philip J Weaver Ed Center,Guilford County Schools,Guilford County,0.8723356215441891
Wilson Early College Academy,Wilson County Schools,Wilson County,Education and Health Pressure,1,James Hunt High,Wilson County Schools,Wilson County,0.1566613222882422
Wilson Early College Academy,Wilson County Schools,Wilson County,Education and Health Pressure,2,Fike High,Wilson County Schools,Wilson County,0.3054481805003629
Wilson Early College Academy,Wilson County Schools,Wilson County,Education and Health Pressure,3,Wilson Academy Of Applied Technology,Wilson County Schools,Wilson County,0.3955484585236495
Wilson Early College Academy,Wilson County Schools,Wilson County,Education and Health Pressure,4,Ben L. Smith High School,Guilford County Schools,Guilford County,0.8148787123510499
Wilson Early College Academy,Wilson County Schools,Wilson County,Education and Health Pressure,5,Philip J Weaver Ed Center,Guilford County Schools,Guilford County,0.9400443000839873
Wilson Academy Of Applied Technology,Wilson County Schools,Wilson County,Education and Health Pressure,1,James Hunt High,Wilson County Schools,Wilson County,0.3632021656589247
Wilson Academy Of Applied Technology,Wilson County Schools,Wilson County,Education and Health Pressure,2,Fike High,Wilson County Schools,Wilson County,0.371894348500014
Wilson Academy Of Applied Technology,Wilson County Schools,Wilson County,Education and Health Pressure,3,Wilson Early College Academy,Wilson County Schools,Wilson County,0.3955484585236495
Wilson Academy Of Applied Technology,Wilson County Schools,Wilson County,Education and Health Pressure,4,Ben L. Smith High School,Guilford County Schools,Guilford County,0.5771253491140035
Wilson Academy Of Applied Technology,Wilson County Schools,Wilson County,Education and Health Pressure,5,Philip J Weaver Ed Center,Guilford County Schools,Guilford County,0.8603704321616453
Forbush High,Yadkin County Schools,Yadkin County,"Moderate Stress, Lower Housing",1,Yadkin Early College,Yadkin County Schools,Yadkin County,0.26491973589284057
Forbush High,Yadkin County Schools,Yadkin County,"Moderate Stress, Lower Housing",2,Heide Trask High,Pender County Schools,Pender County,0.5235177895622773
Forbush High,Yadkin County Schools,Yadkin County,"Moderate Stress, Lower Housing",3,Agriculture And Science Early College,Iredell-Statesville Schools,Iredell County,0.5867701779011197
Forbush High,Yadkin County Schools,Yadkin County,"Moderate Stress, Lower Housing",4,West Iredell High,Iredell-Statesville Schools,Iredell County,0.6034799869349791
Forbush High,Yadkin County Schools,Yadkin County,"Moderate Stress, Lower Housing",5,The Coast,Brunswick County Schools,Brunswick County,0.6672076110052373
Starmount High,Yadkin County Schools,Yadkin County,"Moderate Stress, Lower Housing",1,Burke Middle College,Burke County Schools,Burke County,0.41171616810231243
Starmount High,Yadkin County Schools,Yadkin County,"Moderate Stress, Lower Housing",2,Heide Trask High,Pender County Schools,Pender County,0.41171616810231326
Starmount High,Yadkin County Schools,Yadkin County,"Moderate Stress, Lower Housing",3,West Iredell High,Iredell-Statesville Schools,Iredell County,0.5072181791469124
Starmount High,Yadkin County Schools,Yadkin County,"Moderate Stress, Lower Housing",4,Gateway School,Caldwell County Schools,Caldwell County,0.5767085895145869
Starmount High,Yadkin County Schools,Yadkin County,"Moderate Stress, Lower Housing",5,Stanly Stem Early College,Stanly County Schools,Stanly County,0.6077526042313792
Yadkin Early College,Yadkin County Schools,Yadkin County,"Moderate Stress, Lower Housing",1,Forbush High,Yadkin County Schools,Yadkin County,0.26491973589284057
Yadkin Early College,Yadkin County Schools,Yadkin County,"Moderate Stress, Lower Housing",2,Agriculture And Science Early College,Iredell-Statesville Schools,Iredell County,0.5568626499811816
Yadkin Early College,Yadkin County Schools,Yadkin County,"Moderate Stress, Lower Housing",3,Heide Trask High,Pender County Schools,Pender County,0.6215786384950338
Yadkin Early College,Yadkin County Schools,Yadkin County,"Moderate Stress, Lower Housing",4,Starmount High,Yadkin County Schools,Yadkin County,0.6574746809705493
Yadkin Early College,Yadkin County Schools,Yadkin County,"Moderate Stress, Lower Housing",5,West Iredell High,Iredell-Statesville Schools,Iredell County,0.660403265894099
Mountain Heritage High,Yancey County Schools,Yancey County,Housing-Concentrated Stress,1,Stokes Early College High School,Stokes County Schools,Stokes County,0.735740080692495
Mountain Heritage High,Yancey County Schools,Yancey County,Housing-Concentrated Stress,2,Franklin High,Macon County Schools,Macon County,0.7523714666244579
Mountain Heritage High,Yancey County Schools,Yancey County,Housing-Concentrated Stress,3,Meadowbrook Academy,Stokes County Schools,Stokes County,0.8332800907348956
Mountain Heritage High,Yancey County Schools,Yancey County,Housing-Concentrated Stress,4,Union Academy,Macon County Schools,Macon County,0.8641836761121492
Mountain Heritage High,Yancey County Schools,Yancey County,Housing-Concentrated Stress,5,West Stokes High School,Stokes County Schools,Stokes County,0.9372253047713112
Cherokee Central High School,Cherokee Central High School,Swain County,Economic and Crime Concentrated,1,Kinston High,Lenoir County Public Schools,Lenoir County,0.6774532557323601
Cherokee Central High School,Cherokee Central High School,Swain County,Economic and Crime Concentrated,2,Advance Academy,Vance County Schools,Vance County,0.7388603231581027
Cherokee Central High School,Cherokee Central High School,Swain County,Economic and Crime Concentrated,3,Vance Co Early College,Vance County Schools,Vance County,0.8242981606815926
Cherokee Central High School,Cherokee Central High School,Swain County,Economic and Crime Concentrated,4,Vance County High School,Vance County Schools,Vance County,0.8242981606815926
Cherokee Central High School,Cherokee Central High School,Swain County,Economic and Crime Concentrated,5,North Whiteville Academy,Whiteville City Schools,Columbus County,0.953461061496027
