Name,School District,County,county_fips,City,latitude,longitude,Economic,Education,Health,Housing,Crime,equal_weight_score,score_p05,score_p95,score_range_90,sensitivity_class,archetype_id,archetype,most_elevated_domain_vs_state,distance_to_centroid,imputed_domain_count,imputed_domains,model_economic,model_education,model_health,model_housing,model_crime,pca_1,pca_2
Wake Early College Of Health And Science,Wake County Schools,Wake County,37183,Raleigh,35.784907000000004,-78.584468,21,15.0,26.0,28.0,18.0,21.6,20.08844079076692,23.13288456504128,3.0444437742743595,Stable,1,Broadly Lower Stress,Housing,0.47662283904953645,0,,21.0,15.0,26.0,28.0,18.0,-2.4645698919357497,-0.03892250170649351
Wake Stem Early College High School,Wake County Schools,Wake County,37183,Cary,35.755047000000005,-78.740685,21,15.0,26.0,28.0,18.0,21.6,20.08844079076692,23.13288456504128,3.0444437742743595,Stable,1,Broadly Lower Stress,Housing,0.47662283904953645,0,,21.0,15.0,26.0,28.0,18.0,-2.4645698919357497,-0.03892250170649351
Vernon Malone College And Career Academy,Wake County Schools,Wake County,37183,Raleigh,35.752700000000004,-78.6431,21,15.0,26.0,28.0,18.0,21.6,20.08844079076692,23.13288456504128,3.0444437742743595,Stable,1,Broadly Lower Stress,Housing,0.47662283904953645,0,,21.0,15.0,26.0,28.0,18.0,-2.4645698919357497,-0.03892250170649351
Green Level High,Wake County Schools,Wake County,37183,Cary,35.772649,-78.899838,20,11.0,26.0,25.0,18.0,20.0,18.20864946781347,21.55315884318043,3.344509375366961,Stable,1,Broadly Lower Stress,Housing,0.5327538858933062,0,,20.0,11.0,26.0,25.0,18.0,-2.842871678293492,-0.0672557085264475
Wakefield High,Wake County Schools,Wake County,37183,Raleigh,35.9473,-78.5704,19,15.0,25.0,29.0,18.0,21.200000000000003,19.722701636368768,22.893949994633925,3.1712483582651565,Stable,1,Broadly Lower Stress,Housing,0.6077155865111734,0,,19.0,15.0,25.0,29.0,18.0,-2.73811089509479,0.0059834427987542575
Green Hope High,Wake County Schools,Wake County,37183,Cary,35.805,-78.867,18,13.0,23.0,26.0,18.0,19.6,18.233607918892503,21.035605739931892,2.801997821039386,Stable,1,Broadly Lower Stress,Housing,0.685222630034345,0,,18.0,13.0,23.0,26.0,18.0,-3.1382486983756808,-0.16891702808092374
Hopewell High School,Charlotte-Mecklenburg Schools,Mecklenburg County,37119,Huntersville,35.3784,-80.911,23,14.0,26.0,26.0,33.0,24.4,22.32722416443532,26.24172235086972,3.914498186434404,Stable,1,Broadly Lower Stress,Housing,0.7114794791961305,0,,23.0,14.0,26.0,26.0,33.0,-1.955240057053447,0.1282852278874593
Sanderson High,Wake County Schools,Wake County,37183,Raleigh,35.8611,-78.6473,20,11.0,24.0,29.0,18.0,20.4,18.491731012955597,22.286896914581188,3.795165901625591,Stable,1,Broadly Lower Stress,Housing,0.7149365986349738,0,,20.0,11.0,24.0,29.0,18.0,-3.0500449870951143,0.25357148714118694
The Community Learning Center @ Pinckney,Moore County Schools,Moore County,37125,Carthage,35.3405,-79.4269,24,15.0,23.0,24.0,25.0,22.200000000000003,20.85289446304444,23.067355979083395,2.2144615160389556,Stable,1,Broadly Lower Stress,Housing,0.7503031397958814,0,,24.0,15.0,23.0,24.0,25.0,-2.2512499838981577,-0.2597531297099836
Heritage High,Wake County Schools,Wake County,37183,Wake Forest,35.9409,-78.51010000000001,22,17.0,26.0,28.0,18.0,22.200000000000003,20.884386146429684,23.562363733823112,2.6779775873934284,Stable,1,Broadly Lower Stress,Housing,0.7525006873422385,0,,22.0,17.0,26.0,28.0,18.0,-2.220038749604268,-0.14677370156610528
Cary High,Wake County Schools,Wake County,37183,Cary,35.772715,-78.766132,19,12.0,23.0,29.0,18.0,20.200000000000003,18.49281794701716,22.0503201271507,3.557502180133543,Stable,1,Broadly Lower Stress,Housing,0.7555160331256888,0,,19.0,12.0,23.0,29.0,18.0,-3.1496235019252468,0.16564680461896333
Apex High,Wake County Schools,Wake County,37183,Apex,35.74501,-78.837554,20,12.0,22.0,27.0,18.0,19.8,18.228992286968698,21.344016352238754,3.1150240652700596,Stable,1,Broadly Lower Stress,Housing,0.7631790424873545,0,,20.0,12.0,22.0,27.0,18.0,-3.1350829940419493,-0.004200756430243124
Fuquay-Varina High,Wake County Schools,Wake County,37183,Fuquay-Varina,35.597729,-78.796492,22,15.0,23.0,30.0,18.0,21.6,20.10999462870716,23.30845048950702,3.1984558607998608,Stable,1,Broadly Lower Stress,Housing,0.7865592919088098,0,,22.0,15.0,23.0,30.0,18.0,-2.657202692854074,0.11205713291193445
Leesville Road High,Wake County Schools,Wake County,37183,Raleigh,35.890087,-78.718603,19,11.0,24.0,30.0,18.0,20.4,18.46659852420047,22.44553198444233,3.9789334602418585,Stable,1,Broadly Lower Stress,Housing,0.8102700190180877,0,,19.0,11.0,24.0,30.0,18.0,-3.1460721574425605,0.3251559889926716
Dixon High,Onslow County Schools,Onslow County,37133,Holly Ridge,34.585127,-77.479563,22,17.0,27.0,27.0,30.0,24.6,23.084773056416584,25.903180543439408,2.8184074870228244,Stable,1,Broadly Lower Stress,Housing,0.8271936559846337,0,,22.0,17.0,27.0,27.0,30.0,-1.8076501094472468,-0.02165726055932761
Panther Creek High,Wake County Schools,Wake County,37183,Cary,35.8309,-78.8891,21,11.0,23.0,30.0,18.0,20.6,18.637295038723508,22.600856878517803,3.963561839794295,Stable,1,Broadly Lower Stress,Housing,0.8449970026076901,0,,21.0,11.0,23.0,30.0,18.0,-3.0576044711484793,0.3424005831235194
Needham Broughton High,Wake County Schools,Wake County,37183,Raleigh,35.7903,-78.6523,20,18.0,27.0,26.0,18.0,21.8,20.64182456825954,22.99789248104072,2.3560679127811817,Stable,1,Broadly Lower Stress,Housing,0.8689003441843506,0,,20.0,18.0,27.0,26.0,18.0,-2.215837789959112,-0.39771552556063217
Apex Friendship High,Wake County Schools,Wake County,37183,Apex,35.701882000000005,-78.91067,19,10.0,26.0,30.0,18.0,20.6,18.42871770880292,22.759497055664575,4.330779346861654,Stable,1,Broadly Lower Stress,Housing,0.8780912959905053,0,,19.0,10.0,26.0,30.0,18.0,-3.04630082253795,0.4104771278764089
North Wake College And Career Academy,Wake County Schools,Wake County,37183,Wake Forest,35.97657,-78.541781,20,12.0,21.0,27.0,18.0,19.6,18.06946028780785,21.158622119358636,3.0891618315507863,Stable,1,Broadly Lower Stress,Housing,0.9104048526925607,0,,20.0,12.0,21.0,27.0,18.0,-3.2239363204849854,-0.016238263284118516
Wake Forest High School,Wake County Schools,Wake County,37183,Wake Forest,35.984374,-78.515119,19,17.0,26.0,31.0,18.0,22.200000000000003,20.66997746160105,24.021731150958217,3.3517536893571673,Stable,1,Broadly Lower Stress,Housing,0.9247757328127786,0,,19.0,17.0,26.0,31.0,18.0,-2.5081202606466064,0.06797980398834894
William Amos Hough High,Charlotte-Mecklenburg Schools,Mecklenburg County,37119,Cornelius,35.468143,-80.82809300000001,21,11.0,24.0,30.0,33.0,23.8,21.27259245888809,25.996613215146745,4.724020756258653,Stable,1,Broadly Lower Stress,Housing,0.9353894316260113,0,,21.0,11.0,24.0,30.0,33.0,-2.573540332536571,0.6035686980983305
Myers Park High School,Charlotte-Mecklenburg Schools,Mecklenburg County,37119,Charlotte,35.170971,-80.832668,23,15.0,29.0,26.0,33.0,25.200000000000003,23.18286772736178,26.978675255334153,3.795807527972371,Stable,1,Broadly Lower Stress,Housing,0.9523025336952157,0,,23.0,15.0,29.0,26.0,33.0,-1.6107447597428775,0.10315162327309882
Bridges School,Carteret County Public Schools,Carteret County,37031,Morehead City,34.7385,-76.7895,18,18.0,26.0,22.0,27.0,22.200000000000003,21.055307487890893,23.39093866137377,2.335631173482877,Stable,1,Broadly Lower Stress,Housing,0.9683265760607013,0,,18.0,18.0,26.0,22.0,27.0,-2.215418985922391,-0.6344589779020544
Marine Sci. And Tech. Early College High School,Carteret County Public Schools,Carteret County,37031,Morehead City,,,18,18.0,26.0,22.0,27.0,22.200000000000003,21.055307487890893,23.39093866137377,2.335631173482877,Stable,1,Broadly Lower Stress,Housing,0.9683265760607013,0,,18.0,18.0,26.0,22.0,27.0,-2.215418985922391,-0.6344589779020544
Croatan High,Carteret County Public Schools,Carteret County,37031,Newport,34.716121,-76.95034700000001,25,17.0,27.0,27.0,27.0,24.6,23.18993175602813,25.562630393705668,2.372698637677537,Stable,1,Broadly Lower Stress,Housing,0.990155775883588,0,,25.0,17.0,27.0,27.0,27.0,-1.620710752775346,-0.027560230706430135
Pinecrest High,Moore County Schools,Moore County,37125,Southern Pines,35.1848,-79.4346,21,16.0,23.0,17.0,25.0,20.4,19.353067582428153,21.4244890382376,2.071421455809446,Stable,1,Broadly Lower Stress,Crime,1.0068803132427084,0,,21.0,16.0,23.0,17.0,25.0,-2.3877295371701575,-0.968501272769979
Weddington High,Union County Public Schools,Union County,37179,Matthews,35.001232,-80.725525,21,9.0,25.0,31.0,16.0,20.4,18.017024484720743,22.732212691400395,4.715188206679649,Stable,1,Broadly Lower Stress,Housing,1.0650726451951942,0,,21.0,9.0,25.0,31.0,16.0,-3.0958298931600683,0.5419759851109649
East Chapel Hill High,Chapel Hill-Carrboro City Schools,Orange County,37135,Chapel Hill,35.961,-79.0297,19,14.0,30.0,21.0,11.0,19.0,17.10270859612356,21.057303779288755,3.954595183165196,Stable,1,Broadly Lower Stress,Health,1.1160228876108338,0,,19.0,14.0,30.0,21.0,11.0,-2.497277981375445,-0.6786482669630893
Marvin Ridge High,Union County Public Schools,Union County,37179,Waxhaw,34.974000000000004,-80.7959,21,9.0,27.0,32.0,16.0,21.0,18.45360065963901,23.499103116341,5.045502456701989,Moderately sensitive,1,Broadly Lower Stress,Housing,1.1432931693726787,0,,21.0,9.0,27.0,32.0,16.0,-2.925489904252884,0.6522765511625619
Middle Creek High,Wake County Schools,Wake County,37183,Apex,35.667300000000004,-78.7603,18,19.0,27.0,29.0,18.0,22.200000000000003,20.7988880995562,23.740531138538262,2.9416430389820647,Stable,1,Broadly Lower Stress,Housing,1.1703730682941613,0,,18.0,19.0,27.0,29.0,18.0,-2.3373234766514304,-0.22956709468980296
Hickory Ridge High,Cabarrus County Schools,Cabarrus County,37025,Harrisburg,35.3078,-80.6349,22,15.0,22.0,35.0,22.0,23.200000000000003,21.36471086688584,25.519749442188555,4.155038575302715,Stable,1,Broadly Lower Stress,Housing,1.2069354543198751,0,,22.0,15.0,22.0,35.0,22.0,-2.67749978927985,0.5975822166095399
Athens Drive High,Wake County Schools,Wake County,37183,Raleigh,35.7687,-78.71130000000001,18,18.0,29.0,31.0,18.0,22.8,21.06951895546684,24.68926200771721,3.619743052250371,Stable,1,Broadly Lower Stress,Housing,1.2439607640614598,0,,18.0,18.0,29.0,31.0,18.0,-2.2522854697045958,0.028205148881626972
Hendersonville High,Henderson County Schools,Henderson County,37089,Hendersonville,35.321409,-82.464217,22,18.0,25.0,15.0,18.0,19.6,18.57851531649638,20.676668922575615,2.0981536060792365,Stable,1,Broadly Lower Stress,Education,1.2937832325689753,0,,22.0,18.0,25.0,15.0,18.0,-2.1351901263403024,-1.3409895140659691
Brevard High,Transylvania County Schools,Transylvania County,37175,Brevard,35.2172,-82.7356,23,12.0,19.0,24.0,30.0,21.6,19.636398862562636,23.343722776659195,3.707323914096559,Stable,1,Broadly Lower Stress,Housing,1.3043906459998906,0,,23.0,12.0,19.0,24.0,30.0,-2.7973928125936203,-0.05576229604957483
Davidson River School,Transylvania County Schools,Transylvania County,37175,Brevard,35.2581,-82.7042,23,12.0,19.0,24.0,30.0,21.6,19.636398862562636,23.343722776659195,3.707323914096559,Stable,1,Broadly Lower Stress,Housing,1.3043906459998906,0,,23.0,12.0,19.0,24.0,30.0,-2.7973928125936203,-0.05576229604957483
Crossroads Flex,Wake County Schools,Wake County,37183,Cary,35.75475,-78.738371,17,8.0,23.0,29.0,18.0,19.0,16.790765220670995,21.188327767415625,4.397562546744631,Stable,1,Broadly Lower Stress,Housing,1.3056535253241803,0,,17.0,8.0,23.0,29.0,18.0,-3.6386857865882103,0.38134920433818686
Score Academy,Wake County Schools,Wake County,37183,Cary,35.75475,-78.738371,17,8.0,23.0,29.0,18.0,19.0,16.790765220670995,21.188327767415625,4.397562546744631,Stable,1,Broadly Lower Stress,Housing,1.3056535253241803,0,,17.0,8.0,23.0,29.0,18.0,-3.6386857865882103,0.38134920433818686
Topsail High,Pender County Schools,Pender County,37141,Hampstead,34.395709000000004,-77.68158700000001,25,15.0,32.0,23.0,22.0,23.4,21.694209457082614,25.079843093326552,3.385633636243938,Stable,1,Broadly Lower Stress,Health,1.3367271303216954,0,,25.0,15.0,32.0,23.0,22.0,-1.4345850379971627,-0.2728261915007771
Central Haywood High,Haywood County Schools,Haywood County,37087,Waynesville,35.486001,-82.993014,27,16.0,30.0,25.0,27.0,25.0,23.305068770062093,26.24268164375216,2.9376128736900675,Stable,1,Broadly Lower Stress,Housing,1.342987402561387,0,,27.0,16.0,30.0,25.0,27.0,-1.2400317507328071,-0.07337058867178689
Holly Springs High,Wake County Schools,Wake County,37183,Holly Springs,35.628,-78.84870000000001,23,9.0,22.0,33.0,18.0,21.0,18.54958392690422,23.47355607476089,4.9239721478566665,Stable,1,Broadly Lower Stress,Housing,1.3551238676309536,0,,23.0,9.0,22.0,33.0,18.0,-3.1471074127539844,0.7408140846378792
John T Hoggard High,New Hanover County Schools,New Hanover County,37129,Wilmington,34.199600000000004,-77.8929,20,13.0,28.0,34.0,39.0,26.799999999999997,23.83391697558592,29.613293680972937,5.779376705387019,Moderately sensitive,1,Broadly Lower Stress,Housing,1.3616295816962358,0,,20.0,13.0,28.0,34.0,39.0,-2.0222992282180643,0.9591398772932567
Merancas Middle College-Cpcc,Charlotte-Mecklenburg Schools,Mecklenburg County,37119,Huntersville,35.393407,-80.840844,27,11.0,29.0,26.0,33.0,25.200000000000003,22.54768534730285,27.102318217204573,4.554632869901724,Stable,1,Broadly Lower Stress,Housing,1.3732313158568272,0,,27.0,11.0,29.0,26.0,33.0,-1.56784400619449,0.40670032594649147
Chapel Hill High,Chapel Hill-Carrboro City Schools,Orange County,37135,Chapel Hill,35.946531,-79.080171,19,12.0,31.0,18.0,11.0,18.2,16.257092350513464,20.536074656091756,4.2789823055782925,Stable,1,Broadly Lower Stress,Health,1.3857177252822528,0,,19.0,12.0,31.0,18.0,11.0,-2.542195298958669,-0.8027951667887796
Northwood High,Chatham County Schools,Chatham County,37037,Pittsboro,35.757,-79.1735,23,11.0,30.0,36.0,20.0,24.0,21.3228029171589,26.681823390894607,5.359020473735708,Moderately sensitive,1,Broadly Lower Stress,Housing,1.4468594035212747,0,,23.0,11.0,30.0,36.0,20.0,-2.2498153822275873,1.0065159605645728
Providence High School,Charlotte-Mecklenburg Schools,Mecklenburg County,37119,Charlotte,35.1103,-80.7639,26,11.0,22.0,32.0,33.0,24.8,22.07242271170653,26.986178694143128,4.9137559824366015,Stable,1,Broadly Lower Stress,Housing,1.4508258401163387,0,,26.0,11.0,22.0,32.0,33.0,-2.322677781537626,0.82515004154008
Ardrey Kell High School,Charlotte-Mecklenburg Schools,Mecklenburg County,37119,Charlotte,35.02999,-80.82665,28,12.0,27.0,31.0,33.0,26.200000000000003,23.50446278693841,28.03824669422955,4.533783907291138,Stable,1,Broadly Lower Stress,Housing,1.4638123779580912,0,,28.0,12.0,27.0,31.0,33.0,-1.6157881546249802,0.767147999274347
Southern Wake Academy,Southern Wake Academy,Wake County,37183,Holly Springs,35.611962,-78.818763,23,12.0,24.0,11.0,18.0,17.6,16.00427219555519,19.139689803232013,3.1354176076768248,Stable,1,Broadly Lower Stress,Economic,1.486386892314453,0,,23.0,12.0,24.0,11.0,18.0,-2.573528198387999,-1.3158114287469485
Raleigh Charter High School,Raleigh Charter High School,Wake County,37183,Raleigh,35.796028,-78.646973,13,9.0,25.0,21.0,18.0,17.200000000000003,15.44063915571475,18.92264821270135,3.4820090569866036,Stable,1,Broadly Lower Stress,Housing,1.5223295983178717,0,,13.0,9.0,25.0,21.0,18.0,-3.67875252936381,-0.4041905278502657
Wake Young Men'S Leadership Academy,Wake County Schools,Wake County,37183,Raleigh,35.778411,-78.629465,22,19.0,30.0,16.0,18.0,21.0,19.692164362382584,22.618336884554076,2.926172522171491,Stable,1,Broadly Lower Stress,Health,1.538517201811296,0,,22.0,19.0,30.0,16.0,18.0,-1.6203548401225487,-1.2558225526287325
Henderson County Career Academy,Henderson County Schools,Henderson County,37089,Flat Rock,35.306667000000004,-82.41993500000001,30,15.0,27.0,22.0,18.0,22.4,20.728469189341784,24.02961375147004,3.3011445621282576,Stable,1,Broadly Lower Stress,Economic,1.5485267521909474,0,,30.0,15.0,27.0,22.0,18.0,-1.5335720243023614,-0.41246885448444204
East Lincoln High,Lincoln County Schools,Lincoln County,37109,Denver,35.4544,-81.02590000000001,15,13.0,26.0,11.0,22.0,17.400000000000002,15.727673482323157,19.21499389756983,3.487320415246673,Stable,1,Broadly Lower Stress,Crime,1.635098909320824,0,,15.0,13.0,26.0,11.0,22.0,-2.921780728557234,-1.4036761153218271
C E Jordan High,Durham Public Schools,Durham County,37063,Durham,35.9227,-78.96220000000001,23,16.0,30.0,25.0,46.0,28.0,25.15231439070508,31.443655631242535,6.291341240537456,Moderately sensitive,1,Broadly Lower Stress,Crime,1.6391898357606138,0,,23.0,16.0,30.0,25.0,46.0,-1.0940734141264692,0.18363064631195222
Carrboro High,Chapel Hill-Carrboro City Schools,Orange County,37135,Carrboro,35.8917,-79.0855,14,11.0,29.0,17.0,11.0,16.400000000000002,14.66943574862289,18.64160563466144,3.972169886038549,Stable,1,Broadly Lower Stress,Health,1.6401429292917709,0,,14.0,11.0,29.0,17.0,11.0,-3.2337731376901075,-0.9250548601261978
Phoenix Academy High,Chapel Hill-Carrboro City Schools,Orange County,37135,Chapel Hill,35.903386000000005,-79.06801800000001,23,11.0,31.0,13.0,11.0,17.8,15.556320838529624,20.329838288448524,4.7735174499189,Stable,1,Broadly Lower Stress,Health,1.7342774031451393,0,,23.0,11.0,31.0,13.0,11.0,-2.2286552715714585,-1.1141126013625782
Virtual Academy School,Chapel Hill-Carrboro City Schools,Orange County,37135,Chapel Hill,35.903386000000005,-79.06801800000001,23,11.0,31.0,13.0,11.0,17.8,15.556320838529624,20.329838288448524,4.7735174499189,Stable,1,Broadly Lower Stress,Health,1.7342774031451393,0,,23.0,11.0,31.0,13.0,11.0,-2.2286552715714585,-1.1141126013625782
Longleaf School Of The Arts,Longleaf School Of The Arts,Wake County,37183,Raleigh,35.736218,-78.647105,16,15.0,30.0,11.0,18.0,18.0,16.29871308493905,20.158366826858465,3.859653741919416,Stable,1,Broadly Lower Stress,Health,1.7655863402934862,0,,16.0,15.0,30.0,11.0,18.0,-2.4272258303653076,-1.5298121165981868
Cuthbertson High,Union County Public Schools,Union County,37179,Waxhaw,34.9758,-80.739,24,9.0,30.0,7.0,16.0,17.2,14.638210773956828,19.820196285139296,5.18198551118247,Moderately sensitive,1,Broadly Lower Stress,Health,2.1685836290757012,0,,24.0,9.0,30.0,7.0,16.0,-2.208781806345909,-1.4233265853948847
Sea-Tech,New Hanover County Schools,New Hanover County,37129,Castle Hayne,34.331781,-77.867095,14,20.0,26.0,9.0,39.0,21.6,18.596511916146817,25.064515919047807,6.46800400290099,Moderately sensitive,1,Broadly Lower Stress,Crime,2.3859329371696236,0,,14.0,20.0,26.0,9.0,39.0,-2.002255093973064,-1.737143124196727
Camden Early College High,Camden County Schools,Camden County,37029,Camden,36.327277,-76.171887,16,18.0,19.0,10.0,55.0,23.6,19.66418015592357,29.3307746024893,9.666594446565728,Highly sensitive,1,Broadly Lower Stress,Crime,2.8330693382735017,0,,16.0,18.0,19.0,10.0,55.0,-2.188586466632212,-1.3176664531643139
Dare Learning Academy,Dare County Schools,Dare County,37055,Nags Head,36.009339000000004,-75.666583,11,11.0,10.0,52.0,36.0,24.0,19.148587988142115,29.64883227000818,10.500244281866069,Highly sensitive,1,Broadly Lower Stress,Housing,4.16913578041802,0,,11.0,11.0,10.0,52.0,36.0,-4.787116411526414,2.2354213704092656
Louisburg Magnet High,Franklin County Schools,Franklin County,37069,Louisburg,36.1101,-78.3001,29,25.0,32.0,17.0,40.0,28.6,26.20930566500771,30.9194244743161,4.710118809308387,Stable,2,"Moderate Stress, Lower Housing",Education,0.43230478909031883,0,,29.0,25.0,32.0,17.0,40.0,0.21786312576766062,-1.0451198256091518
Stanly Academy Learning Center,Stanly County Schools,Stanly County,37167,Albemarle,35.362746,-80.209382,28,22.0,33.0,19.0,32.0,26.800000000000004,25.06985842269733,28.35656822919245,3.286709806495125,Stable,2,"Moderate Stress, Lower Housing",Health,0.5147920964923154,0,,28.0,22.0,33.0,19.0,32.0,-0.24126243588342078,-0.8244035466964849
Stanly Stem Early College,Stanly County Schools,Stanly County,37167,Albemarle,35.371228,-80.193145,28,22.0,33.0,19.0,32.0,26.800000000000004,25.06985842269733,28.35656822919245,3.286709806495125,Stable,2,"Moderate Stress, Lower Housing",Health,0.5147920964923154,0,,28.0,22.0,33.0,19.0,32.0,-0.24126243588342078,-0.8244035466964849
Elkin High,Elkin City Schools,Surry County,37171,Elkin,36.245709,-80.860376,29,25.0,30.0,19.0,42.0,29.000000000000004,26.760013707523814,31.48545273362055,4.725439026096733,Stable,2,"Moderate Stress, Lower Housing",Education,0.5386192022772528,0,,29.0,25.0,30.0,19.0,42.0,0.07811791987966299,-0.8635263202130854
Cherryville High,Gaston County Schools,Gaston County,37071,Cherryville,35.389700000000005,-81.3799,26,24.0,33.0,14.0,33.0,26.000000000000004,23.677951213148816,27.936995212767293,4.259043999618477,Stable,2,"Moderate Stress, Lower Housing",Education,0.6076363910043956,0,,26.0,24.0,33.0,14.0,33.0,-0.19953210528525134,-1.39069695254435
Franklin County Early College,Franklin County Schools,Franklin County,37069,Louisburg,36.0847,-78.3318,26,24.0,32.0,14.0,40.0,27.200000000000003,24.505158652416025,29.885380710500755,5.38022205808473,Moderately sensitive,2,"Moderate Stress, Lower Housing",Education,0.6222800776509675,0,,26.0,24.0,32.0,14.0,40.0,-0.1039537193828135,-1.2864735089417887
Chase High School,Rutherford County Schools,Rutherford County,37161,Forest City,35.2506,-81.84270000000001,31,23.0,29.0,18.0,32.0,26.6,24.893826379727468,28.11795682002217,3.224130440294701,Stable,2,"Moderate Stress, Lower Housing",Economic,0.6225540814195759,0,,31.0,23.0,29.0,18.0,32.0,-0.24539224058953982,-0.9761021001547346
Saint Stephens High,Catawba County Schools,Catawba County,37035,Hickory,35.7723,-81.26910000000001,30,26.0,30.0,14.0,33.0,26.6,24.239510553210295,28.33339267943052,4.093882126220226,Stable,2,"Moderate Stress, Lower Housing",Education,0.6259675512070731,0,,30.0,26.0,30.0,14.0,33.0,0.04442057682279805,-1.490737521488503
West Charlotte High School,Charlotte-Mecklenburg Schools,Mecklenburg County,37119,Charlotte,35.2654,-80.8585,29,25.0,33.0,23.0,33.0,28.6,27.327382213015333,29.79153832058266,2.4641561075673266,Stable,2,"Moderate Stress, Lower Housing",Education,0.638663841688241,0,,29.0,25.0,33.0,23.0,33.0,0.07808475599189668,-0.6319899551486355
Starmount High,Yadkin County Schools,Yadkin County,37197,Boonville,36.1828,-80.7716,28,24.0,33.0,17.0,24.0,25.200000000000003,23.550726235564596,26.77693215311444,3.2262059175498443,Stable,2,"Moderate Stress, Lower Housing",Education,0.6786312044882401,0,,28.0,24.0,33.0,17.0,24.0,-0.28143757178612083,-1.2522165594006496
Burke Middle College,Burke County Schools,Burke County,37023,Morganton,35.723454000000004,-81.68837,29,26.0,33.0,16.0,26.0,26.0,24.071715797316457,27.54613838816035,3.474422590843897,Stable,2,"Moderate Stress, Lower Housing",Education,0.7087508675976085,0,,29.0,26.0,33.0,16.0,26.0,0.023155009480098243,-1.4130758971879827
Northwest School Of The Arts,Charlotte-Mecklenburg Schools,Mecklenburg County,37119,Charlotte,35.2571,-80.8567,26,26.0,32.0,23.0,33.0,28.000000000000004,26.865877620959317,29.192731177977343,2.326853557018026,Stable,2,"Moderate Stress, Lower Housing",Education,0.7089644771375467,0,,26.0,26.0,32.0,23.0,33.0,-0.19881477157535316,-0.7491967386555821
Gateway School,Caldwell County Schools,Caldwell County,37027,Granite Falls,35.8644,-81.36840000000001,29,26.0,34.0,15.0,30.0,26.800000000000004,24.58831528245963,28.495629126188973,3.907313843729344,Stable,2,"Moderate Stress, Lower Housing",Education,0.7274159822168037,0,,29.0,26.0,34.0,15.0,30.0,0.22476454981372118,-1.420829113845704
Rutherford Opportunity Center,Rutherford County Schools,Rutherford County,37161,Forest City,35.32976,-81.85805,32,26.0,30.0,18.0,32.0,27.6,25.800450313069337,29.02820408397321,3.227753770903874,Stable,2,"Moderate Stress, Lower Housing",Education,0.7355228527038827,0,,32.0,26.0,30.0,18.0,32.0,0.16592754616643948,-1.1331619183364574
Harnett Central High,Harnett County Schools,Harnett County,37085,Angier,35.4635,-78.7796,30,23.0,34.0,13.0,33.0,26.6,23.97946698865675,28.686446315407604,4.706979326750854,Stable,2,"Moderate Stress, Lower Housing",Health,0.7805892151117891,0,,30.0,23.0,34.0,13.0,33.0,0.17339459262944468,-1.345074670888888
East Burke High,Burke County Schools,Burke County,37023,Connelly Springs,35.7216,-81.4821,31,22.0,32.0,16.0,26.0,25.4,23.52036269808439,27.056122513330585,3.535759815246191,Stable,2,"Moderate Stress, Lower Housing",Economic,0.7842464158052249,0,,31.0,22.0,32.0,16.0,26.0,-0.20011857615166714,-1.1508468023531886
South Stokes High School,Stokes County Schools,Stokes County,37169,Walnut Cove,36.3262,-80.2403,28,23.0,28.0,13.0,29.0,24.200000000000003,22.11941798122701,25.75815645850535,3.638738477278345,Stable,2,"Moderate Stress, Lower Housing",Education,0.8019240850671856,0,,28.0,23.0,28.0,13.0,29.0,-0.6424359286775874,-1.513016641829113
Hickory Career  Arts Magnet High School,Hickory City Schools,Catawba County,37035,Hickory,35.7434,-81.3313,30,23.0,28.0,13.0,33.0,25.4,23.030887289360468,27.347907121760574,4.31701983240011,Stable,2,"Moderate Stress, Lower Housing",Economic,0.8032225259288706,0,,30.0,23.0,28.0,13.0,33.0,-0.3597253660287711,-1.4172997120121402
Bunker Hill High,Catawba County Schools,Catawba County,37035,Claremont,35.754,-81.1196,30,28.0,31.0,15.0,33.0,27.4,25.086322633021275,28.975017292792153,3.888694659770877,Stable,2,"Moderate Stress, Lower Housing",Education,0.8075294551595187,0,,30.0,28.0,31.0,15.0,33.0,0.2817778752498696,-1.5149667126427546
Eastern Alamance High,Alamance-Burlington Schools,Alamance County,37001,Mebane,36.1136,-79.3022,27,22.0,34.0,13.0,37.0,26.6,23.827485790928044,29.08791256221531,5.260426771287264,Moderately sensitive,2,"Moderate Stress, Lower Housing",Health,0.8160460114371815,0,,27.0,22.0,34.0,13.0,37.0,-0.06513269454599317,-1.2613168683577367
East Rutherford High School,Rutherford County Schools,Rutherford County,37161,Bostic,35.340594,-81.818253,33,24.0,32.0,20.0,32.0,28.2,26.53352489528652,29.6852151938372,3.1516902985506796,Stable,2,"Moderate Stress, Lower Housing",Economic,0.8181291222374483,0,,33.0,24.0,32.0,20.0,32.0,0.26169074150037136,-0.7995024990966795
Roxboro Community School,Roxboro Community School,Person County,37145,Roxboro,36.3926,-78.97930000000001,30,23.0,32.0,18.0,47.0,30.0,27.123348044593488,33.25510612321111,6.131758078617619,Moderately sensitive,2,"Moderate Stress, Lower Housing",Crime,0.82150189481926,0,,30.0,23.0,32.0,18.0,47.0,0.3277180445398819,-0.7055000219645342
Person High,Person County Schools,Person County,37145,Roxboro,36.411024000000005,-78.98042000000001,30,23.0,32.0,18.0,47.0,30.0,27.123348044593488,33.25510612321111,6.131758078617619,Moderately sensitive,2,"Moderate Stress, Lower Housing",Crime,0.82150189481926,0,,30.0,23.0,32.0,18.0,47.0,0.3277180445398819,-0.7055000219645342
Person Early College Innovation & Ldrshp,Person County Schools,Person County,37145,Roxboro,36.431646,-78.980602,30,23.0,32.0,18.0,47.0,30.0,27.123348044593488,33.25510612321111,6.131758078617619,Moderately sensitive,2,"Moderate Stress, Lower Housing",Crime,0.82150189481926,0,,30.0,23.0,32.0,18.0,47.0,0.3277180445398819,-0.7055000219645342
Hibriten High,Caldwell County Schools,Caldwell County,37027,Lenoir,35.925200000000004,-81.495,26,26.0,34.0,22.0,30.0,27.6,26.393524715659627,28.884900506433937,2.4913757907743097,Stable,2,"Moderate Stress, Lower Housing",Education,0.8352389210079629,0,,26.0,26.0,34.0,22.0,30.0,-0.09278361714416808,-0.8611733989158648
Wheatmore High School,Randolph County School System,Randolph County,37151,Trinity,35.829100000000004,-80.00710000000001,26,25.0,30.0,11.0,29.0,24.2,21.77104792511769,25.882126268901455,4.111078343783767,Stable,2,"Moderate Stress, Lower Housing",Education,0.8483668902409476,0,,26.0,25.0,30.0,11.0,29.0,-0.47144632460793384,-1.8131670841457512
Wilkes Central High School,Wilkes County Schools,Wilkes County,37193,Wilkesboro,36.1099,-81.1785,25,24.0,34.0,22.0,39.0,28.800000000000004,26.87902791525811,30.926113019408664,4.047085104150554,Stable,2,"Moderate Stress, Lower Housing",Health,0.8503246313400641,0,,25.0,24.0,34.0,22.0,39.0,-0.10018827217432637,-0.6038438341836917
South Stanly High,Stanly County Schools,Stanly County,37167,Norwood,35.2308,-80.1636,27,23.0,32.0,26.0,32.0,28.000000000000004,26.916055591273025,29.042148219400293,2.1260926281272674,Stable,2,"Moderate Stress, Lower Housing",Education,0.8537923632697029,0,,27.0,23.0,32.0,26.0,32.0,-0.3924075985657674,-0.3087493628117842
Heide Trask High,Pender County Schools,Pender County,37141,Rocky Point,34.4378,-77.8925,27,22.0,33.0,18.0,22.0,24.4,22.933466198742185,26.04976255399701,3.1162963552548213,Stable,2,"Moderate Stress, Lower Housing",Health,0.8705017158189065,0,,27.0,22.0,33.0,18.0,22.0,-0.58603015305234,-1.0913572216133163
Gray Stone Day,Gray Stone Day School,Stanly County,37167,Misenheimer,35.48351,-80.27634,31,21.0,32.0,13.0,32.0,25.8,23.297093795268992,27.900258820427776,4.603165025158784,Stable,2,"Moderate Stress, Lower Housing",Economic,0.8718515347924393,0,,31.0,21.0,32.0,13.0,32.0,-0.09786957732891682,-1.2486250909603664
West Iredell High,Iredell-Statesville Schools,Iredell County,37097,Statesville,35.7931,-80.9915,26,24.0,35.0,16.0,27.0,25.6,23.701900918145057,27.420489139065747,3.7185882209206937,Stable,2,"Moderate Stress, Lower Housing",Health,0.8795655794868312,0,,26.0,24.0,35.0,16.0,27.0,-0.19464310522450376,-1.293823077397281
Gates County Senior High,Gates County Schools,Gates County,37073,Gatesville,36.445836,-76.70592500000001,28,28.0,28.0,17.0,,25.250000000000004,23.326496172932636,26.52411314355386,3.1976169706212225,Stable,2,"Moderate Stress, Lower Housing",Education,0.8804531501329712,1,Crime,28.0,28.0,28.0,17.0,34.5,-0.1373153635572434,-1.3829971686893179
South Caldwell High,Caldwell County Schools,Caldwell County,37027,Hudson,35.821400000000004,-81.4508,27,24.0,35.0,13.0,30.0,25.800000000000004,23.36990291132468,27.82617550167135,4.456272590346671,Stable,2,"Moderate Stress, Lower Housing",Health,0.8815070472147387,0,,27.0,24.0,35.0,13.0,30.0,-0.004840444485507742,-1.4880325623122712
Mount Airy High,Mount Airy City Schools,Surry County,37171,Mount Airy,36.5122,-80.6156,25,27.0,30.0,20.0,42.0,28.800000000000004,26.751128324979796,31.30714351999001,4.556015195010215,Stable,2,"Moderate Stress, Lower Housing",Education,0.8818102600597094,0,,25.0,27.0,30.0,20.0,42.0,-0.1280201336105354,-0.9583572201906585
Yadkin Early College,Yadkin County Schools,Yadkin County,37197,Yadkinville,36.147968,-80.67367300000001,24,24.0,32.0,18.0,24.0,24.4,23.06214837806403,25.820236199380822,2.7580878213167956,Stable,2,"Moderate Stress, Lower Housing",Education,0.8848749991594401,0,,24.0,24.0,32.0,18.0,24.0,-0.7322995876822785,-1.2365927158801249
Alexander Central High,Alexander County Schools,Alexander County,37003,Taylorsville,35.917,-81.1889,30,24.0,27.0,19.0,42.0,28.4,26.178563245941746,30.98656320148269,4.8079999555409465,Stable,2,"Moderate Stress, Lower Housing",Education,0.8939794760856392,0,,30.0,24.0,27.0,19.0,42.0,-0.17771687106234801,-0.8237516651063633
Alexander Early College,Alexander County Schools,Alexander County,37003,Taylorsville,35.910603,-81.181434,30,24.0,27.0,19.0,42.0,28.4,26.178563245941746,30.98656320148269,4.8079999555409465,Stable,2,"Moderate Stress, Lower Housing",Education,0.8939794760856392,0,,30.0,24.0,27.0,19.0,42.0,-0.17771687106234801,-0.8237516651063633
Stanly Early College High,Stanly County Schools,Stanly County,37167,Albemarle,35.339441,-80.23616200000001,26,22.0,35.0,21.0,32.0,27.200000000000003,25.5727573242121,28.87924647153033,3.3064891473182314,Stable,2,"Moderate Stress, Lower Housing",Health,0.8957623096684432,0,,26.0,22.0,35.0,21.0,32.0,-0.25561012369224123,-0.6571595292857645
Freedom High,Burke County Schools,Burke County,37023,Morganton,35.7449,-81.72,29,28.0,33.0,17.0,26.0,26.6,24.731754041115952,28.06197440833942,3.3302203672234683,Stable,2,"Moderate Stress, Lower Housing",Education,0.9147572650358883,0,,29.0,28.0,33.0,17.0,26.0,0.1716589814641339,-1.4493425951961096
East Rowan High,Rowan-Salisbury Schools,Rowan County,37159,Salisbury,35.5935,-80.4231,27,21.0,34.0,16.0,43.0,28.200000000000003,25.30488782722516,31.211787053342167,5.906899226117005,Moderately sensitive,2,"Moderate Stress, Lower Housing",Health,0.9225285482639544,0,,27.0,21.0,34.0,16.0,43.0,-0.007083679596568869,-0.841741842901837
Caldwell Applied Sciences Academy,Caldwell County Schools,Caldwell County,37027,Hudson,35.8555,-81.4852,26,24.0,35.0,23.0,30.0,27.6,26.364619657805424,29.0458310255248,2.6812113677193743,Stable,2,"Moderate Stress, Lower Housing",Health,0.934277607985064,0,,26.0,24.0,35.0,23.0,30.0,-0.167167590642943,-0.6404180893661698
Caldwell Early College,Caldwell County Schools,Caldwell County,37027,Hudson,35.857530000000004,-81.486721,26,24.0,35.0,23.0,30.0,27.6,26.364619657805424,29.0458310255248,2.6812113677193743,Stable,2,"Moderate Stress, Lower Housing",Health,0.934277607985064,0,,26.0,24.0,35.0,23.0,30.0,-0.167167590642943,-0.6404180893661698
Robert L. Patton High School,Burke County Schools,Burke County,37023,Morganton,35.7029,-81.67,29,28.0,32.0,14.0,26.0,25.800000000000004,23.542371114382263,27.382600647032955,3.840229532650689,Stable,2,"Moderate Stress, Lower Housing",Education,0.9437674900789925,0,,29.0,28.0,32.0,14.0,26.0,0.10490564695776088,-1.720056759081524
Jimmy C Draughn High School,Burke County Schools,Burke County,37023,Valdese,35.766685,-81.543673,29,28.0,32.0,14.0,26.0,25.800000000000004,23.542371114382263,27.382600647032955,3.840229532650689,Stable,2,"Moderate Stress, Lower Housing",Education,0.9437674900789925,0,,29.0,28.0,32.0,14.0,26.0,0.10490564695776088,-1.720056759081524
Central Davidson High,Davidson County Schools,Davidson County,37057,Lexington,35.7398,-80.22160000000001,28,28.0,33.0,16.0,25.0,26.000000000000004,24.04055565048263,27.57511594154485,3.5345602910622205,Stable,2,"Moderate Stress, Lower Housing",Education,0.9496454386338695,0,,28.0,28.0,33.0,16.0,25.0,0.06401775159653818,-1.56681790524038
Davidson County High School,Davidson County Schools,Davidson County,37057,Lexington,35.8171,-80.1887,28,28.0,33.0,16.0,25.0,26.000000000000004,24.04055565048263,27.57511594154485,3.5345602910622205,Stable,2,"Moderate Stress, Lower Housing",Education,0.9496454386338695,0,,28.0,28.0,33.0,16.0,25.0,0.06401775159653818,-1.56681790524038
Yadkin Valley Regional Career Academy,Davidson County Schools,Davidson County,37057,Lexington,35.8171,-80.1887,28,28.0,33.0,16.0,25.0,26.000000000000004,24.04055565048263,27.57511594154485,3.5345602910622205,Stable,2,"Moderate Stress, Lower Housing",Education,0.9496454386338695,0,,28.0,28.0,33.0,16.0,25.0,0.06401775159653818,-1.56681790524038
Forbush High,Yadkin County Schools,Yadkin County,37197,East Bend,36.143177,-80.556917,24,23.0,33.0,19.0,24.0,24.6,23.344198289235496,26.11530684784852,2.771108558613026,Stable,2,"Moderate Stress, Lower Housing",Health,0.9549054288305954,0,,24.0,23.0,33.0,19.0,24.0,-0.7287482431995919,-1.0770835315064164
North Stanly High,Stanly County Schools,Stanly County,37167,New London,35.4269,-80.2125,27,21.0,33.0,25.0,32.0,27.6,26.2117974140582,28.906619960078302,2.694822546020106,Stable,2,"Moderate Stress, Lower Housing",Health,0.9585540584024191,0,,27.0,21.0,33.0,25.0,32.0,-0.45205824410676704,-0.2604451579497819
Southwestern Randolph High School,Randolph County School System,Randolph County,37151,Asheboro,35.624705,-79.869737,26,26.0,35.0,14.0,29.0,26.0,23.727544089666676,27.92485320766591,4.197309117999236,Stable,2,"Moderate Stress, Lower Housing",Education,0.958999394890371,0,,26.0,26.0,35.0,14.0,29.0,0.028655633652044463,-1.555549018020822
North Rowan High,Rowan-Salisbury Schools,Rowan County,37159,Spencer,35.6974,-80.4297,30,22.0,35.0,18.0,43.0,29.6,26.853264092844203,32.38999513117808,5.53673103833388,Moderately sensitive,2,"Moderate Stress, Lower Housing",Health,0.9602300273948162,0,,30.0,22.0,35.0,18.0,43.0,0.4109531559758288,-0.6745762050591709
Albemarle High,Stanly County Schools,Stanly County,37167,Albemarle,35.371228,-80.193145,31,24.0,35.0,23.0,32.0,29.0,27.542934538173267,30.354771866404658,2.811837328231391,Stable,2,"Moderate Stress, Lower Housing",Health,0.9621482510467437,0,,31.0,24.0,35.0,23.0,32.0,0.3288297161556991,-0.5339954224882374
Statesville High,Iredell-Statesville Schools,Iredell County,37097,Statesville,35.7927,-80.892,25,27.0,33.0,14.0,27.0,25.200000000000003,23.08303264738403,26.96006835205496,3.8770357046709303,Stable,2,"Moderate Stress, Lower Housing",Education,0.9649196083207351,0,,25.0,27.0,33.0,14.0,27.0,-0.21247098257697392,-1.6887286218130457
Salisbury High,Rowan-Salisbury Schools,Rowan County,37159,Salisbury,35.6644,-80.4847,30,28.0,33.0,17.0,43.0,30.2,27.528730437065,32.78791643642657,5.25918599936157,Moderately sensitive,2,"Moderate Stress, Lower Housing",Education,0.9650026873992356,0,,30.0,28.0,33.0,17.0,43.0,0.7082250749574144,-1.1523535221666876
Riverside High,Durham Public Schools,Durham County,37063,Durham,36.06601,-78.94834,28,25.0,33.0,24.0,46.0,31.200000000000003,29.03504849627152,33.96996903124748,4.934920534975962,Stable,2,"Moderate Stress, Lower Housing",Crime,0.9693772273166424,0,,28.0,25.0,33.0,24.0,46.0,0.3245736228574732,-0.34449225959233976
Surry Central High,Surry County Schools,Surry County,37171,Dobson,36.3818,-80.7152,26,27.0,28.0,21.0,42.0,28.800000000000004,26.911641965880953,31.24086599955332,4.329224033672364,Stable,2,"Moderate Stress, Lower Housing",Education,0.9752599054301282,0,,26.0,27.0,28.0,21.0,42.0,-0.22443294410693648,-0.8815656310622013
Henderson High,Rowan-Salisbury Schools,Rowan County,37159,Salisbury,35.6768,-80.4565,31,25.0,35.0,20.0,43.0,30.8,28.374328244538237,33.29518894051307,4.920860695974834,Stable,2,"Moderate Stress, Lower Housing",Health,0.9901726687464255,0,,31.0,25.0,35.0,20.0,43.0,0.7186862883309969,-0.6712224254070767
Richlands High,Onslow County Schools,Onslow County,37133,Richlands,34.8921,-77.5442,26,19.0,30.0,18.0,30.0,24.6,22.95954021299176,26.107105223864497,3.147565010872736,Stable,2,"Moderate Stress, Lower Housing",Health,0.9921200963424268,0,,26.0,19.0,30.0,18.0,30.0,-0.9642774928709924,-0.8255027594748451
Providence Grove High School,Randolph County School System,Randolph County,37151,Climax,35.8502,-79.7136,27,27.0,35.0,14.0,29.0,26.4,24.062317063080712,28.29304317760627,4.230726114525556,Stable,2,"Moderate Stress, Lower Housing",Education,0.9953412199792174,0,,27.0,27.0,35.0,14.0,29.0,0.1952514580020646,-1.602154092704447
Agriculture And Science Early College,Iredell-Statesville Schools,Iredell County,37097,Olin,35.930408,-80.867739,24,26.0,34.0,20.0,27.0,26.200000000000003,24.878707877325343,27.663328121530785,2.784620244205442,Stable,2,"Moderate Stress, Lower Housing",Education,0.9990192651770182,0,,24.0,26.0,34.0,20.0,27.0,-0.3344134643572843,-1.1127327262124675
North Moore High,Moore County Schools,Moore County,37125,Robbins,35.467600000000004,-79.5537,29,27.0,28.0,22.0,25.0,26.200000000000003,25.36107607366572,26.914054203046827,1.5529781293811062,Stable,2,"Moderate Stress, Lower Housing",Education,1.0071061430425463,0,,29.0,27.0,28.0,22.0,25.0,-0.41372367610487076,-1.0337649497783308
Rutherford Early College High School,Rutherford County Schools,Rutherford County,37161,Spindale,35.33471,-81.913687,33,22.0,30.0,23.0,32.0,28.0,26.599836582079593,29.357266004218037,2.757429422138443,Stable,2,"Moderate Stress, Lower Housing",Economic,1.00735121920394,0,,33.0,22.0,30.0,23.0,32.0,-0.09398653928528682,-0.442408605420918
West Mecklenburg High School,Charlotte-Mecklenburg Schools,Mecklenburg County,37119,Charlotte,35.2474,-80.952168,29,25.0,31.0,28.0,33.0,29.200000000000003,28.33345542425076,30.020824524267415,1.6873691000166602,Stable,2,"Moderate Stress, Lower Housing",Education,1.0117085181272194,0,,29.0,25.0,31.0,28.0,33.0,-0.13645521678861358,-0.22493720713715476
Wilkes Early College High School,Wilkes County Schools,Wilkes County,37193,Wilkesboro,36.135958,-81.184403,26,26.0,34.0,25.0,39.0,30.0,28.423104460353013,31.81054523765693,3.387440777303919,Stable,2,"Moderate Stress, Lower Housing",Education,1.015574756333159,0,,26.0,26.0,34.0,25.0,39.0,0.12224287822049232,-0.45301837701176445
North Johnston High,Johnston County Public Schools,Johnston County,37101,Kenly,35.571,-78.1844,29,27.0,30.0,14.0,21.0,24.200000000000003,22.170542872875348,25.85857310580173,3.688030232926383,Stable,2,"Moderate Stress, Lower Housing",Education,1.021050165431263,0,,29.0,27.0,30.0,14.0,21.0,-0.28247326129939676,-1.7659291836536
South Davidson Middle And High,Davidson County Schools,Davidson County,37057,Denton,35.673300000000005,-80.1036,27,28.0,34.0,17.0,25.0,26.200000000000003,24.38450679006572,27.81539400955087,3.430887219485154,Stable,2,"Moderate Stress, Lower Housing",Education,1.0242761685536912,0,,27.0,28.0,34.0,17.0,25.0,0.056843907692127965,-1.4831958965350198
North Wilkes High School,Wilkes County Schools,Wilkes County,37193,Hays,36.2826,-81.09870000000001,28,28.0,32.0,25.0,39.0,30.4,29.07019825190627,32.03173765913769,2.9615394072314203,Stable,2,"Moderate Stress, Lower Housing",Education,1.027267123696811,0,,28.0,28.0,32.0,25.0,39.0,0.27772787403446064,-0.5703035400867654
Newton-Conover High,Newton Conover City Schools,Catawba County,37035,Newton,35.6777,-81.2242,24,27.0,30.0,12.0,33.0,25.200000000000003,22.70723104034632,27.18426788474075,4.47703684439443,Stable,2,"Moderate Stress, Lower Housing",Education,1.0279305856303684,0,,24.0,27.0,30.0,12.0,33.0,-0.39487381544931593,-1.812281054306352
Discovery High School,Newton Conover City Schools,Catawba County,37035,Newton,35.6796,-81.22237100000001,24,27.0,30.0,12.0,33.0,25.200000000000003,22.70723104034632,27.18426788474075,4.47703684439443,Stable,2,"Moderate Stress, Lower Housing",Education,1.0279305856303684,0,,24.0,27.0,30.0,12.0,33.0,-0.39487381544931593,-1.812281054306352
Mcdowell Academy For Innovation,Mcdowell County Schools,McDowell County,37111,Marion,35.656196,-81.96212700000001,31,26.0,30.0,18.0,49.0,30.8,27.84197743841373,34.21514885908991,6.373171420676179,Moderately sensitive,2,"Moderate Stress, Lower Housing",Crime,1.0327419911001354,0,,31.0,26.0,30.0,18.0,49.0,0.525172626922603,-0.8654549462917585
Mcdowell Virtual Academy,Mcdowell County Schools,McDowell County,37111,Marion,35.7003,-82.0403,31,26.0,30.0,18.0,49.0,30.8,27.84197743841373,34.21514885908991,6.373171420676179,Moderately sensitive,2,"Moderate Stress, Lower Housing",Crime,1.0327419911001354,0,,31.0,26.0,30.0,18.0,49.0,0.525172626922603,-0.8654549462917585
South Johnston High,Johnston County Public Schools,Johnston County,37101,Four Oaks,35.4097,-78.501,30,27.0,29.0,16.0,21.0,24.6,22.858344066157375,26.10956008057799,3.2512160144206135,Stable,2,"Moderate Stress, Lower Housing",Education,1.0467560700606742,0,,30.0,27.0,29.0,16.0,21.0,-0.2973994093316496,-1.5908745353274212
Rockingham Co Early College High,Rockingham County Schools,Rockingham County,37157,Wentworth,36.387854,-79.756941,33,26.0,32.0,17.0,45.0,30.6,27.74771930492151,33.460675763334486,5.712956458412972,Moderately sensitive,2,"Moderate Stress, Lower Housing",Economic,1.0544085319751548,0,,33.0,26.0,32.0,17.0,45.0,0.7821774066129803,-0.9647582127753807
John M Morehead High,Rockingham County Schools,Rockingham County,37157,Eden,36.5054,-79.7351,33,26.0,31.0,20.0,45.0,31.0,28.511332184734187,33.71860774446653,5.207275559732345,Moderately sensitive,2,"Moderate Stress, Lower Housing",Economic,1.058936497427955,0,,33.0,26.0,31.0,20.0,45.0,0.6712240882332813,-0.7181190625977171
R-S Central High School,Rutherford County Schools,Rutherford County,37161,Rutherfordton,35.402634,-81.967691,33,22.0,30.0,24.0,32.0,28.200000000000003,26.838687924612593,29.494850781177444,2.656162856564851,Stable,2,"Moderate Stress, Lower Housing",Economic,1.0589502959346524,0,,33.0,22.0,30.0,24.0,32.0,-0.1013532032641745,-0.35618305307707165
Maiden High,Catawba County Schools,Catawba County,37035,Maiden,35.579694,-81.224146,24,26.0,29.0,11.0,33.0,24.6,22.0138276600879,26.651390193011903,4.637562532924004,Stable,2,"Moderate Stress, Lower Housing",Education,1.06066315655975,0,,24.0,26.0,29.0,11.0,33.0,-0.554295795894926,-1.849297988328087
Pender High,Pender County Schools,Pender County,37141,Burgaw,34.5459,-78.0123,29,26.0,32.0,25.0,22.0,26.800000000000004,25.756689723872412,27.848878476363307,2.092188752490894,Stable,2,"Moderate Stress, Lower Housing",Education,1.0632242893829575,0,,29.0,26.0,32.0,25.0,22.0,-0.23738784268462615,-0.7155182617794912
Hickory High,Hickory City Schools,Catawba County,37035,Hickory,35.7496,-81.3321,31,21.0,27.0,14.0,33.0,25.2,22.96301528737981,27.215399118902965,4.252383831523154,Stable,2,"Moderate Stress, Lower Housing",Economic,1.0700574134312635,0,,31.0,21.0,27.0,14.0,33.0,-0.5231554860450595,-1.2059783656778347
Bunn High,Franklin County Schools,Franklin County,37069,Bunn,35.9547,-78.2493,25,28.0,34.0,15.0,40.0,28.4,25.716624967112796,30.94633749676334,5.229712529650545,Moderately sensitive,2,"Moderate Stress, Lower Housing",Education,1.0755359901164918,0,,25.0,28.0,34.0,15.0,40.0,0.28946703508165866,-1.4357984940864996
Smithfield-Selma High,Johnston County Public Schools,Johnston County,37101,Smithfield,35.529888,-78.323913,31,25.0,32.0,12.0,21.0,24.200000000000003,21.78182975821203,26.208242251781975,4.426412493569945,Stable,2,"Moderate Stress, Lower Housing",Education,1.0791041113564102,0,,31.0,25.0,32.0,12.0,21.0,-0.06858290368135576,-1.7625309232968456
Dalton Mcmichael High,Rockingham County Schools,Rockingham County,37157,Mayodan,36.417,-79.9426,33,26.0,33.0,16.0,45.0,30.6,27.588270888495007,33.535529037959975,5.947258149464968,Moderately sensitive,2,"Moderate Stress, Lower Housing",Economic,1.1058458346022002,0,,33.0,26.0,33.0,16.0,45.0,0.8783973970349038,-1.0389462582653513
Uwharrie Ridge Six-Twelve,Randolph County School System,Randolph County,37151,Trinity,35.718,-79.9911,23,24.0,30.0,11.0,29.0,23.4,21.07480392470817,25.200739325976837,4.125935401268666,Stable,2,"Moderate Stress, Lower Housing",Education,1.1062346707116213,0,,23.0,24.0,30.0,11.0,29.0,-0.8153631616950708,-1.7958441104468492
Fred T Foard High,Catawba County Schools,Catawba County,37035,Newton,35.6175,-81.3711,30,23.0,26.0,12.0,33.0,24.8,22.32656889486252,26.855090559358317,4.528521664495795,Stable,2,"Moderate Stress, Lower Housing",Economic,1.1140724102077055,0,,30.0,23.0,26.0,12.0,33.0,-0.5300653549359553,-1.5276002780637374
Reidsville High,Rockingham County Schools,Rockingham County,37157,Reidsville,36.330535000000005,-79.675568,34,24.0,31.0,16.0,45.0,30.000000000000004,26.998333440649084,33.031925336714394,6.03359189606531,Moderately sensitive,2,"Moderate Stress, Lower Housing",Economic,1.1236181669661502,0,,34.0,24.0,31.0,16.0,45.0,0.6334806145544674,-0.9258879711287675
Pender Early College High,Pender County Schools,Pender County,37141,Burgaw,34.5437,-77.92280000000001,26,20.0,32.0,22.0,22.0,24.4,23.2457740621338,25.82294598353406,2.5771719214002573,Stable,2,"Moderate Stress, Lower Housing",Health,1.1335253515288193,0,,26.0,20.0,32.0,22.0,22.0,-0.9488812777424084,-0.6506413192321949
Eastern Randolph High School,Randolph County School System,Randolph County,37151,Ramseur,35.7555,-79.6175,29,28.0,36.0,17.0,29.0,27.8,25.75075833877349,29.53256681972081,3.781808480947315,Stable,2,"Moderate Stress, Lower Housing",Education,1.1478079472174165,0,,29.0,28.0,36.0,17.0,29.0,0.5172611232270161,-1.3634039530102964
Mcdowell High School,Mcdowell County Schools,McDowell County,37111,Marion,35.696400000000004,-82.0367,28,24.0,29.0,25.0,49.0,31.0,28.733011902921056,34.280728752810205,5.547716849889149,Moderately sensitive,2,"Moderate Stress, Lower Housing",Crime,1.1492182095629473,0,,28.0,24.0,29.0,25.0,49.0,-0.037099502441245436,-0.19534448786382122
Mcdowell Early College,Mcdowell County Schools,McDowell County,37111,Marion,35.656196,-81.96212700000001,28,24.0,29.0,25.0,49.0,31.0,28.733011902921056,34.280728752810205,5.547716849889149,Moderately sensitive,2,"Moderate Stress, Lower Housing",Crime,1.1492182095629473,0,,28.0,24.0,29.0,25.0,49.0,-0.037099502441245436,-0.19534448786382122
Davie County High,Davie County Schools,Davie County,37059,Mocksville,35.971751000000005,-80.535951,23,20.0,30.0,14.0,34.0,24.200000000000003,22.00403053151839,26.35667883641227,4.352648304893883,Stable,2,"Moderate Stress, Lower Housing",Crime,1.1509701949775304,0,,23.0,20.0,30.0,14.0,34.0,-1.0174674881679564,-1.2091394166710518
Davie County Early College High,Davie County Schools,Davie County,37059,Mocksville,35.8709,-80.55550000000001,23,20.0,30.0,14.0,34.0,24.200000000000003,22.00403053151839,26.35667883641227,4.352648304893883,Stable,2,"Moderate Stress, Lower Housing",Crime,1.1509701949775304,0,,23.0,20.0,30.0,14.0,34.0,-1.0174674881679564,-1.2091394166710518
Butler High School,Charlotte-Mecklenburg Schools,Mecklenburg County,37119,Matthews,35.1203,-80.69160000000001,30,25.0,30.0,29.0,33.0,29.4,28.548170271244025,30.14833881376362,1.6001685425195935,Stable,2,"Moderate Stress, Lower Housing",Education,1.1531588534116164,0,,30.0,25.0,30.0,29.0,33.0,-0.14401470084197873,-0.1361081111548223
Franklinton High,Franklin County Schools,Franklin County,37069,Franklinton,36.07064,-78.436356,25,20.0,30.0,11.0,40.0,25.2,22.212305046129387,28.210492203566567,5.9981871574371795,Moderately sensitive,2,"Moderate Stress, Lower Housing",Crime,1.1567696248948696,0,,25.0,20.0,30.0,11.0,40.0,-0.6599621586266273,-1.3388817294694935
North Stokes High School,Stokes County Schools,Stokes County,37169,Danbury,36.4643,-80.2799,30,23.0,25.0,16.0,29.0,24.6,22.943023647413252,26.035636015213335,3.0926123678000828,Stable,2,"Moderate Stress, Lower Housing",Economic,1.1680066338882502,0,,30.0,23.0,25.0,16.0,29.0,-0.7537748872062412,-1.2611704043744774
Lexington Senior High School,Lexington City Schools,Davidson County,37057,Lexington,35.8333,-80.2483,31,29.0,33.0,16.0,25.0,26.8,24.7044127124849,28.40020246445472,3.6957897519698193,Stable,2,"Moderate Stress, Lower Housing",Education,1.1742365264504637,0,,31.0,29.0,33.0,16.0,25.0,0.4079345886836752,-1.584140878939282
Edgewood Cmty Developmental,Wayne County Public Schools,Wayne County,37191,Goldsboro,35.3776,-77.8809,31,22.0,32.0,18.0,52.0,31.000000000000004,27.675870897063675,34.97161544940283,7.295744552339158,Moderately sensitive,2,"Moderate Stress, Lower Housing",Crime,1.1764068237131766,0,,31.0,22.0,32.0,18.0,52.0,0.470180170316603,-0.5465693102558742
Wayne School Of Engineering,Wayne County Public Schools,Wayne County,37191,Goldsboro,35.3891,-77.9822,31,22.0,32.0,18.0,52.0,31.000000000000004,27.675870897063675,34.97161544940283,7.295744552339158,Moderately sensitive,2,"Moderate Stress, Lower Housing",Crime,1.1764068237131766,0,,31.0,22.0,32.0,18.0,52.0,0.470180170316603,-0.5465693102558742
East Wilkes High School,Wilkes County Schools,Wilkes County,37193,Ronda,36.2264,-80.9276,26,29.0,35.0,19.0,39.0,29.6,27.413916137418948,31.722343265496043,4.308427128077096,Stable,2,"Moderate Stress, Lower Housing",Education,1.183913301148934,0,,26.0,29.0,35.0,19.0,39.0,0.4891021424812392,-1.1420725597489265
Research Triangle High School,Research Triangle High School,Durham County,37063,Durham,35.895066,-78.874387,26,,32.0,,46.0,34.666666666666664,31.787727805019312,38.128340924469065,6.340613119449753,Moderately sensitive,2,"Moderate Stress, Lower Housing",Crime,1.1851878080477836,2,"Education, Housing",26.0,23.0,32.0,27.0,46.0,-0.119571344222266,-0.00464296004742608
J. F. Webb High,Granville County Schools,Granville County,37077,Oxford,36.33791,-78.59716300000001,30,22.0,26.0,20.0,45.0,28.6,26.218140032014094,31.68599034091261,5.467850308898512,Moderately sensitive,2,"Moderate Stress, Lower Housing",Crime,1.1894689639671174,0,,30.0,22.0,26.0,20.0,45.0,-0.3507653350134204,-0.5772452476402321
Rosman High,Transylvania County Schools,Transylvania County,37175,Rosman,35.1433,-82.82050000000001,26,,35.0,,30.0,30.333333333333332,28.9723460841878,31.793434204879777,2.8210881206919787,Stable,2,"Moderate Stress, Lower Housing",Health,1.203035343056591,2,"Education, Housing",26.0,23.0,35.0,27.0,30.0,-0.2745695645399554,-0.23426975481479803
North Surry High,Surry County Schools,Surry County,37171,Mount Airy,36.5052,-80.6733,25,27.0,27.0,23.0,42.0,28.8,27.12376952404813,31.20557600882417,4.081806484776042,Stable,2,"Moderate Stress, Lower Housing",Education,1.2048264004330167,0,,25.0,27.0,27.0,23.0,42.0,-0.4166801048763063,-0.7357930837207457
Pisgah High,Haywood County Schools,Haywood County,37087,Canton,35.5215,-82.8416,27,19.0,32.0,25.0,27.0,26.0,24.643176546690142,27.236900228507896,2.5937236818177496,Stable,2,"Moderate Stress, Lower Housing",Health,1.2187287174106007,0,,27.0,19.0,32.0,25.0,27.0,-0.8285191439023504,-0.23303395049199596
New Bern High,Craven County Schools,Craven County,37049,New Bern,35.100500000000004,-77.1155,29,20.0,29.0,16.0,50.0,28.8,25.52334198699575,32.79417285333574,7.270830866339988,Moderately sensitive,2,"Moderate Stress, Lower Housing",Crime,1.2230246422133402,0,,29.0,20.0,29.0,16.0,50.0,-0.1675329047106194,-0.6951402005540676
John A Holmes High,Edenton-Chowan Schools,Chowan County,37041,Edenton,36.066716,-76.604929,33,24.0,28.0,25.0,41.0,30.200000000000003,28.46512407098833,32.2731074883424,3.807983417354066,Stable,2,"Moderate Stress, Lower Housing",Economic,1.225840301266336,0,,33.0,24.0,28.0,25.0,41.0,0.1065706031351126,-0.2670463999203879
North Iredell High,Iredell-Statesville Schools,Iredell County,37097,Olin,35.93,-80.8687,28,27.0,37.0,16.0,27.0,27.000000000000004,24.811128876617964,28.98397394913843,4.172845072520467,Stable,2,"Moderate Stress, Lower Housing",Health,1.2330154798032755,0,,28.0,27.0,37.0,16.0,27.0,0.3941905143430699,-1.4242043382327672
East Henderson High,Henderson County Schools,Henderson County,37089,East Flat Rock,35.297416,-82.423482,26,23.0,27.0,21.0,18.0,23.0,21.940274931306018,23.93246350121187,1.9921885699058564,Stable,2,"Moderate Stress, Lower Housing",Education,1.265636772587628,0,,26.0,23.0,27.0,21.0,18.0,-1.2573648419460148,-1.0472276102056275
Mayland Early College,Mitchell County Schools,Avery County,37011,Spruce Pine,35.934400000000004,-82.01683,27,24.0,26.0,27.0,36.0,28.0,26.93989752300497,29.471923982801783,2.532026459796814,Stable,2,"Moderate Stress, Lower Housing",Education,1.2686607938700112,0,,27.0,24.0,26.0,27.0,36.0,-0.7495693533097099,-0.2895601479349273
Havelock High,Craven County Schools,Craven County,37049,Havelock,34.8805,-76.8936,28,19.0,32.0,17.0,50.0,29.2,25.863182749535767,33.204501663907905,7.341318914372138,Moderately sensitive,2,"Moderate Stress, Lower Housing",Crime,1.2727497399632384,0,,28.0,19.0,32.0,17.0,50.0,-0.07493541371041937,-0.5261970529649701
Southern Lee High School,Lee County Schools,Lee County,37105,Sanford,35.4349,-79.1855,32,28.0,33.0,13.0,46.0,30.4,26.95120064240865,33.58464576777939,6.633445125370741,Moderately sensitive,2,"Moderate Stress, Lower Housing",Education,1.2796575540035433,0,,32.0,28.0,33.0,13.0,46.0,0.9940549060438565,-1.4181475089331625
Eastern Wayne High,Wayne County Public Schools,Wayne County,37191,Goldsboro,35.3776,-77.8809,31,21.0,33.0,16.0,52.0,30.6,26.983056341571864,34.70679643546376,7.7237400938918945,Moderately sensitive,2,"Moderate Stress, Lower Housing",Crime,1.2879243468721915,0,,31.0,21.0,33.0,16.0,52.0,0.49583150673595267,-0.6457367829137047
Enloe High,Wake County Schools,Wake County,37183,Raleigh,35.784800000000004,-78.60470000000001,31,26.0,34.0,23.0,18.0,26.4,24.60436278801008,28.04905546829474,3.444692680284657,Stable,2,"Moderate Stress, Lower Housing",Education,1.2978102472661261,0,,31.0,26.0,34.0,23.0,18.0,0.026983600984638857,-0.9010470806069593
Rockingham County High,Rockingham County Schools,Rockingham County,37157,Reidsville,36.3859,-79.7407,35,25.0,33.0,16.0,45.0,30.8,27.734026689505775,33.79056691869919,6.056540229193416,Moderately sensitive,2,"Moderate Stress, Lower Housing",Economic,1.3084703603717875,0,,35.0,25.0,33.0,16.0,45.0,0.9777830917905592,-0.9484180321046418
Central Wake High School,Central Wake Charter High School,Wake County,37183,Raleigh,35.761877,-78.61263,29,26.0,33.0,26.0,18.0,26.4,24.73871258251376,27.77650971674475,3.037797134230992,Stable,2,"Moderate Stress, Lower Housing",Education,1.3159451743741701,0,,29.0,26.0,33.0,26.0,18.0,-0.2612907301321772,-0.683690031414019
Phillips High,Wake County Schools,Wake County,37183,Raleigh,35.7883,-78.61630000000001,29,26.0,33.0,26.0,18.0,26.4,24.73871258251376,27.77650971674475,3.037797134230992,Stable,2,"Moderate Stress, Lower Housing",Education,1.3159451743741701,0,,29.0,26.0,33.0,26.0,18.0,-0.2612907301321772,-0.683690031414019
Longview,Wake County Schools,Wake County,37183,Raleigh,35.7857,-78.6098,29,26.0,33.0,26.0,18.0,26.4,24.73871258251376,27.77650971674475,3.037797134230992,Stable,2,"Moderate Stress, Lower Housing",Education,1.3159451743741701,0,,29.0,26.0,33.0,26.0,18.0,-0.2612907301321772,-0.683690031414019
Asheboro High,Asheboro City Schools,Randolph County,37151,Asheboro,35.6893,-79.8184,26,29.0,35.0,12.0,29.0,26.200000000000003,23.529547005647675,28.290158440866715,4.76061143521904,Stable,2,"Moderate Stress, Lower Housing",Education,1.3194790337137896,0,,26.0,29.0,35.0,12.0,29.0,0.2771949155542047,-1.9117384982364745
Western Harnett High,Harnett County Schools,Harnett County,37085,Lillington,35.336,-78.9811,34,20.0,34.0,14.0,33.0,27.000000000000004,24.3293094635697,29.38885796488789,5.05954850131819,Moderately sensitive,2,"Moderate Stress, Lower Housing",Economic,1.3252082198356676,0,,34.0,20.0,34.0,14.0,33.0,0.2868640001804061,-1.0165465410476358
The Coast,Brunswick County Schools,Brunswick County,37019,Bolivia,34.038146000000005,-78.238724,23,20.0,32.0,16.0,21.0,22.4,20.94536086318752,24.13369739449039,3.1883365313028733,Stable,2,"Moderate Stress, Lower Housing",Health,1.3324417714369323,0,,23.0,20.0,32.0,16.0,21.0,-1.1970102004526826,-1.2285264919804195
West Stanly High,Stanly County Schools,Stanly County,37167,Oakboro,35.2678,-80.3468,26,21.0,37.0,12.0,32.0,25.6,22.83136188259789,28.08623130528883,5.254869422690941,Moderately sensitive,2,"Moderate Stress, Lower Housing",Health,1.3378210523508054,0,,26.0,21.0,37.0,12.0,32.0,-0.08953881297764191,-1.3478683614966438
Star Academy,Harnett County Schools,Harnett County,37085,Lillington,35.3987,-78.8227,34,19.0,32.0,14.0,33.0,26.4,23.773234700353296,28.771158297839648,4.997923597486352,Stable,2,"Moderate Stress, Lower Housing",Economic,1.3438555413793078,0,,34.0,19.0,32.0,14.0,33.0,0.03122202931287261,-0.9793754295794
Granville Early College High,Granville County Schools,Granville County,37077,Creedmoor,36.141006,-78.720209,33,25.0,27.0,12.0,45.0,28.4,25.032479151668213,31.784983943466017,6.752504791797804,Moderately sensitive,2,"Moderate Stress, Lower Housing",Economic,1.352405832225343,0,,33.0,25.0,27.0,12.0,45.0,0.2968087763107774,-1.394827383588002
South Granville High,Granville County Schools,Granville County,37077,Creedmoor,36.122887,-78.674378,33,25.0,27.0,12.0,45.0,28.4,25.032479151668213,31.784983943466017,6.752504791797804,Moderately sensitive,2,"Moderate Stress, Lower Housing",Economic,1.352405832225343,0,,33.0,25.0,27.0,12.0,45.0,0.2968087763107774,-1.394827383588002
Polk County High School,Polk County Schools,Polk County,37149,Columbus,35.2656,-82.18520000000001,29,21.0,25.0,24.0,39.0,27.6,25.92246772410089,29.71865236129749,3.7961846371966,Stable,2,"Moderate Stress, Lower Housing",Crime,1.3594314451078726,0,,29.0,21.0,25.0,24.0,39.0,-0.7937654665895763,-0.29742771368347143
Polk County Early College,Polk County Schools,Polk County,37149,Columbus,35.263799,-82.183293,29,21.0,25.0,24.0,39.0,27.6,25.92246772410089,29.71865236129749,3.7961846371966,Stable,2,"Moderate Stress, Lower Housing",Crime,1.3594314451078726,0,,29.0,21.0,25.0,24.0,39.0,-0.7937654665895763,-0.29742771368347143
J D Clement Early College High School,Durham Public Schools,Durham County,37063,Durham,35.9747,-78.90090000000001,26,20.0,31.0,27.0,46.0,30.0,27.58571372883507,33.011946692835565,5.426232964000494,Moderately sensitive,2,"Moderate Stress, Lower Housing",Crime,1.359445349221004,0,,26.0,20.0,31.0,27.0,46.0,-0.44223062460968676,0.1670579086266584
Middle College Hs @ Dtcc,Durham Public Schools,Durham County,37063,Durham,35.9752,-78.881,26,20.0,31.0,27.0,46.0,30.0,27.58571372883507,33.011946692835565,5.426232964000494,Moderately sensitive,2,"Moderate Stress, Lower Housing",Crime,1.359445349221004,0,,26.0,20.0,31.0,27.0,46.0,-0.44223062460968676,0.1670579086266584
Durham School Of Technology,Durham Public Schools,Durham County,37063,Durham,35.952600000000004,-78.9036,26,20.0,31.0,27.0,46.0,30.0,27.58571372883507,33.011946692835565,5.426232964000494,Moderately sensitive,2,"Moderate Stress, Lower Housing",Crime,1.359445349221004,0,,26.0,20.0,31.0,27.0,46.0,-0.44223062460968676,0.1670579086266584
City Of Medicine Academy,Durham Public Schools,Durham County,37063,Durham,36.038276,-78.902387,26,20.0,31.0,27.0,46.0,30.0,27.58571372883507,33.011946692835565,5.426232964000494,Moderately sensitive,2,"Moderate Stress, Lower Housing",Crime,1.359445349221004,0,,26.0,20.0,31.0,27.0,46.0,-0.44223062460968676,0.1670579086266584
Charles B Aycock High,Wayne County Public Schools,Wayne County,37191,Pikeville,35.509100000000004,-77.98010000000001,31,21.0,34.0,15.0,52.0,30.6,26.83716672075292,34.76028525426036,7.923118533507441,Moderately sensitive,2,"Moderate Stress, Lower Housing",Crime,1.359795593561988,0,,31.0,21.0,34.0,15.0,52.0,0.5920514971578763,-0.7199248284036757
West Caldwell High,Caldwell County Schools,Caldwell County,37027,Lenoir,35.8868,-81.5918,27,26.0,34.0,30.0,30.0,29.40000000000001,28.59852976227911,30.31379250924787,1.7152627469687616,Stable,2,"Moderate Stress, Lower Housing",Education,1.3612919316091727,0,,27.0,26.0,34.0,30.0,30.0,-0.06305642260671099,-0.1567279296727328
Lincolnton High,Lincoln County Schools,Lincoln County,37109,Lincolnton,35.47947,-81.260091,23,25.0,28.0,11.0,22.0,21.8,19.72690707703898,23.31030636380875,3.583399286769769,Stable,2,"Moderate Stress, Lower Housing",Education,1.3799012301024733,0,,23.0,25.0,28.0,11.0,22.0,-1.099566208945155,-1.9974261997870235
West Lincoln High,Lincoln County Schools,Lincoln County,37109,Lincolnton,35.4852,-81.3897,23,25.0,28.0,11.0,22.0,21.8,19.72690707703898,23.31030636380875,3.583399286769769,Stable,2,"Moderate Stress, Lower Housing",Education,1.3799012301024733,0,,23.0,25.0,28.0,11.0,22.0,-1.099566208945155,-1.9974261997870235
Asbury Academy,Lincoln County Schools,Lincoln County,37109,Lincolnton,35.478229,-81.207864,23,25.0,28.0,11.0,22.0,21.8,19.72690707703898,23.31030636380875,3.583399286769769,Stable,2,"Moderate Stress, Lower Housing",Education,1.3799012301024733,0,,23.0,25.0,28.0,11.0,22.0,-1.099566208945155,-1.9974261997870235
North Lincoln High,Lincoln County Schools,Lincoln County,37109,Lincolnton,35.5336,-81.11970000000001,23,25.0,28.0,11.0,22.0,21.8,19.72690707703898,23.31030636380875,3.583399286769769,Stable,2,"Moderate Stress, Lower Housing",Education,1.3799012301024733,0,,23.0,25.0,28.0,11.0,22.0,-1.099566208945155,-1.9974261997870235
Corinth Holders High,Johnston County Public Schools,Johnston County,37101,Wendell,35.7256,-78.3391,29,20.0,34.0,10.0,21.0,22.8,20.19851022513709,25.204138717337,5.005628492199911,Moderately sensitive,2,"Moderate Stress, Lower Housing",Health,1.394444085517628,0,,29.0,20.0,34.0,10.0,21.0,-0.44314052548193367,-1.6339584893815773
Rocky River High School,Charlotte-Mecklenburg Schools,Mecklenburg County,37119,Mint Hill,35.214252,-80.640044,29,29.0,31.0,29.0,33.0,30.200000000000003,29.758741625318805,30.741423647249217,0.9826820219304082,Stable,2,"Moderate Stress, Lower Housing",Education,1.3958438040634733,0,,29.0,29.0,31.0,29.0,33.0,0.1679193911583452,-0.3836961554972549
Swansboro High,Onslow County Schools,Onslow County,37133,Swansboro,34.6982,-77.15440000000001,28,19.0,25.0,17.0,30.0,23.8,22.258280110747044,25.29418525284573,3.0359051420986845,Stable,2,"Moderate Stress, Lower Housing",Economic,1.4016587819615889,0,,28.0,19.0,25.0,17.0,30.0,-1.2238564483701675,-0.9426337451033453
Granville Central High,Granville County Schools,Granville County,37077,Stem,36.213412,-78.687071,27,23.0,25.0,11.0,45.0,26.200000000000003,22.89806541906517,29.80671128833036,6.908645869265193,Moderately sensitive,2,"Moderate Stress, Lower Housing",Crime,1.4190448813282903,0,,27.0,23.0,25.0,11.0,45.0,-0.5613648867706811,-1.4704820022417953
Parkwood High,Union County Public Schools,Union County,37179,Monroe,34.902,-80.6314,26,22.0,29.0,10.0,16.0,20.6,18.378981605923776,22.523603263122244,4.144621657198467,Stable,2,"Moderate Stress, Lower Housing",Education,1.4337300818987322,0,,26.0,22.0,29.0,10.0,16.0,-1.1292549782294898,-1.943604961520324
West Johnston High,Johnston County Public Schools,Johnston County,37101,Benson,35.523,-78.5372,25,22.0,31.0,7.0,21.0,21.200000000000003,18.443693131218417,23.372419264307993,4.9287261330895795,Stable,2,"Moderate Stress, Lower Housing",Education,1.440853367567634,0,,25.0,22.0,31.0,7.0,21.0,-0.8863719023856891,-2.109804119296162
Apprentice Academy High School,Apprentice Academy Hs Of Nc,Union County,37179,Monroe,35.017668,-80.58435300000001,25,26.0,30.0,10.0,16.0,21.4,19.049815833225853,23.478504593465413,4.4286887602395595,Stable,2,"Moderate Stress, Lower Housing",Education,1.4408957358059056,0,,25.0,26.0,30.0,10.0,16.0,-0.8173208862291658,-2.1911930058627567
North Davidson High,Davidson County Schools,Davidson County,37057,Lexington,35.924225,-80.246106,27,21.0,36.0,8.0,25.0,23.4,20.38744470283325,26.03076486334381,5.643320160510562,Moderately sensitive,2,"Moderate Stress, Lower Housing",Health,1.501096120427206,0,,27.0,21.0,36.0,8.0,25.0,-0.2446966894820424,-1.8064279776899794
West Davidson High,Davidson County Schools,Davidson County,37057,Lexington,35.8037,-80.3656,27,21.0,36.0,8.0,25.0,23.4,20.38744470283325,26.03076486334381,5.643320160510562,Moderately sensitive,2,"Moderate Stress, Lower Housing",Health,1.501096120427206,0,,27.0,21.0,36.0,8.0,25.0,-0.2446966894820424,-1.8064279776899794
Hallyburton Academy,Burke County Schools,Burke County,37023,Drexel,35.755215,-81.603981,22,23.0,25.0,17.0,26.0,22.6,21.535047561290256,23.470202481147304,1.935154919857048,Stable,2,"Moderate Stress, Lower Housing",Education,1.5161455248670328,0,,22.0,23.0,25.0,17.0,26.0,-1.5494677645673713,-1.3418993775937105
Piedmont High,Union County Public Schools,Union County,37179,Monroe,35.0954,-80.4915,24,23.0,30.0,9.0,16.0,20.4,18.077390948711084,22.500913377378453,4.423522428667368,Stable,2,"Moderate Stress, Lower Housing",Education,1.5266809786096962,0,,24.0,23.0,30.0,9.0,16.0,-1.1324206825632215,-2.108321233171005
Southeast Raleigh High,Wake County Schools,Wake County,37183,Raleigh,35.7456,-78.604,27,28.0,31.0,28.0,18.0,26.4,24.86474260769286,27.52467437296319,2.659931765270329,Stable,2,"Moderate Stress, Lower Housing",Education,1.5305496617796048,0,,27.0,28.0,31.0,28.0,18.0,-0.47518108775021817,-0.6870882917707735
Perquimans County High,Perquimans County Schools,Perquimans County,37143,Hertford,36.18413,-76.474249,28,22.0,26.0,19.0,56.0,30.200000000000003,26.857473323883216,34.92834718657538,8.070873862692164,Highly sensitive,2,"Moderate Stress, Lower Housing",Crime,1.5693380719814765,0,,28.0,22.0,26.0,19.0,56.0,-0.23089842151447662,-0.5100571216801152
Thomasville High,Thomasville City Schools,Davidson County,37057,Thomasville,35.9003,-80.0761,31,31.0,34.0,11.0,25.0,26.4,23.442544325482483,28.54732130177204,5.104776976289557,Moderately sensitive,2,"Moderate Stress, Lower Housing",Education,1.634802103976982,0,,31.0,31.0,34.0,11.0,25.0,0.6894918709840729,-2.125723384156611
Mitchell High,Mitchell County Schools,Mitchell County,37121,Bakersville,35.9709,-82.1174,28,24.0,24.0,27.0,45.0,29.6,27.69576005044869,32.374567988719974,4.678807938271284,Stable,2,"Moderate Stress, Lower Housing",Crime,1.6367381678630022,0,,28.0,24.0,24.0,27.0,45.0,-0.6014890125258998,-0.1495157462777551
Johnston County Schools Career Technical,Johnston County Public Schools,Johnston County,37101,Smithfield,35.501959,-78.33100900000001,31,30.0,26.0,20.0,21.0,25.6,24.222554592925743,26.960814210752353,2.7382596178266105,Stable,2,"Moderate Stress, Lower Housing",Education,1.6389122234851043,0,,31.0,30.0,26.0,20.0,21.0,-0.27095958426336486,-1.4511821715492605
Choice Plus Academy,Johnston County Public Schools,Johnston County,37101,Smithfield,35.505088,-78.350452,31,30.0,26.0,20.0,21.0,25.6,24.222554592925743,26.960814210752353,2.7382596178266105,Stable,2,"Moderate Stress, Lower Housing",Education,1.6389122234851043,0,,31.0,30.0,26.0,20.0,21.0,-0.27095958426336486,-1.4511821715492605
J W Turlington School,Hoke County Schools,Hoke County,37093,Raeford,34.984700000000004,-79.226,33,28.0,32.0,19.0,57.0,33.800000000000004,30.27509111402352,38.14003966804443,7.864948554020909,Moderately sensitive,2,"Moderate Stress, Lower Housing",Crime,1.6694858796474332,0,,33.0,28.0,32.0,19.0,57.0,1.2394833643532261,-0.7154948719429126
Grimsley High,Guilford County Schools,Guilford County,37081,Greensboro,36.08298,-79.814564,30,21.0,40.0,19.0,42.0,30.4,27.50356557749725,33.250823802651134,5.747258225153885,Moderately sensitive,2,"Moderate Stress, Lower Housing",Health,1.7200558969926918,0,,30.0,21.0,40.0,19.0,42.0,0.7435704187527344,-0.4835257004780235
Julius L. Chambers High School,Charlotte-Mecklenburg Schools,Mecklenburg County,37119,Charlotte,35.3004,-80.7692,27,30.0,31.0,32.0,33.0,30.6,29.900335459965,31.193408173589564,1.2930727136245643,Stable,2,"Moderate Stress, Lower Housing",Education,1.7359481644072319,0,,27.0,30.0,31.0,32.0,33.0,0.046433704466026744,-0.21554772462642574
Ascend Leadership Academy: Lee County,Ascend Leadership Academy: Lee County,Lee County,37105,Sanford,35.43443,-79.12535,37,26.0,34.0,12.0,46.0,31.000000000000004,27.24697024382199,34.3602636705469,7.113293426724908,Moderately sensitive,2,"Moderate Stress, Lower Housing",Economic,1.75831478750665,0,,37.0,26.0,34.0,12.0,46.0,1.3777067923456496,-1.2966380516093525
Rosewood High,Wayne County Public Schools,Wayne County,37191,Goldsboro,35.4156,-78.07520000000001,35,23.0,36.0,14.0,52.0,32.0,28.037502488275365,36.082297742239945,8.04479525396458,Highly sensitive,2,"Moderate Stress, Lower Housing",Economic,1.758520470991734,0,,35.0,23.0,36.0,14.0,52.0,1.287637475459993,-0.8460034154222982
Jackson Community School,Jackson County Public Schools,Jackson County,37099,Sylva,35.4041,-83.16380000000001,35,19.0,31.0,28.0,24.0,27.4,25.624405246105702,29.02155663106819,3.3971513849624877,Stable,2,"Moderate Stress, Lower Housing",Economic,1.8052130684859058,0,,35.0,19.0,31.0,28.0,24.0,-0.3092305737673558,0.08090748200037284
Monroe High,Union County Public Schools,Union County,37179,Monroe,34.9727,-80.52640000000001,25,31.0,28.0,12.0,16.0,22.4,20.148104750417108,24.57456633918983,4.426461588772721,Stable,2,"Moderate Stress, Lower Housing",Education,1.8512529798568096,0,,25.0,31.0,28.0,12.0,16.0,-0.6200842771657049,-2.349047540762748
Cleveland High,Johnston County Public Schools,Johnston County,37101,Clayton,35.5533,-78.4995,23,19.0,29.0,6.0,21.0,19.6,17.017221040076915,21.69383019556613,4.6766091554892135,Stable,2,"Moderate Stress, Lower Housing",Health,1.865638764318315,0,,23.0,19.0,29.0,6.0,21.0,-1.4678388579743753,-2.065648410804522
Porter Ridge High School,Union County Public Schools,Union County,37179,Indian Trail,35.0906,-80.57390000000001,23,19.0,30.0,8.0,16.0,19.200000000000003,16.905946899390546,21.385317103638364,4.479370204247818,Stable,2,"Moderate Stress, Lower Housing",Health,1.8661167146067383,0,,23.0,19.0,30.0,8.0,16.0,-1.5254557968787388,-1.964203335303266
Pasquotank County High,Elizabeth City-Pasquotank Public Schools,Pasquotank County,37139,Elizabeth City,36.3655,-76.2735,26,20.0,31.0,17.0,64.0,31.6,27.24243741189666,37.56723119249076,10.3247937805941,Highly sensitive,2,"Moderate Stress, Lower Housing",Crime,1.8718863615968053,0,,26.0,20.0,31.0,17.0,64.0,0.10568898978183687,-0.39624088506668176
Forest Hills High,Union County Public Schools,Union County,37179,Marshville,34.9793,-80.4133,25,32.0,29.0,13.0,16.0,23.0,20.757827116868885,25.247143797350788,4.4893166804819025,Stable,2,"Moderate Stress, Lower Housing",Education,1.9036006821764824,0,,25.0,32.0,29.0,13.0,16.0,-0.460662296720095,-2.312030606741013
Princeton High,Johnston County Public Schools,Johnston County,37101,Princeton,35.4675,-78.1571,17,23.0,30.0,20.0,21.0,22.200000000000003,21.013898294783555,23.689665413238988,2.6757671184554326,Stable,2,"Moderate Stress, Lower Housing",Education,1.9275319865710392,0,,17.0,23.0,30.0,20.0,21.0,-1.7023405935212712,-1.1792839747949144
Northeastern High,Elizabeth City-Pasquotank Public Schools,Pasquotank County,37139,Elizabeth City,36.2865,-76.2549,27,19.0,32.0,18.0,64.0,32.0,27.63036365535225,37.9295477998809,10.299184144528647,Highly sensitive,2,"Moderate Stress, Lower Housing",Crime,1.9285461520953744,0,,27.0,19.0,32.0,18.0,64.0,0.1979008406330819,-0.22209065020061192
Northeast Academy Of Aerospace & Advtech,Northeast Academy Of Aerospace & Advtech,Pasquotank County,37139,Elizabeth City,36.292292,-76.241241,26,19.0,32.0,17.0,64.0,31.6,27.1909150338478,37.6019099965673,10.410994962719505,Highly sensitive,2,"Moderate Stress, Lower Housing",Crime,1.9509585453862983,0,,26.0,19.0,32.0,17.0,64.0,0.11660699824341118,-0.32295725303681977
H L Trigg Community,Elizabeth City-Pasquotank Public Schools,Pasquotank County,37139,Elizabeth City,36.2862,-76.2123,26,19.0,32.0,17.0,64.0,31.6,27.1909150338478,37.6019099965673,10.410994962719505,Highly sensitive,2,"Moderate Stress, Lower Housing",Crime,1.9509585453862983,0,,26.0,19.0,32.0,17.0,64.0,0.11660699824341118,-0.32295725303681977
Elizabeth City Pasquotank Early College,Elizabeth City-Pasquotank Public Schools,Pasquotank County,37139,Elizabeth City,36.324896,-76.22024900000001,26,19.0,32.0,17.0,64.0,31.6,27.1909150338478,37.6019099965673,10.410994962719505,Highly sensitive,2,"Moderate Stress, Lower Housing",Crime,1.9509585453862983,0,,26.0,19.0,32.0,17.0,64.0,0.11660699824341118,-0.32295725303681977
South Providence,Union County Public Schools,Union County,37179,Waxhaw,34.9215,-80.7412,28,15.0,31.0,9.0,16.0,19.8,17.32879260385373,22.22879147496772,4.89999887111399,Stable,2,"Moderate Stress, Lower Housing",Economic,2.085818548689913,0,,28.0,15.0,31.0,9.0,16.0,-1.3124078744976446,-1.54775052293979
Ashe County Early College High,Ashe County Schools,Ashe County,37009,West Jefferson,36.394244,-81.476089,24,21.0,25.0,21.0,62.0,30.6,26.85853841466285,36.357345947570074,9.498807532907229,Highly sensitive,2,"Moderate Stress, Lower Housing",Crime,2.101879388091861,0,,24.0,21.0,25.0,21.0,62.0,-0.6089780945034344,-0.24730935739138327
Jones Senior High School,Jones County Schools,Jones County,37103,Trenton,35.034281,-77.337889,30,22.0,18.0,22.0,30.0,24.4,22.959777163436947,25.870310985094495,2.9105338216575483,Stable,2,"Moderate Stress, Lower Housing",Economic,2.3644349565583216,0,,30.0,22.0,18.0,22.0,30.0,-1.4715360866843559,-0.7502248059044783
Columbia High,Tyrrell County Schools,Tyrrell County,37177,Columbia,35.9191,-76.2455,34,24.0,19.0,27.0,,26.000000000000004,24.17535994465355,27.911399245447097,3.736039300793543,Stable,2,"Moderate Stress, Lower Housing",Economic,2.4572768669320015,1,Crime,34.0,24.0,19.0,27.0,34.5,-0.7904401750479391,-0.29624840327761776
Mallard Creek High School,Charlotte-Mecklenburg Schools,Mecklenburg County,37119,Charlotte,35.3652,-80.77,26,19.0,28.0,36.0,33.0,28.4,26.491984305522443,30.146096593322472,3.6541122878000287,Stable,3,Housing-Concentrated Stress,Housing,0.3662324687684612,0,,26.0,19.0,28.0,36.0,33.0,-1.195541934943268,0.7523082906308245
Northside High,Onslow County Schools,Onslow County,37133,Jacksonville,34.7911,-77.3884,24,20.0,31.0,38.0,30.0,28.6,26.74377354123282,30.579686512582523,3.8359129713497033,Stable,3,Housing-Concentrated Stress,Housing,0.43633089549253296,0,,24.0,20.0,31.0,38.0,30.0,-1.1221431407613656,0.8205175680952465
Central Cabarrus High,Cabarrus County Schools,Cabarrus County,37025,Concord,35.362700000000004,-80.5839,25,19.0,28.0,39.0,22.0,26.6,24.704866943763033,29.060232374440552,4.355365430677519,Stable,3,Housing-Concentrated Stress,Housing,0.44305030219048797,0,,25.0,19.0,28.0,39.0,22.0,-1.5961236955056626,0.8136481178813156
Stuart W Cramer High,Gaston County Schools,Gaston County,37071,Belmont,35.2456,-81.0596,24,19.0,29.0,34.0,33.0,27.800000000000004,25.975357307269363,29.431512863054543,3.4561555557851804,Stable,3,Housing-Concentrated Stress,Housing,0.4610677919021948,0,,24.0,19.0,29.0,34.0,33.0,-1.269276293279574,0.5626125918122842
Collaborative College For Technology,Iredell-Statesville Schools,Iredell County,37097,Statesville,35.783500000000004,-80.8931,23,20.0,29.0,41.0,27.0,28.0,26.033073443023323,30.56713715261839,4.534063709595067,Stable,3,Housing-Concentrated Stress,Housing,0.4632600048673049,0,,23.0,20.0,29.0,41.0,27.0,-1.4896524543864333,0.9906520393024857
Crossroads Arts Sciences Early College,Iredell-Statesville Schools,Iredell County,37097,Statesville,35.7928,-80.8922,23,20.0,29.0,41.0,27.0,28.0,26.033073443023323,30.56713715261839,4.534063709595067,Stable,3,Housing-Concentrated Stress,Housing,0.4632600048673049,0,,23.0,20.0,29.0,41.0,27.0,-1.4896524543864333,0.9906520393024857
Cabarrus-Kannapolis Early Coll,Cabarrus County Schools,Cabarrus County,37025,Concord,35.4376,-80.6597,25,19.0,29.0,40.0,22.0,27.0,24.991992728341884,29.587606323710027,4.5956135953681425,Stable,3,Housing-Concentrated Stress,Housing,0.46818809803578304,0,,25.0,19.0,29.0,40.0,22.0,-1.5146370330415144,0.9119111770790372
White Oak High,Onslow County Schools,Onslow County,37133,Jacksonville,34.7685,-77.3484,24,21.0,31.0,37.0,30.0,28.600000000000005,26.90814731903195,30.381302315000184,3.4731549959682333,Stable,3,Housing-Concentrated Stress,Housing,0.5043989433633809,0,,24.0,21.0,31.0,37.0,30.0,-1.0368411588010162,0.6730458905754135
North Mecklenburg High School,Charlotte-Mecklenburg Schools,Mecklenburg County,37119,Huntersville,35.372964,-80.833704,27,19.0,29.0,34.0,33.0,28.4,26.577909936387726,29.865661345375575,3.287751408987848,Stable,3,Housing-Concentrated Stress,Housing,0.55112826852034,0,,27.0,19.0,29.0,34.0,33.0,-1.0032947741738985,0.6065357432893688
Char Eng Early College-Uncc,Charlotte-Mecklenburg Schools,Mecklenburg County,37119,Charlotte,35.308908,-80.744073,24,22.0,30.0,37.0,33.0,29.200000000000003,27.510954147178104,30.920899899907,3.4099457527288948,Stable,3,Housing-Concentrated Stress,Housing,0.5642528353785067,0,,24.0,22.0,30.0,37.0,33.0,-0.9687170048288161,0.6495883801697386
Charlotte Teacher Early College,Charlotte-Mecklenburg Schools,Mecklenburg County,37119,Charlotte,35.308908,-80.744073,24,22.0,30.0,37.0,33.0,29.200000000000003,27.510954147178104,30.920899899907,3.4099457527288948,Stable,3,Housing-Concentrated Stress,Housing,0.5642528353785067,0,,24.0,22.0,30.0,37.0,33.0,-0.9687170048288161,0.6495883801697386
The Franklin School Of Innovation,The Franklin School Of Innovation,Buncombe County,37021,Asheville,35.541856,-82.630649,26,18.0,28.0,41.0,23.0,27.200000000000003,25.07173762587327,29.95198432784202,4.880246701968751,Stable,3,Housing-Concentrated Stress,Housing,0.578915598856952,0,,26.0,18.0,28.0,41.0,23.0,-1.5737844475984162,1.0785951054454188
Nesbitt Discovery Academy,Buncombe County Schools,Buncombe County,37021,Asheville,35.6069,-82.58340100000001,26,18.0,28.0,41.0,23.0,27.200000000000003,25.07173762587327,29.95198432784202,4.880246701968751,Stable,3,Housing-Concentrated Stress,Housing,0.578915598856952,0,,26.0,18.0,28.0,41.0,23.0,-1.5737844475984162,1.0785951054454188
Jacksonville High,Onslow County Schools,Onslow County,37133,Jacksonville,34.7844,-77.427,25,19.0,32.0,37.0,30.0,28.6,26.632832191966568,30.486062761234948,3.85323056926838,Stable,3,Housing-Concentrated Stress,Housing,0.5864022414245891,0,,25.0,19.0,32.0,37.0,30.0,-1.015197961952345,0.8222166982736236
West Brunswick High,Brunswick County Schools,Brunswick County,37019,Shallotte,33.980586,-78.409982,23,19.0,28.0,35.0,21.0,25.200000000000003,23.58533083612856,27.16941219975836,3.584081363629803,Stable,3,Housing-Concentrated Stress,Housing,0.6186626421190987,0,,23.0,19.0,28.0,35.0,21.0,-1.7703254398051538,0.4228551003131449
Clayton High,Johnston County Public Schools,Johnston County,37101,Clayton,35.6499,-78.4653,26,18.0,28.0,35.0,21.0,25.6,23.841314008121408,27.535006222622386,3.693692214500974,Stable,3,Housing-Concentrated Stress,Housing,0.6231524523269685,0,,26.0,18.0,28.0,35.0,21.0,-1.58227923868094,0.5280243769662162
Enka High,Buncombe County Schools,Buncombe County,37021,Candler,35.5297,-82.6658,25,19.0,28.0,43.0,23.0,27.6,25.42056096609588,30.62389969614275,5.203338730046873,Moderately sensitive,3,Housing-Concentrated Stress,Housing,0.6388657688099797,0,,25.0,19.0,28.0,43.0,23.0,-1.5992429639432886,1.1751590344647633
Jay M Robinson High,Cabarrus County Schools,Cabarrus County,37025,Concord,35.363,-80.6614,26,21.0,28.0,42.0,22.0,27.800000000000004,25.84662643029621,30.556159795419283,4.709533365123072,Stable,3,Housing-Concentrated Stress,Housing,0.6697988052749557,0,,26.0,21.0,28.0,42.0,22.0,-1.373692545110844,0.9644735750532428
Brunswick County Early College,Brunswick County Schools,Brunswick County,37019,Bolivia,34.03859,-78.230316,24,18.0,31.0,38.0,21.0,26.40000000000001,24.303351329902007,28.81648639194172,4.513135062039712,Stable,3,Housing-Concentrated Stress,Housing,0.673729465395883,0,,24.0,18.0,31.0,38.0,21.0,-1.5151402640256122,0.7935314535746583
Early College,Buncombe County Schools,Buncombe County,37021,Asheville,35.5707,-82.556,25,19.0,29.0,44.0,23.0,28.0,25.702208677890525,31.157473961448357,5.455265283557832,Moderately sensitive,3,Housing-Concentrated Stress,Housing,0.7123060999574201,0,,25.0,19.0,29.0,44.0,23.0,-1.5177563014791404,1.273422093662485
Middle College,Buncombe County Schools,Buncombe County,37021,Asheville,,,25,19.0,29.0,44.0,23.0,28.0,25.702208677890525,31.157473961448357,5.455265283557832,Moderately sensitive,3,Housing-Concentrated Stress,Housing,0.7123060999574201,0,,25.0,19.0,29.0,44.0,23.0,-1.5177563014791404,1.273422093662485
South Point High,Gaston County Schools,Gaston County,37071,Belmont,35.2229,-81.0387,27,17.0,31.0,38.0,33.0,29.200000000000003,26.819120450744244,31.249566152764334,4.430445702020094,Stable,3,Housing-Concentrated Stress,Housing,0.7189612608307998,0,,27.0,17.0,31.0,38.0,33.0,-1.0109254131663004,1.0980052167244783
Southwest High,Onslow County Schools,Onslow County,37133,Jacksonville,34.749,-77.48270000000001,24,20.0,32.0,42.0,30.0,29.6,27.418702095729135,32.13269217680162,4.713990081072485,Stable,3,Housing-Concentrated Stress,Housing,0.7322794375665143,0,,24.0,20.0,32.0,42.0,30.0,-1.0627564702338803,1.177457284324507
Macon Early College High School,Macon County Schools,Macon County,37113,Franklin,35.160468,-83.381534,28,21.0,27.0,40.0,35.0,30.200000000000003,28.17154783878947,32.28346509352042,4.111917254730951,Stable,3,Housing-Concentrated Stress,Housing,0.7519427662890003,0,,28.0,21.0,27.0,40.0,35.0,-0.9279754936459649,1.0251802582012088
Erwin High,Buncombe County Schools,Buncombe County,37021,Asheville,35.6195,-82.6264,26,20.0,31.0,43.0,23.0,28.6,26.383545408361027,31.458621390325604,5.075075981964577,Moderately sensitive,3,Housing-Concentrated Stress,Housing,0.7632610193923164,0,,26.0,20.0,31.0,43.0,23.0,-1.1660871602641607,1.1646664803427644
Performance Learning Center,Cabarrus County Schools,Cabarrus County,37025,Concord,35.38956,-80.651705,27,21.0,28.0,43.0,22.0,28.200000000000003,26.15161920009925,31.05051681457454,4.898897614475288,Stable,3,Housing-Concentrated Stress,Housing,0.7875123136507616,0,,27.0,21.0,28.0,43.0,22.0,-1.2923987027211732,1.065340177889451
Cabarrus Early College Of Technology,Cabarrus County Schools,Cabarrus County,37025,Concord,35.417999,-80.613023,27,21.0,28.0,43.0,22.0,28.200000000000003,26.15161920009925,31.05051681457454,4.898897614475288,Stable,3,Housing-Concentrated Stress,Housing,0.7875123136507616,0,,27.0,21.0,28.0,43.0,22.0,-1.2923987027211732,1.065340177889451
West Cabarrus High,Cabarrus County Schools,Cabarrus County,37025,Concord,35.40196,-80.647177,27,21.0,28.0,43.0,22.0,28.200000000000003,26.15161920009925,31.05051681457454,4.898897614475288,Stable,3,Housing-Concentrated Stress,Housing,0.7875123136507616,0,,27.0,21.0,28.0,43.0,22.0,-1.2923987027211732,1.065340177889451
Franklin High,Macon County Schools,Macon County,37113,Franklin,35.1768,-83.38210000000001,28,22.0,27.0,36.0,35.0,29.6,27.948992036458915,31.119766190816268,3.1707741543573533,Stable,3,Housing-Concentrated Stress,Housing,0.8139238540643389,0,,28.0,22.0,27.0,36.0,35.0,-0.8205735197489527,0.6190319236498372
East Carteret High,Carteret County Public Schools,Carteret County,37031,Beaufort,34.7815,-76.6318,20,19.0,27.0,38.0,27.0,26.200000000000003,24.323265557023603,28.52596217755786,4.202696620534258,Stable,3,Housing-Concentrated Stress,Housing,0.8321153202150192,0,,20.0,19.0,27.0,38.0,27.0,-1.9891759524229795,0.7252233422620982
Onslow Early College,Onslow County Schools,Onslow County,37133,Jacksonville,34.772632,-77.385902,25,22.0,33.0,37.0,30.0,29.4,27.762436428257036,31.075169715701477,3.3127332874444413,Stable,3,Housing-Concentrated Stress,Housing,0.8685821575495267,0,,25.0,22.0,33.0,37.0,30.0,-0.6925386815649242,0.6505158295995392
Union Academy,Macon County Schools,Macon County,37113,Franklin,34.991185,-80.580515,27,23.0,27.0,35.0,35.0,29.4,27.91730918557719,30.82881795154068,2.9115087659634895,Stable,3,Housing-Concentrated Stress,Housing,0.870910802056372,0,,27.0,23.0,27.0,35.0,35.0,-0.8239320441571617,0.4569191956376426
Emsley A Laney High,New Hanover County Schools,New Hanover County,37129,Wilmington,34.298700000000004,-77.8725,25,16.0,30.0,38.0,39.0,29.6,26.848894130227123,32.04118977424823,5.192295644021108,Moderately sensitive,3,Housing-Concentrated Stress,Housing,0.871612226584429,0,,25.0,16.0,30.0,38.0,39.0,-1.196950745460366,1.2175839773102406
South Iredell High,Iredell-Statesville Schools,Iredell County,37097,Statesville,35.7173,-80.91,20,20.0,30.0,41.0,27.0,27.6,25.415874702796636,30.25721121210452,4.841336509307883,Stable,3,Housing-Concentrated Stress,Housing,0.8721524318723026,0,,20.0,20.0,30.0,41.0,27.0,-1.666780647049073,0.9587663946792765
Union Pines High,Moore County Schools,Moore County,37125,Cameron,35.3179,-79.34700000000001,25,19.0,26.0,45.0,25.0,28.0,25.71552164760083,31.25620114157188,5.540679493971048,Moderately sensitive,3,Housing-Concentrated Stress,Housing,0.8884536800093658,0,,25.0,19.0,26.0,45.0,25.0,-1.7389881698312861,1.35675253986083
Robbinsville High,Graham County Schools,Graham County,37075,Robbinsville,35.329,-83.7967,26,22.0,25.0,38.0,22.0,26.6,25.118859999275937,28.75402685888359,3.635166859607658,Stable,3,Housing-Concentrated Stress,Housing,0.8884738921580744,0,,26.0,22.0,25.0,38.0,22.0,-1.5328505505429395,0.522212719940245
West Carteret High,Carteret County Public Schools,Carteret County,37031,Morehead City,34.737300000000005,-76.7859,22,19.0,28.0,30.0,27.0,25.200000000000003,23.919546587441417,26.41324933262587,2.4937027451844536,Stable,3,Housing-Concentrated Stress,Housing,0.8946056053403312,0,,22.0,19.0,28.0,30.0,27.0,-1.664068301411725,0.0767385313499263
Currituck County High,Currituck County Schools,Currituck County,37053,Barco,36.3725,-75.9691,23,17.0,26.0,43.0,24.0,26.6,24.3041039179581,29.772879892835025,5.468775974876927,Moderately sensitive,3,Housing-Concentrated Stress,Housing,0.9208031624178017,0,,23.0,17.0,26.0,43.0,24.0,-2.083793878051476,1.2609028773323252
The Jp Knapp Ech (I)School,Currituck County Schools,Currituck County,37053,Currituck,36.444486000000005,-76.014097,23,17.0,26.0,43.0,24.0,26.6,24.3041039179581,29.772879892835025,5.468775974876927,Moderately sensitive,3,Housing-Concentrated Stress,Housing,0.9208031624178017,0,,23.0,17.0,26.0,43.0,24.0,-2.083793878051476,1.2609028773323252
Nf Woods Campus,Mooresville Graded School District,Iredell County,37097,Mooresville,35.5869,-80.8237,20,18.0,31.0,36.0,27.0,26.4,24.387851878699745,28.51070018116216,4.122848302462419,Stable,3,Housing-Concentrated Stress,Housing,0.923217460802129,0,,20.0,18.0,31.0,36.0,27.0,-1.696964636674522,0.6621683901658937
J. C. Roe Center,New Hanover County Schools,New Hanover County,37129,Wilmington,34.184771,-77.942026,27,17.0,28.0,33.0,39.0,28.8,26.453281367169232,30.949444150304117,4.496162783134885,Stable,3,Housing-Concentrated Stress,Housing,0.9256007898355175,0,,27.0,17.0,28.0,33.0,39.0,-1.082567747733421,0.7304171776919947
Henderson County Early College,Henderson County Schools,Henderson County,37089,Flat Rock,35.306667000000004,-82.41993500000001,23,22.0,27.0,41.0,18.0,26.200000000000003,24.07404330867068,29.115196335884544,5.041153027213866,Moderately sensitive,3,Housing-Concentrated Stress,Housing,0.9266662309779491,0,,23.0,22.0,27.0,41.0,18.0,-1.7486149586109052,0.6946064103702003
Mount Pleasant High,Cabarrus County Schools,Cabarrus County,37025,Mount Pleasant,35.4076,-80.4821,25,19.0,33.0,42.0,22.0,28.200000000000003,25.82229671163185,31.013579625510378,5.191282913878528,Moderately sensitive,3,Housing-Concentrated Stress,Housing,0.9483518313129935,0,,25.0,19.0,33.0,42.0,22.0,-1.173957055227146,1.1325123091822316
Manteo High School,Dare County Schools,Dare County,37055,Manteo,35.9157,-75.6738,26,17.0,29.0,45.0,36.0,30.6,27.721186319155116,33.61449698492553,5.893310665770414,Moderately sensitive,3,Housing-Concentrated Stress,Housing,0.9492171976138944,0,,26.0,17.0,29.0,45.0,36.0,-1.2498170578393701,1.712694140555477
Charlotte Secondary,Charlotte Secondary School,Mecklenburg County,37119,Charlotte,35.151916,-80.748969,26,18.0,32.0,31.0,33.0,28.000000000000004,26.09170721501363,29.51703995057025,3.425332735556619,Stable,3,Housing-Concentrated Stress,Housing,0.9523442898237116,0,,26.0,18.0,32.0,31.0,33.0,-0.8812306272581475,0.4305766815030812
Johnston Co Early College Academy,Johnston County Public Schools,Johnston County,37101,Smithfield,35.5011,-78.3331,28,23.0,27.0,37.0,21.0,27.200000000000003,25.697135569780052,29.101440639459195,3.4043050696791433,Stable,3,Housing-Concentrated Stress,Housing,0.9528758198539069,0,,28.0,23.0,27.0,37.0,21.0,-1.1188682904373262,0.4114894499048234
Bandys High,Catawba County Schools,Catawba County,37035,Catawba,35.6452,-81.0856,22,21.0,26.0,44.0,33.0,29.200000000000003,26.855175347433065,32.105728795484126,5.250553448051061,Moderately sensitive,3,Housing-Concentrated Stress,Housing,0.9625042385931829,0,,22.0,21.0,26.0,44.0,33.0,-1.6309532891717524,1.236981243352425
East Gaston High,Gaston County Schools,Gaston County,37071,Mount Holly,35.315400000000004,-81.07560000000001,23,21.0,29.0,29.0,33.0,27.0,25.661264015229964,28.339735660176196,2.6784716449462316,Stable,3,Housing-Concentrated Stress,Housing,0.9641953244735327,0,,23.0,21.0,29.0,29.0,33.0,-1.1652328437907709,-0.005648470751282007
Tuscola High,Haywood County Schools,Haywood County,37087,Waynesville,35.5229,-82.9513,26,20.0,32.0,30.0,27.0,27.0,25.67519808139691,28.161538374051013,2.486340292654102,Stable,3,Housing-Concentrated Stress,Housing,0.9694058468487353,0,,26.0,20.0,32.0,30.0,27.0,-0.8760776521838856,0.12220663555888737
South Mecklenburg High School,Charlotte-Mecklenburg Schools,Mecklenburg County,37119,Charlotte,35.109707,-80.859333,28,20.0,27.0,30.0,33.0,27.6,26.122251363063366,28.784474191165497,2.6622228281021307,Stable,3,Housing-Concentrated Stress,Housing,0.9740977633914312,0,,28.0,20.0,27.0,30.0,33.0,-0.9849389467943994,0.19095344552260785
Ronald W Reagan High School,Winston Salem / Forsyth County Schools,Forsyth County,37067,Pfafftown,36.170300000000005,-80.3652,26,17.0,32.0,35.0,39.0,29.800000000000004,27.23101019858937,31.9877451659553,4.756734967365929,Stable,3,Housing-Concentrated Stress,Housing,0.9746368726311281,0,,26.0,17.0,32.0,35.0,39.0,-0.830548276287611,0.9363772593028272
Asheville High,Asheville City Schools,Buncombe County,37021,Asheville,35.572900000000004,-82.5531,25,15.0,30.0,42.0,23.0,27.0,24.41811018601978,30.09500923466686,5.67689904864708,Moderately sensitive,3,Housing-Concentrated Stress,Housing,0.9829260818200704,0,,25.0,15.0,30.0,42.0,23.0,-1.7259109190041757,1.357992996532614
School Of Inquiry And Life Sciences,Asheville City Schools,Buncombe County,37021,Asheville,,,25,15.0,30.0,42.0,23.0,27.0,24.41811018601978,30.09500923466686,5.67689904864708,Moderately sensitive,3,Housing-Concentrated Stress,Housing,0.9829260818200704,0,,25.0,15.0,30.0,42.0,23.0,-1.7259109190041757,1.357992996532614
Isaac M Bear Early College High School,New Hanover County Schools,New Hanover County,37129,Wilmington,34.220519,-77.881225,23,16.0,30.0,34.0,39.0,28.4,25.78409416734249,30.841428728894524,5.057334561552032,Moderately sensitive,3,Housing-Concentrated Stress,Housing,0.9869165652539864,0,,23.0,16.0,30.0,34.0,39.0,-1.3448051022819323,0.8433996669501321
Wilmington Early College High,New Hanover County Schools,New Hanover County,37129,Castle Hayne,34.322700000000005,-77.8788,23,16.0,30.0,34.0,39.0,28.4,25.78409416734249,30.841428728894524,5.057334561552032,Moderately sensitive,3,Housing-Concentrated Stress,Housing,0.9869165652539864,0,,23.0,16.0,30.0,34.0,39.0,-1.3448051022819323,0.8433996669501321
Rolesville High,Wake County Schools,Wake County,37183,Rolesville,35.9067,-78.442539,22,21.0,28.0,32.0,18.0,24.200000000000003,22.67775801613558,25.86725466547799,3.1894966493424093,Stable,3,Housing-Concentrated Stress,Housing,0.9916572903372365,0,,22.0,21.0,28.0,32.0,18.0,-1.7600574807079006,-0.022780979186915774
Roberson High,Buncombe County Schools,Buncombe County,37021,Asheville,35.4859,-82.5351,22,18.0,26.0,44.0,23.0,26.6,24.28873510303004,29.94194385352431,5.653208750494272,Moderately sensitive,3,Housing-Concentrated Stress,Housing,0.9942173130712528,0,,22.0,18.0,26.0,44.0,23.0,-2.128233117895385,1.2546325467997608
Millbrook High,Wake County Schools,Wake County,37183,Raleigh,35.8658,-78.6031,23,17.0,28.0,32.0,18.0,23.6,21.880586372440614,25.441364297000987,3.560777924560373,Stable,3,Housing-Concentrated Stress,Housing,0.9954052586752741,0,,23.0,17.0,28.0,32.0,18.0,-1.9831382462651885,0.23684457200939227
Northwest Cabarrus High,Cabarrus County Schools,Cabarrus County,37025,Concord,35.4506,-80.6622,29,20.0,31.0,43.0,22.0,29.0,26.72116745006382,31.778942540379106,5.057775090315285,Moderately sensitive,3,Housing-Concentrated Stress,Housing,1.0050826423737573,0,,29.0,20.0,31.0,43.0,22.0,-0.9264530286364101,1.1919809246117867
Onslow Virtual Secondary,Onslow County Schools,Onslow County,37133,Jacksonville,,,29,20.0,33.0,36.0,30.0,29.6,27.772404979529867,31.135672064109684,3.3632670845798174,Stable,3,Housing-Concentrated Stress,Housing,1.00514387433964,0,,29.0,20.0,33.0,36.0,30.0,-0.4864006280747257,0.7453467295771123
Girls Leadership Academy Of Wilmington,Girls Leadership Academy Of Wilmington,New Hanover County,37129,Wilmington,34.251318,-77.89864200000001,22,17.0,31.0,34.0,39.0,28.6,26.09266504714188,31.032230515006734,4.93956546786486,Stable,3,Housing-Concentrated Stress,Housing,1.0075191036775604,0,,22.0,17.0,31.0,34.0,39.0,-1.2666769642259932,0.7795499981356594
Career Readiness Academy At Mosley Plc,New Hanover County Schools,New Hanover County,37129,Wilmington,34.243517000000004,-77.900561,22,17.0,31.0,34.0,39.0,28.6,26.09266504714188,31.032230515006734,4.93956546786486,Stable,3,Housing-Concentrated Stress,Housing,1.0075191036775604,0,,22.0,17.0,31.0,34.0,39.0,-1.2666769642259932,0.7795499981356594
Jackson Co Early College,Jackson County Public Schools,Jackson County,37099,Sylva,35.3487,-83.20700000000001,31,20.0,29.0,39.0,24.0,28.6,26.683992149375207,30.702391785160007,4.0183996357847995,Stable,3,Housing-Concentrated Stress,Housing,1.0124758978194675,0,,31.0,20.0,29.0,39.0,24.0,-0.8446772379139645,0.8855032169294986
West Henderson High,Henderson County Schools,Henderson County,37089,Hendersonville,35.3662,-82.51520000000001,20,20.0,28.0,40.0,18.0,25.2,22.9854691044322,28.13066125417377,5.145192149741572,Moderately sensitive,3,Housing-Concentrated Stress,Housing,1.0237454036830378,0,,20.0,20.0,28.0,40.0,18.0,-2.0742471232575803,0.6989874637551181
West Stokes High School,Stokes County Schools,Stokes County,37169,King,36.3144,-80.3754,30,19.0,25.0,40.0,29.0,28.6,26.49357137458292,30.881156456121506,4.387585081538585,Stable,3,Housing-Concentrated Stress,Housing,1.055291723009764,0,,30.0,19.0,25.0,40.0,29.0,-1.242316094625392,1.0532273525817804
Mooresville High School,Mooresville Graded School District,Iredell County,37097,Mooresville,35.5783,-80.8014,20,17.0,32.0,37.0,27.0,26.6,24.38636919858762,28.91406087094324,4.527691672355623,Stable,3,Housing-Concentrated Stress,Housing,1.0588407743755461,0,,20.0,17.0,32.0,37.0,27.0,-1.6934132921918355,0.821677574539602
Performance Learning Center,Charlotte-Mecklenburg Schools,Mecklenburg County,37119,Charlotte,35.38956,-80.651705,27,22.0,30.0,29.0,33.0,28.200000000000003,26.976414098702172,29.256590610671992,2.2801765119698203,Stable,3,Housing-Concentrated Stress,Housing,1.0597682781439282,0,,27.0,22.0,30.0,29.0,33.0,-0.6438021738920391,0.003707112896052942
Cato Middle College High School,Charlotte-Mecklenburg Schools,Mecklenburg County,37119,Charlotte,35.264900000000004,-80.7312,27,22.0,30.0,29.0,33.0,28.200000000000003,26.976414098702172,29.256590610671992,2.2801765119698203,Stable,3,Housing-Concentrated Stress,Housing,1.0597682781439282,0,,27.0,22.0,30.0,29.0,33.0,-0.6438021738920391,0.003707112896052942
Levine Middle College High Sch,Charlotte-Mecklenburg Schools,Mecklenburg County,37119,Matthews,35.10741,-80.692786,27,22.0,30.0,29.0,33.0,28.200000000000003,26.976414098702172,29.256590610671992,2.2801765119698203,Stable,3,Housing-Concentrated Stress,Housing,1.0597682781439282,0,,27.0,22.0,30.0,29.0,33.0,-0.6438021738920391,0.003707112896052942
Reynolds High,Buncombe County Schools,Buncombe County,37021,Asheville,35.546800000000005,-82.47710000000001,28,16.0,30.0,44.0,23.0,28.200000000000003,25.524479002455525,31.39122502128418,5.866746018828653,Moderately sensitive,3,Housing-Concentrated Stress,Housing,1.0782164289102532,0,,28.0,16.0,30.0,44.0,23.0,-1.3967274098748137,1.5131211275214047
Orange High,Orange County Schools,Orange County,37135,Hillsborough,36.0929,-79.0947,26,19.0,27.0,35.0,11.0,23.6,21.03297700165147,26.068614051943378,5.035637050291907,Moderately sensitive,3,Housing-Concentrated Stress,Housing,1.1146119767228948,0,,26.0,19.0,27.0,35.0,11.0,-1.8566711219217626,0.28865367285573035
New Hanover High,New Hanover County Schools,New Hanover County,37129,Wilmington,34.2374,-77.9324,24,18.0,31.0,29.0,39.0,28.200000000000003,26.026373321827663,30.418709973850248,4.392336652022582,Stable,3,Housing-Concentrated Stress,Housing,1.138712687219285,0,,24.0,18.0,31.0,29.0,39.0,-0.9745873136129762,0.31645821222516446
Watauga High,Watauga County Schools,Watauga County,37189,Boone,36.216424,-81.651121,18,19.0,28.0,41.0,27.0,26.6,24.30035454933588,29.427511651168857,5.127157101832978,Moderately sensitive,3,Housing-Concentrated Stress,Housing,1.141151337773951,0,,18.0,19.0,28.0,41.0,27.0,-2.099743630653723,0.9666554051627892
Watauga Innovation Academy,Watauga County Schools,Watauga County,37189,Boone,36.216424,-81.651121,18,19.0,28.0,41.0,27.0,26.6,24.30035454933588,29.427511651168857,5.127157101832978,Moderately sensitive,3,Housing-Concentrated Stress,Housing,1.141151337773951,0,,18.0,19.0,28.0,41.0,27.0,-2.099743630653723,0.9666554051627892
Avery County High,Avery County Schools,Avery County,37011,Newland,36.067608,-81.919724,24,23.0,27.0,46.0,36.0,31.200000000000003,28.788926960637948,34.1393412545148,5.350414293876849,Moderately sensitive,3,Housing-Concentrated Stress,Housing,1.1415935815332616,0,,24.0,23.0,27.0,46.0,36.0,-1.144599479552677,1.3780858271509298
Central Academy Of Technology And Arts,Union County Public Schools,Union County,37179,Monroe,34.972300000000004,-80.5677,23,19.0,25.0,32.0,16.0,23.0,21.417134272266264,24.82833929485439,3.4112050225881276,Stable,3,Housing-Concentrated Stress,Housing,1.1654758152280564,0,,23.0,19.0,25.0,32.0,16.0,-2.1465223645872227,0.04502238667966811
Kearns Academy,Guilford County Schools,Guilford County,37081,High Point,35.981982,-79.990831,24,18.0,32.0,31.0,42.0,29.4,26.957697280599568,31.972375730472745,5.014678449873177,Moderately sensitive,3,Housing-Concentrated Stress,Housing,1.1826631993300643,0,,24.0,18.0,32.0,31.0,42.0,-0.8214251526939412,0.5507729453909195
Stokes Early College High School,Stokes County Schools,Stokes County,37169,Walnut Cove,36.3747,-80.18260000000001,30,21.0,24.0,40.0,29.0,28.800000000000004,26.914451370076513,30.993438167278857,4.078986797202344,Stable,3,Housing-Concentrated Stress,Housing,1.1942219339155056,0,,30.0,21.0,24.0,40.0,29.0,-1.1752987851055046,0.9186975953759317
North Brunswick High,Brunswick County Schools,Brunswick County,37019,Leland,34.240500000000004,-78.0245,27,18.0,31.0,28.0,21.0,25.000000000000004,23.461019654802925,26.391905094071916,2.930885439268991,Stable,3,Housing-Concentrated Stress,Housing,1.1987623217484709,0,,27.0,18.0,31.0,28.0,21.0,-1.1754921051310598,-0.024800918386720126
Harnett County Early College,Harnett County Schools,Harnett County,37085,Dunn,35.3159,-78.6176,26,25.0,30.0,44.0,33.0,31.6,29.780004987721902,33.992526872075814,4.212521884353912,Stable,3,Housing-Concentrated Stress,Housing,1.2001012618039366,0,,26.0,25.0,30.0,44.0,33.0,-0.6091566859995279,1.0987109720334263
Union County Early College,Union County Public Schools,Union County,37179,Monroe,35.0312,-80.6205,24,20.0,24.0,33.0,16.0,23.4,21.745606259617126,25.3378769402343,3.5922706806171725,Stable,3,Housing-Concentrated Stress,Housing,1.2015139887443609,0,,24.0,20.0,24.0,33.0,16.0,-2.076146530659126,0.07260535748601397
Triton High,Harnett County Schools,Harnett County,37085,Erwin,35.3385,-78.6649,28,24.0,31.0,44.0,33.0,32.0,30.172440594709947,34.367010518876185,4.194569924166238,Stable,3,Housing-Concentrated Stress,Housing,1.2046112457197478,0,,28.0,24.0,31.0,44.0,33.0,-0.42091766480083664,1.2012767050480113
Western Alamance High,Alamance-Burlington Schools,Alamance County,37001,Elon,36.153,-79.4986,26,17.0,34.0,42.0,37.0,31.200000000000003,28.33919296786665,33.783437811725705,5.444244843859053,Moderately sensitive,3,Housing-Concentrated Stress,Housing,1.207801611814531,0,,26.0,17.0,34.0,42.0,37.0,-0.7571030462096024,1.5308137250013774
Challenger Early College High,Catawba County Schools,Catawba County,37035,Hickory,35.6995,-81.2881,27,23.0,24.0,43.0,33.0,30.0,27.966846803361246,32.558323642252844,4.591476838891598,Stable,3,Housing-Concentrated Stress,Housing,1.212951980995661,0,,27.0,23.0,24.0,43.0,33.0,-1.2021201102732209,1.0773936794106624
Concord High,Cabarrus County Schools,Cabarrus County,37025,Concord,35.4334,-80.5824,27,24.0,32.0,43.0,22.0,29.6,27.570894714513905,32.26817261211378,4.697277897599875,Stable,3,Housing-Concentrated Stress,Housing,1.2174932971937875,0,,27.0,24.0,32.0,43.0,22.0,-0.7031794430046446,0.9297518297769926
Haywood Early College,Haywood County Schools,Haywood County,37087,Clyde,35.5264,-82.9278,28,20.0,33.0,29.0,27.0,27.4,25.988930555491773,28.59003031002254,2.601099754530768,Stable,3,Housing-Concentrated Stress,Housing,1.2378278200856445,0,,28.0,20.0,33.0,29.0,27.0,-0.602536649024845,0.07730069105363956
Garner High,Wake County Schools,Wake County,37183,Garner,35.710798000000004,-78.63516,22,22.0,30.0,29.0,18.0,24.200000000000003,22.787127341885117,25.570323664007976,2.7831963221228584,Stable,3,Housing-Concentrated Stress,Housing,1.2458804743235785,0,,22.0,22.0,30.0,29.0,18.0,-1.482315517903704,-0.3186287476866905
Gaston Early College Of Medical Sciences,Gaston County Schools,Gaston County,37071,Dallas,35.311209,-81.18912,26,26.0,31.0,36.0,33.0,30.4,29.21277185790921,31.627254093866092,2.414482235956882,Stable,3,Housing-Concentrated Stress,Housing,1.249073639938749,0,,26.0,26.0,31.0,36.0,33.0,-0.38343472974392895,0.3596979349605444
East Wake High,Wake County Schools,Wake County,37183,Wendell,35.81165,-78.423475,27,25.0,27.0,35.0,18.0,26.4,24.71639864155844,28.17171384720337,3.455315205644929,Stable,3,Housing-Concentrated Stress,Housing,1.2560358427046456,0,,27.0,25.0,27.0,35.0,18.0,-1.1159669953189606,0.052078922748608945
Cedar Ridge High,Orange County Schools,Orange County,37135,Hillsborough,36.0541,-79.1262,26,18.0,27.0,31.0,11.0,22.6,20.282763992355815,24.69796235286628,4.415198360510466,Stable,3,Housing-Concentrated Stress,Housing,1.288727074776811,0,,26.0,18.0,27.0,31.0,11.0,-1.9051397839876734,0.004997588656331809
Meadowbrook Academy,Stokes County Schools,Stokes County,37169,King,,,32,19.0,25.0,39.0,29.0,28.8,26.71503873298665,30.892545063888345,4.177506330901693,Stable,3,Housing-Concentrated Stress,Housing,1.2959644060560747,0,,32.0,19.0,25.0,39.0,29.0,-1.0576284179093873,0.9962839012226571
Career Academy And Technical School,Iredell-Statesville Schools,Iredell County,37097,Troutman,35.71419,-80.887581,18,16.0,30.0,41.0,27.0,26.4,23.79701087092448,29.418911032318317,5.621900161393835,Moderately sensitive,3,Housing-Concentrated Stress,Housing,1.3065441895586234,0,,18.0,16.0,30.0,41.0,27.0,-2.1558429317120362,1.1744687943985002
East Surry High,Surry County Schools,Surry County,37171,Pilot Mountain,36.3929,-80.47710000000001,24,22.0,23.0,40.0,42.0,30.200000000000003,27.595452859458277,32.93240977221954,5.336956912761266,Moderately sensitive,3,Housing-Concentrated Stress,Housing,1.3393520960263292,0,,24.0,22.0,23.0,40.0,42.0,-1.3756637945654073,0.9734808540967114
Eugene Ashley High,New Hanover County Schools,New Hanover County,37129,Wilmington,34.1002,-77.9117,21,14.0,26.0,36.0,39.0,27.2,24.335764982114483,29.990895096953015,5.655130114838535,Moderately sensitive,3,Housing-Concentrated Stress,Housing,1.3690545990548315,0,,21.0,14.0,26.0,36.0,39.0,-2.0481433847118917,1.0609108935895737
A L Brown High,Kannapolis City Schools,Cabarrus County,37025,Kannapolis,35.496282,-80.61883900000001,25,26.0,32.0,41.0,22.0,29.200000000000003,27.295723948982964,31.566597586015146,4.270873637032182,Stable,3,Housing-Concentrated Stress,Housing,1.3709336437798265,0,,25.0,26.0,32.0,41.0,22.0,-0.7098964918210631,0.6055263737526034
Warlick Academy,Gaston County Schools,Gaston County,37071,Gastonia,35.282000000000004,-81.13380000000001,23,23.0,35.0,33.0,33.0,29.40000000000001,27.76328894043604,30.972840457107917,3.209551516671876,Stable,3,Housing-Concentrated Stress,Housing,1.3840831056648317,0,,23.0,23.0,35.0,33.0,33.0,-0.5057089050851824,0.2889865293953823
Sun Valley High,Union County Public Schools,Union County,37179,Monroe,35.0461,-80.6447,25,16.0,23.0,36.0,16.0,23.200000000000003,21.16093046962974,25.693764830057717,4.532834360427977,Stable,3,Housing-Concentrated Stress,Housing,1.3873307142456412,0,,25.0,16.0,23.0,36.0,16.0,-2.410180614596113,0.5788700588599854
Cox Mill High School,Cabarrus County Schools,Cabarrus County,37025,Concord,35.395,-80.7289,25,12.0,29.0,40.0,22.0,25.6,22.7990511204836,28.61583046547827,5.816779344994668,Moderately sensitive,3,Housing-Concentrated Stress,Housing,1.39134963985915,0,,25.0,12.0,29.0,40.0,22.0,-2.060184258911746,1.3406340533109438
Cabarrus Co Opportunity School,Cabarrus County Schools,Cabarrus County,37025,Concord,35.4122,-80.58930000000001,30,21.0,34.0,43.0,22.0,30.0,27.642282920963194,32.69223719070092,5.049954269737729,Moderately sensitive,3,Housing-Concentrated Stress,Housing,1.4081922315985544,0,,30.0,21.0,34.0,43.0,22.0,-0.4932972249572821,1.1814883704897878
Smoky Mountain High School,Jackson County Public Schools,Jackson County,37099,Sylva,35.3536,-83.199,33,21.0,31.0,35.0,24.0,28.800000000000004,27.089941696007475,30.37467899832608,3.2847373023186037,Stable,3,Housing-Concentrated Stress,Housing,1.4116031969294753,0,,33.0,21.0,31.0,35.0,24.0,-0.38224759839376327,0.5327119970706005
North Buncombe High,Buncombe County Schools,Buncombe County,37021,Weaverville,35.7397,-82.55760000000001,28,19.0,29.0,51.0,23.0,30.0,27.10918085926069,34.07742827624065,6.968247416979963,Moderately sensitive,3,Housing-Concentrated Stress,Housing,1.4346232858135517,0,,28.0,19.0,29.0,51.0,23.0,-1.3033414302256787,1.9209241115464935
Mountain Heritage High,Yancey County Schools,Yancey County,37199,Burnsville,35.908,-82.3336,32,23.0,25.0,35.0,33.0,29.6,28.083157616011693,30.979989510345657,2.896831894333964,Stable,3,Housing-Concentrated Stress,Housing,1.4663787441327998,0,,32.0,23.0,25.0,35.0,33.0,-0.6110309401562909,0.47283201997557484
Northwest Guilford High,Guilford County Schools,Guilford County,37081,Greensboro,36.1546,-79.9531,29,15.0,31.0,31.0,42.0,29.6,26.71206095892078,32.15961608998426,5.447555131063481,Moderately sensitive,3,Housing-Concentrated Stress,Housing,1.4764254700943906,0,,29.0,15.0,31.0,31.0,42.0,-0.7007819012385695,0.7956790665268118
Lake Norman High,Iredell-Statesville Schools,Iredell County,37097,Mooresville,35.5976,-80.9023,19,13.0,29.0,41.0,27.0,25.800000000000004,22.999215167424843,28.947550186951435,5.948335019526592,Moderately sensitive,3,Housing-Concentrated Stress,Housing,1.5049732638304978,0,,19.0,13.0,29.0,41.0,27.0,-2.3898417057308987,1.3608107135649459
South Brunswick High,Brunswick County Schools,Brunswick County,37019,Southport,34.0116,-78.0424,21,18.0,25.0,49.0,21.0,26.800000000000004,24.047806169099513,31.007141408147497,6.959335239047984,Moderately sensitive,3,Housing-Concentrated Stress,Housing,1.5096531180889665,0,,21.0,18.0,25.0,49.0,21.0,-2.3952750455572676,1.6258643367566308
Blue Ridge Early College,Jackson County Public Schools,Jackson County,37099,Cashiers,35.1287,-83.1203,29,20.0,27.0,51.0,24.0,30.200000000000003,27.414944821339713,34.16321867548041,6.748273854140695,Moderately sensitive,3,Housing-Concentrated Stress,Housing,1.5112311024836687,0,,29.0,20.0,27.0,51.0,24.0,-1.2881048712838057,1.8668527303631801
Partnership Academy,Orange County Schools,Orange County,37135,Hillsborough,36.063797,-79.08135800000001,30,18.0,26.0,32.0,11.0,23.4,20.890067251039017,25.66764682453188,4.777579573492861,Stable,3,Housing-Concentrated Stress,Housing,1.5124539204457144,0,,30.0,18.0,26.0,32.0,11.0,-1.6467177489353633,0.13774983611574898
Knightdale High,Wake County Schools,Wake County,37183,Knightdale,35.810900000000004,-78.4762,28,26.0,29.0,31.0,18.0,26.4,24.854836898990772,27.60774748772196,2.75291058873119,Stable,3,Housing-Concentrated Stress,Education,1.5315560926089835,0,,28.0,26.0,29.0,31.0,18.0,-0.7421978621673179,-0.31535334760265055
C Joyner Greene Education Center,Guilford County Schools,Guilford County,37081,Jamestown,35.995678,-79.916042,26,14.0,33.0,32.0,42.0,29.40000000000001,26.348899240595152,32.12976999279601,5.780870752200855,Moderately sensitive,3,Housing-Concentrated Stress,Housing,1.5425928237037043,0,,26.0,14.0,33.0,32.0,42.0,-0.8743587494185224,0.9233026062773109
Hillside High,Durham Public Schools,Durham County,37063,Durham,35.9533,-78.9036,24,17.0,31.0,27.0,46.0,29.000000000000004,26.217801293688677,32.26307655721817,6.0452752635294935,Moderately sensitive,3,Housing-Concentrated Stress,Crime,1.5519927831825773,0,,24.0,17.0,31.0,27.0,46.0,-0.8533575912911887,0.32151418316989505
Hayesville High,Clay County Schools,Clay County,37043,Hayesville,35.041027,-83.81510800000001,23,18.0,24.0,38.0,51.0,30.800000000000004,27.423044599558903,34.86427324856013,7.441228649001225,Moderately sensitive,3,Housing-Concentrated Stress,Housing,1.5524951456538556,0,,23.0,18.0,24.0,38.0,51.0,-1.4353524311576775,1.1928890713470406
North Henderson High,Henderson County Schools,Henderson County,37089,Hendersonville,35.361000000000004,-82.4223,26,27.0,29.0,43.0,18.0,28.6,26.262894655509665,31.399346209343097,5.136451553833432,Moderately sensitive,3,Housing-Concentrated Stress,Housing,1.5527387583749197,0,,26.0,27.0,29.0,43.0,18.0,-0.9299835246696254,0.6288250543627953
Surry Early College,Surry County Schools,Surry County,37171,Dobson,36.384376,-80.716831,25,25.0,24.0,44.0,42.0,32.0,29.363178516971633,34.84041539271031,5.477236875738679,Moderately sensitive,3,Housing-Concentrated Stress,Housing,1.589240725888253,0,,25.0,25.0,24.0,44.0,42.0,-0.9938106637249788,1.1613232452903737
Madison Velocity Learning Center,Madison County Schools,Madison County,37115,Marshall,35.81507,-82.673136,27,20.0,26.0,35.0,55.0,32.6,29.299253783437862,36.80005104936098,7.500797265923115,Moderately sensitive,3,Housing-Concentrated Stress,Crime,1.6194180263072742,0,,27.0,20.0,26.0,35.0,55.0,-0.6196435749860861,0.9607942084729748
Western Guilford High,Guilford County Schools,Guilford County,37081,Greensboro,36.082378,-79.90757500000001,26,16.0,31.0,25.0,42.0,28.0,25.43321972266035,30.745566462179603,5.312346739519249,Moderately sensitive,3,Housing-Concentrated Stress,Crime,1.6298865664588964,0,,26.0,16.0,31.0,25.0,42.0,-0.8446281184894572,0.1731564758106627
Camden County High,Camden County Schools,Camden County,37029,Camden,36.327179,-76.17183200000001,24,18.0,24.0,37.0,55.0,31.6,27.993739260457996,36.117018819909994,8.123279559451998,Highly sensitive,3,Housing-Concentrated Stress,Crime,1.7245666892345293,0,,24.0,18.0,24.0,37.0,55.0,-1.2339357108985323,1.1877393983278053
Madison High School,Madison County Schools,Madison County,37115,Marshall,35.815200000000004,-82.6734,27,20.0,26.0,29.0,55.0,31.4,28.29665390939036,35.74719170037991,7.45053779098955,Moderately sensitive,3,Housing-Concentrated Stress,Crime,1.8089160378420557,0,,27.0,20.0,26.0,29.0,55.0,-0.5754435911127599,0.44344089440989704
Madison Early College High,Madison County Schools,Madison County,37115,Marshall,35.815468,-82.675351,27,20.0,26.0,29.0,55.0,31.4,28.29665390939036,35.74719170037991,7.45053779098955,Moderately sensitive,3,Housing-Concentrated Stress,Crime,1.8089160378420557,0,,27.0,20.0,26.0,29.0,55.0,-0.5754435911127599,0.44344089440989704
Bethany Community School,Bethany Community School,Rockingham County,37157,Summerfield,36.261745000000005,-79.868758,29,13.0,31.0,30.0,45.0,29.6,26.276121574744753,32.679750684791564,6.403629110046811,Moderately sensitive,3,Housing-Concentrated Stress,Crime,1.809982688721344,0,,29.0,13.0,31.0,30.0,45.0,-0.7702437107888305,0.8817718861591257
Ncvps,Nc Virtual Public School,Wake County,37183,Raleigh,35.821329,-78.626959,15,21.0,31.0,31.0,18.0,23.200000000000003,21.193787930240617,25.25322649271491,4.059438562474291,Stable,3,Housing-Concentrated Stress,Housing,1.8542401269372601,0,,15.0,21.0,31.0,31.0,18.0,-2.106754381979814,-0.1753813644156667
Wake Young Women'S Leadership Academy,Wake County Schools,Wake County,37183,Raleigh,35.778935000000004,-78.659953,15,21.0,31.0,31.0,18.0,23.200000000000003,21.193787930240617,25.25322649271491,4.059438562474291,Stable,3,Housing-Concentrated Stress,Housing,1.8542401269372601,0,,15.0,21.0,31.0,31.0,18.0,-2.106754381979814,-0.1753813644156667
Cape Hatteras Secondary School,Dare County Schools,Dare County,37055,Buxton,35.265552,-75.55126,20,18.0,27.0,55.0,36.0,31.200000000000003,27.53945693414117,35.85100076494049,8.311543830799316,Highly sensitive,3,Housing-Concentrated Stress,Housing,1.9411002647220619,0,,20.0,18.0,27.0,55.0,36.0,-1.9552180707442082,2.4017822221560334
Owen High,Buncombe County Schools,Buncombe County,37021,Black Mountain,35.618900000000004,-82.3737,28,19.0,26.0,57.0,23.0,30.6,27.252408864574512,35.61878162762875,8.366372763054237,Highly sensitive,3,Housing-Concentrated Stress,Housing,2.035493406711217,0,,28.0,19.0,26.0,57.0,23.0,-1.6141013934281125,2.4021649050479454
Hyde Academy,Hyde County Schools,Hyde County,37095,Swan Quarter,35.4414,-76.2182,21,,20.0,,37.0,26.0,23.54861995750276,29.325228636705567,5.776608679202809,Moderately sensitive,3,Housing-Concentrated Stress,Education,2.0774823250794663,2,"Education, Housing",21.0,23.0,20.0,27.0,37.0,-1.8662402806828133,-0.3717766596282999
South Garner High,Wake County Schools,Wake County,37183,Garner,35.65502,-78.57968100000001,16,27.0,30.0,30.0,18.0,24.200000000000003,22.323210176567255,25.922822994175142,3.599612817607891,Stable,3,Housing-Concentrated Stress,Education,2.1576654685668584,0,,16.0,27.0,30.0,30.0,18.0,-1.6319686301866343,-0.6264801241769467
First Flight High School,Dare County Schools,Dare County,37055,Kill Devil Hills,36.009339000000004,-75.666583,18,13.0,24.0,53.0,36.0,28.800000000000004,24.751230980351853,33.645694552327534,8.894463571975681,Highly sensitive,3,Housing-Concentrated Stress,Housing,2.3505359717159586,0,,18.0,13.0,24.0,53.0,36.0,-2.7740423247599653,2.4701671218019245
High Point Central High,Guilford County Schools,Guilford County,37081,High Point,35.957100000000004,-80.02170000000001,32,30.0,39.0,30.0,42.0,34.6,33.146994950683165,36.2000173400745,3.0530223893913373,Stable,4,Education and Health Pressure,Education,0.7314694923319942,0,,32.0,30.0,39.0,30.0,42.0,1.4524226631122057,-0.06901515714874609
Ben L. Smith High School,Guilford County Schools,Guilford County,37081,Greensboro,36.0347,-79.84740000000001,33,28.0,40.0,21.0,42.0,32.800000000000004,30.337821736210444,35.05399381162818,4.716172075417738,Stable,4,Education and Health Pressure,Health,0.767129874143051,0,,33.0,28.0,40.0,21.0,42.0,1.540365835770866,-0.6958743205451525
Hugh M Cummings High,Alamance-Burlington Schools,Alamance County,37001,Burlington,36.0887,-79.3964,30,30.0,41.0,26.0,37.0,32.800000000000004,31.21056938054983,34.529788794647516,3.3192194140976845,Stable,4,Education and Health Pressure,Health,0.7845682853751393,0,,30.0,30.0,41.0,26.0,37.0,1.3505380217870873,-0.5021679898414155
Career And Technical Education Center,Alamance-Burlington Schools,Alamance County,37001,Burlington,36.09268,-79.384291,30,30.0,41.0,26.0,37.0,32.800000000000004,31.21056938054983,34.529788794647516,3.3192194140976845,Stable,4,Education and Health Pressure,Health,0.7845682853751393,0,,30.0,30.0,41.0,26.0,37.0,1.3505380217870873,-0.5021679898414155
Southern Guilford High,Guilford County Schools,Guilford County,37081,Greensboro,35.9495,-79.8554,33,30.0,39.0,31.0,42.0,35.0,33.60956663680891,36.499168672573504,2.8896020357645966,Stable,4,Education and Health Pressure,Education,0.7904976418077682,0,,33.0,30.0,39.0,31.0,42.0,1.5337165055018767,0.031851445687461725
Southern Nash High,Nash County Public Schools,Nash County,37127,Bailey,35.8511,-78.0874,33,29.0,36.0,19.0,46.0,32.6,29.82395358267602,35.30493756718902,5.480983984513003,Moderately sensitive,4,Education and Health Pressure,Education,0.8668808188080627,0,,33.0,29.0,36.0,19.0,46.0,1.3830107258496585,-0.9112867489920838
James B Dudley High,Guilford County Schools,Guilford County,37081,Greensboro,36.0601,-79.7639,37,28.0,40.0,26.0,42.0,34.6,32.5584438451197,36.460012802485,3.901568957365299,Stable,4,Education and Health Pressure,Health,0.9480307863790766,0,,37.0,28.0,40.0,26.0,42.0,1.8581745413506614,-0.2061823568564749
Harding University High School,Charlotte-Mecklenburg Schools,Mecklenburg County,37119,Charlotte,35.2366,-80.9026,30,32.0,34.0,23.0,33.0,30.4,29.011491657246648,31.423189791433103,2.411698134186455,Stable,4,Education and Health Pressure,Education,0.9574010976170897,0,,30.0,32.0,34.0,23.0,33.0,0.8011458146737226,-1.0340342740343047
Hunter Huss High,Gaston County Schools,Gaston County,37071,Gastonia,35.2406,-81.2069,32,30.0,40.0,32.0,33.0,33.4,32.52914917069963,34.60582538504123,2.076676214341596,Stable,4,Education and Health Pressure,Health,0.971374984407051,0,,32.0,30.0,40.0,32.0,33.0,1.2894161742961425,-0.03400491047973953
Stewart Creek High,Stewart Creek High School,Mecklenburg County,37119,Charlotte,35.237039,-80.885907,37,35.0,36.0,23.0,33.0,32.800000000000004,30.95711906020801,34.08371487433786,3.126595814129846,Stable,4,Education and Health Pressure,Education,0.9832330372592042,0,,37.0,35.0,36.0,23.0,33.0,1.8332819660840884,-1.091210282407983
Phillip O Berry Academy Of Technology,Charlotte-Mecklenburg Schools,Mecklenburg County,37119,Charlotte,35.239200000000004,-80.8917,37,35.0,36.0,23.0,33.0,32.800000000000004,30.95711906020801,34.08371487433786,3.126595814129846,Stable,4,Education and Health Pressure,Education,0.9832330372592042,0,,37.0,35.0,36.0,23.0,33.0,1.8332819660840884,-1.091210282407983
Pruette Scale Academy,Guilford County Schools,Guilford County,37081,High Point,35.95438,-80.015871,31,27.0,39.0,29.0,42.0,33.6,31.872975832275536,35.45923643080459,3.586260598529051,Stable,4,Education and Health Pressure,Health,1.0334673037230664,0,,31.0,27.0,39.0,29.0,42.0,1.1373228667781499,0.01385661554300594
Northern High,Durham Public Schools,Durham County,37063,Durham,36.062102,-78.899545,31,29.0,34.0,26.0,46.0,33.2,31.30811186735348,35.610702768085375,4.3025909007318965,Stable,4,Education and Health Pressure,Education,1.045765972974536,0,,31.0,29.0,34.0,26.0,46.0,0.9764164123742558,-0.3610649972776336
East Duplin High,Duplin County Schools,Duplin County,37061,Beulaville,34.9407,-77.7843,36,34.0,34.0,21.0,32.0,31.4,29.45128036357163,32.75072688528818,3.299446521716547,Stable,4,Education and Health Pressure,Education,1.0602406313267165,0,,36.0,34.0,34.0,21.0,32.0,1.4773654293278473,-1.2577400333278637
Williams Secondary Montessori,Charlotte-Mecklenburg Schools,Mecklenburg County,37119,Charlotte,35.266666,-80.841373,32,30.0,34.0,17.0,33.0,29.200000000000003,26.93664246389572,30.690083257392963,3.753440793497244,Stable,4,Education and Health Pressure,Education,1.0916981935083103,0,,32.0,30.0,34.0,17.0,33.0,0.8667961753212424,-1.3996132367606862
Scale School,Guilford County Schools,Guilford County,37081,Greensboro,36.094613,-79.770163,35,27.0,40.0,30.0,42.0,34.800000000000004,33.04873602564436,36.49967312119043,3.450937095546074,Stable,4,Education and Health Pressure,Health,1.094597875990042,0,,35.0,27.0,40.0,30.0,42.0,1.5734515547165322,0.17068387671017377
Middle College At Gtcc-Greensboro,Guilford County Schools,Guilford County,37081,Greensboro,36.088849,-79.72752,35,27.0,40.0,30.0,42.0,34.800000000000004,33.04873602564436,36.49967312119043,3.450937095546074,Stable,4,Education and Health Pressure,Health,1.094597875990042,0,,35.0,27.0,40.0,30.0,42.0,1.5734515547165322,0.17068387671017377
Philip J Weaver Ed Center,Guilford County Schools,Guilford County,37081,Greensboro,36.0703,-79.7983,33,26.0,41.0,24.0,42.0,33.2,30.919854534765605,35.443014368049255,4.52315983328365,Stable,4,Education and Health Pressure,Health,1.0968235499319896,0,,33.0,26.0,41.0,24.0,42.0,1.4512485343143156,-0.30266790630776513
Parkland High,Winston Salem / Forsyth County Schools,Forsyth County,37067,Winston Salem,36.057,-80.25710000000001,33,28.0,41.0,32.0,39.0,34.6,33.14885537254605,36.04662730916147,2.8977719366154204,Stable,4,Education and Health Pressure,Health,1.1189011806275497,0,,33.0,28.0,41.0,32.0,39.0,1.4691436960123627,0.21481814046684491
Wallace-Rose Hill High,Duplin County Schools,Duplin County,37061,Teachey,34.7712,-77.9997,39,32.0,35.0,22.0,32.0,32.0,30.10788091151288,33.588112233424454,3.4802313219115746,Stable,4,Education and Health Pressure,Education,1.1385688950839392,0,,39.0,32.0,35.0,22.0,32.0,1.6689629749347479,-0.9930615723010844
Wilson Academy Of Applied Technology,Wilson County Schools,Wilson County,37195,Wilson,35.723658,-77.892771,35,28.0,41.0,17.0,46.0,33.400000000000006,30.115772692112404,36.307750798384575,6.19197810627217,Moderately sensitive,4,Education and Health Pressure,Health,1.1423449335577802,0,,35.0,28.0,41.0,17.0,46.0,1.941396380778269,-0.9330220932496899
Duplin Early College High,Duplin County Schools,Duplin County,37061,Kenansville,34.9468,-77.9786,37,35.0,34.0,21.0,32.0,31.800000000000004,29.76654852925556,33.244540768746525,3.477992239490966,Stable,4,Education and Health Pressure,Education,1.2102173704294663,0,,37.0,35.0,34.0,21.0,32.0,1.6439612536778674,-1.304345108011489
Bragg Street Academy,Lee County Schools,Lee County,37105,Sanford,35.4805,-79.1602,36,30.0,35.0,15.0,46.0,32.400000000000006,29.0097480581048,35.31870436665803,6.308956308553235,Moderately sensitive,4,Education and Health Pressure,Education,1.221450683242558,0,,36.0,30.0,35.0,15.0,46.0,1.6675408924093105,-1.2855494389202462
Lee County High,Lee County Schools,Lee County,37105,Sanford,35.4679,-79.1482,35,29.0,36.0,14.0,46.0,32.0,28.48089051184935,35.03385748553846,6.552966973689113,Moderately sensitive,4,Education and Health Pressure,Education,1.2323963002506981,0,,35.0,29.0,36.0,14.0,46.0,1.5971650584812138,-1.3131324097265922
James Kenan High,Duplin County Schools,Duplin County,37061,Warsaw,34.984500000000004,-78.04310000000001,36,33.0,32.0,22.0,32.0,31.0,29.29135843791048,32.2500561765351,2.9586977386246147,Stable,4,Education and Health Pressure,Education,1.2608764870594817,0,,36.0,33.0,32.0,22.0,32.0,1.2143567944814257,-1.1343433695157816
Durham School Of The Arts,Durham Public Schools,Durham County,37063,Durham,36.0033,-78.9066,28,31.0,38.0,15.0,46.0,31.6,28.305226926616076,34.72606196574878,6.420835039132701,Moderately sensitive,4,Education and Health Pressure,Education,1.270978554060325,0,,28.0,31.0,38.0,15.0,46.0,1.3027521387714118,-1.427811447473499
Fike High,Wilson County Schools,Wilson County,37195,Wilson,35.753,-77.922,37,27.0,41.0,18.0,46.0,33.8,30.54647245449226,36.65197650793974,6.105504053447483,Moderately sensitive,4,Education and Health Pressure,Health,1.3032108033574539,0,,37.0,27.0,41.0,18.0,46.0,2.033415411555037,-0.7562683147451338
Career Center,Winston Salem / Forsyth County Schools,Forsyth County,37067,Winston Salem,36.10629,-80.23361,35,25.0,41.0,27.0,39.0,33.4,31.42996134565925,35.23081088882211,3.8008495431628617,Stable,4,Education and Health Pressure,Health,1.304146752233615,0,,35.0,25.0,41.0,27.0,39.0,1.4494920746995332,-0.0032891447397036385
Carter High School,Winston Salem / Forsyth County Schools,Forsyth County,37067,Winston Salem,36.10681,-80.23517,35,25.0,41.0,27.0,39.0,33.4,31.42996134565925,35.23081088882211,3.8008495431628617,Stable,4,Education and Health Pressure,Health,1.304146752233615,0,,35.0,25.0,41.0,27.0,39.0,1.4494920746995332,-0.0032891447397036385
J F Kennedy High,Winston Salem / Forsyth County Schools,Forsyth County,37067,Winston Salem,36.1073,-80.2346,35,25.0,41.0,27.0,39.0,33.4,31.42996134565925,35.23081088882211,3.8008495431628617,Stable,4,Education and Health Pressure,Health,1.304146752233615,0,,35.0,25.0,41.0,27.0,39.0,1.4494920746995332,-0.0032891447397036385
Winston-Salem Preparatory Acad,Winston Salem / Forsyth County Schools,Forsyth County,37067,Winston-Salem,36.1102,-80.2219,35,25.0,41.0,27.0,39.0,33.4,31.42996134565925,35.23081088882211,3.8008495431628617,Stable,4,Education and Health Pressure,Health,1.304146752233615,0,,35.0,25.0,41.0,27.0,39.0,1.4494920746995332,-0.0032891447397036385
Atkins Academic & Tech High,Winston Salem / Forsyth County Schools,Forsyth County,37067,Winston-Salem,36.1102,-80.1954,35,25.0,41.0,27.0,39.0,33.4,31.42996134565925,35.23081088882211,3.8008495431628617,Stable,4,Education and Health Pressure,Health,1.304146752233615,0,,35.0,25.0,41.0,27.0,39.0,1.4494920746995332,-0.0032891447397036385
Highland Sch Of Technology,Gaston County Schools,Gaston County,37071,Gastonia,35.2804,-81.1907,35,34.0,41.0,35.0,33.0,35.6,34.89537337255851,36.5599381588872,1.6645647863286896,Stable,4,Education and Health Pressure,Education,1.3358744975558492,0,,35.0,34.0,41.0,35.0,33.0,1.9338922998340375,0.035647904178812896
Beddingfield High,Wilson County Schools,Wilson County,37195,Wilson,35.6605,-77.8754,40,31.0,41.0,18.0,46.0,35.2,31.895096563334928,37.92097697893684,6.025880415601915,Moderately sensitive,4,Education and Health Pressure,Economic,1.3603395309078437,0,,40.0,31.0,41.0,18.0,46.0,2.6111382025865586,-0.9573296639719956
Community High School,Buncombe County Schools,Buncombe County,37021,Swannanoa,35.6028,-82.4042,33,28.0,37.0,32.0,23.0,30.6,29.04107296352911,31.974481380556607,2.9334084170274934,Stable,4,Education and Health Pressure,Education,1.3612937376736305,0,,33.0,28.0,37.0,32.0,23.0,0.6921721905934219,-0.09907120227765474
Goldsboro High,Wayne County Public Schools,Wayne County,37191,Goldsboro,35.3863,-77.97970000000001,35,28.0,34.0,18.0,52.0,33.400000000000006,30.04538330709022,36.98358339379992,6.938200086709699,Moderately sensitive,4,Education and Health Pressure,Economic,1.3820955197718312,0,,35.0,28.0,34.0,18.0,52.0,1.4701407565656786,-0.8314068456345969
Wayne Early / Middle College High,Wayne County Public Schools,Wayne County,37191,Goldsboro,35.403594,-77.944682,34,28.0,34.0,17.0,52.0,33.0,29.555759490276916,36.66123306532612,7.105473575049206,Moderately sensitive,4,Education and Health Pressure,Education,1.4036491700756561,0,,34.0,28.0,34.0,17.0,52.0,1.388846914176008,-0.9322734484708048
Jordan Matthews High,Chatham County Schools,Chatham County,37037,Siler City,35.7233,-79.4514,30,32.0,39.0,16.0,20.0,27.4,24.85855838984434,29.90723186139995,5.04867347155561,Moderately sensitive,4,Education and Health Pressure,Education,1.408270416207619,0,,30.0,32.0,39.0,16.0,20.0,0.9544630575280932,-1.793338799876663
James Hunt High,Wilson County Schools,Wilson County,37195,Wilson,35.722300000000004,-77.9979,35,26.0,41.0,16.0,46.0,32.800000000000004,29.33064643748285,35.88620060924562,6.555554171762768,Moderately sensitive,4,Education and Health Pressure,Health,1.4133425496392589,0,,35.0,26.0,41.0,16.0,46.0,1.7928924087942335,-0.8967553952415629
East Mecklenburg High School,Charlotte-Mecklenburg Schools,Mecklenburg County,37119,Charlotte,35.176,-80.75800000000001,29,30.0,32.0,29.0,33.0,30.6,30.126559018577353,31.121118995215095,0.994559976637742,Stable,4,Education and Health Pressure,Education,1.4312780980601065,0,,29.0,30.0,32.0,29.0,33.0,0.33470803558284273,-0.43290477381936615
Bessemer City High,Gaston County Schools,Gaston County,37071,Bessemer City,35.297200000000004,-81.2814,35,28.0,40.0,36.0,33.0,34.400000000000006,33.11396172757287,35.550135553748895,2.4361738261760237,Stable,4,Education and Health Pressure,Health,1.436653485844334,0,,35.0,28.0,40.0,36.0,33.0,1.3700604015233444,0.4773127007247035
Wilson Early College Academy,Wilson County Schools,Wilson County,37195,Wilson,35.730000000000004,-77.896,36,26.0,41.0,16.0,46.0,33.0,29.54880545015324,36.088513888174425,6.539708438021183,Moderately sensitive,4,Education and Health Pressure,Health,1.4514595082415604,0,,36.0,26.0,41.0,16.0,46.0,1.8815529151627919,-0.8821143447492014
Lee Early College,Lee County Schools,Lee County,37105,Sanford,35.4712,-79.1439,35,27.0,35.0,14.0,46.0,31.4,27.95204079535959,34.51026644737604,6.55822565201645,Moderately sensitive,4,Education and Health Pressure,Economic,1.4542426222324398,0,,35.0,27.0,35.0,14.0,46.0,1.3524410960752549,-1.2026776662284941
Robert B Glenn High School,Winston Salem / Forsyth County Schools,Forsyth County,37067,Kernersville,36.0679,-80.1135,37,27.0,42.0,33.0,39.0,35.6,33.90908594229314,37.053016853133784,3.143930910840645,Stable,4,Education and Health Pressure,Health,1.482643030614649,0,,37.0,27.0,42.0,33.0,39.0,1.8273370659692836,0.43289152680999937
Durham'S Performance Learning Center,Durham Public Schools,Durham County,37063,Durham,35.989464,-78.878848,26,30.0,35.0,30.0,46.0,33.400000000000006,31.531192578052007,35.82674444818661,4.295551870134602,Stable,4,Education and Health Pressure,Education,1.4958495351526448,0,,26.0,30.0,35.0,30.0,46.0,0.6704358690404102,-0.13857665868616734
Montgomery Learning Academy,Montgomery County Schools,Montgomery County,37123,Troy,35.35567,-79.89441000000001,35,33.0,44.0,17.0,53.0,36.400000000000006,32.52202671693312,39.99678382045053,7.474757103517412,Moderately sensitive,4,Education and Health Pressure,Health,1.5040152920791212,0,,35.0,33.0,44.0,17.0,53.0,2.782064662360159,-1.08687924811156
Montgomery County Early College,Montgomery County Schools,Montgomery County,37123,Troy,35.36695,-79.870113,35,33.0,44.0,17.0,53.0,36.400000000000006,32.52202671693312,39.99678382045053,7.474757103517412,Moderately sensitive,4,Education and Health Pressure,Health,1.5040152920791212,0,,35.0,33.0,44.0,17.0,53.0,2.782064662360159,-1.08687924811156
Montgomery Central High,Montgomery County Schools,Montgomery County,37123,Troy,35.368185000000004,-79.866795,35,33.0,44.0,17.0,53.0,36.400000000000006,32.52202671693312,39.99678382045053,7.474757103517412,Moderately sensitive,4,Education and Health Pressure,Health,1.5040152920791212,0,,35.0,33.0,44.0,17.0,53.0,2.782064662360159,-1.08687924811156
Penn-Griffin Schools,Guilford County Schools,Guilford County,37081,High Point,35.9637,-79.99640000000001,33,39.0,42.0,28.0,42.0,36.8,35.00980772897663,38.38984272673711,3.3800349977604753,Stable,4,Education and Health Pressure,Education,1.5312850571617507,0,,33.0,39.0,42.0,28.0,42.0,2.523794338600802,-0.7419278173663305
Washington High,Beaufort County Schools,Beaufort County,37013,Washington,35.557500000000005,-77.01350000000001,32,24.0,42.0,22.0,31.0,30.200000000000003,28.177914579172572,32.4545404260237,4.276625846851125,Stable,4,Education and Health Pressure,Health,1.5518305747416385,0,,32.0,24.0,42.0,22.0,31.0,1.020482784126472,-0.5379260835706569
Beaufort Co Early College High,Beaufort County Schools,Beaufort County,37013,Washington,35.5336,-76.9654,32,24.0,42.0,22.0,31.0,30.200000000000003,28.177914579172572,32.4545404260237,4.276625846851125,Stable,4,Education and Health Pressure,Health,1.5518305747416385,0,,32.0,24.0,42.0,22.0,31.0,1.020482784126472,-0.5379260835706569
Olympic High School,Charlotte-Mecklenburg Schools,Mecklenburg County,37119,Charlotte,35.157999000000004,-80.952276,29,33.0,31.0,29.0,33.0,31.0,30.461527444992317,31.541032491502193,1.079505046509876,Stable,4,Education and Health Pressure,Education,1.5652471496092606,0,,29.0,33.0,31.0,29.0,33.0,0.4796606630841917,-0.6286806562012014
Harper Middle College High,Charlotte-Mecklenburg Schools,Mecklenburg County,37119,Charlotte,35.1296,-80.8956,29,33.0,31.0,29.0,33.0,31.0,30.461527444992317,31.541032491502193,1.079505046509876,Stable,4,Education and Health Pressure,Education,1.5652471496092606,0,,29.0,33.0,31.0,29.0,33.0,0.4796606630841917,-0.6286806562012014
Oak Grove High,Davidson County Schools,Davidson County,37057,Winston-Salem,35.944133,-80.163944,39,29.0,40.0,33.0,25.0,33.2,31.365250403830316,34.82245875799221,3.4572083541618923,Stable,4,Education and Health Pressure,Economic,1.5790189546949454,0,,39.0,29.0,40.0,33.0,25.0,1.6139586370923045,0.08308446282212516
Sage Academy,Chatham County Schools,Chatham County,37037,Siler City,,,30,37.0,40.0,19.0,20.0,29.200000000000003,26.64343674062608,31.763314983776613,5.119878243150534,Moderately sensitive,4,Education and Health Pressure,Education,1.6153212619890527,0,,30.0,37.0,40.0,19.0,20.0,1.4108929819417741,-1.8288552618711817
Chatham School Of Science & Engineering,Chatham County Schools,Chatham County,37037,Siler City,,,30,37.0,40.0,19.0,20.0,29.200000000000003,26.64343674062608,31.763314983776613,5.119878243150534,Moderately sensitive,4,Education and Health Pressure,Education,1.6153212619890527,0,,30.0,37.0,40.0,19.0,20.0,1.4108929819417741,-1.8288552618711817
Independence High School,Charlotte-Mecklenburg Schools,Mecklenburg County,37119,Charlotte,35.1972,-80.6874,28,35.0,34.0,34.0,33.0,32.8,31.907276571039684,33.40450175154792,1.4972251805082344,Stable,4,Education and Health Pressure,Education,1.639074471368489,0,,28.0,35.0,34.0,34.0,33.0,0.776597452113226,-0.2985736747646786
The School For Creative Studies,Durham Public Schools,Durham County,37063,Durham,36.072,-78.8229,27,37.0,34.0,28.0,46.0,34.400000000000006,32.467852458999005,36.657409854464994,4.1895573954659895,Stable,4,Education and Health Pressure,Education,1.6670032656810354,0,,27.0,37.0,34.0,28.0,46.0,1.2305236027939395,-0.7371470959672802
Lakeview School,Durham Public Schools,Durham County,37063,Durham,36.0378,-78.8785,27,37.0,34.0,28.0,46.0,34.400000000000006,32.467852458999005,36.657409854464994,4.1895573954659895,Stable,4,Education and Health Pressure,Education,1.6670032656810354,0,,27.0,37.0,34.0,28.0,46.0,1.2305236027939395,-0.7371470959672802
Chatham Central High,Chatham County Schools,Chatham County,37037,Bear Creek,35.613800000000005,-79.38980000000001,29,26.0,40.0,17.0,20.0,26.4,24.086927549730166,28.940767817017164,4.853840267286998,Stable,4,Education and Health Pressure,Health,1.740815684914695,0,,29.0,26.0,40.0,17.0,20.0,0.4796773057349132,-1.3422400401153831
Commonwealth High,Commonwealth High School,Mecklenburg County,37119,Charlotte,35.20956,-80.75837800000001,28,40.0,38.0,21.0,33.0,32.0,29.767067571715575,34.04062533034385,4.273557758628275,Stable,4,Education and Health Pressure,Education,1.7484374608985576,0,,28.0,40.0,38.0,21.0,33.0,1.6174539795182177,-1.6775864536991116
Hawthorne Academy Of Health Sciences,Charlotte-Mecklenburg Schools,Mecklenburg County,37119,Charlotte,35.22846,-80.814761,28,40.0,38.0,21.0,33.0,32.0,29.767067571715575,34.04062533034385,4.273557758628275,Stable,4,Education and Health Pressure,Education,1.7484374608985576,0,,28.0,40.0,38.0,21.0,33.0,1.6174539795182177,-1.6775864536991116
Military And Global Leadership,Charlotte-Mecklenburg Schools,Mecklenburg County,37119,Charlotte,35.22846,-80.814761,28,40.0,38.0,21.0,33.0,32.0,29.767067571715575,34.04062533034385,4.273557758628275,Stable,4,Education and Health Pressure,Education,1.7484374608985576,0,,28.0,40.0,38.0,21.0,33.0,1.6174539795182177,-1.6775864536991116
Spring Creek High,Wayne County Public Schools,Wayne County,37191,Seven Springs,35.227000000000004,-77.8976,33,39.0,35.0,17.0,52.0,35.2,31.444696208799733,38.6066109725382,7.161914763738466,Moderately sensitive,4,Education and Health Pressure,Education,1.7508734558290198,0,,33.0,39.0,35.0,17.0,52.0,2.2463282320465634,-1.6085843690451433
Southern Wayne High,Wayne County Public Schools,Wayne County,37191,Dudley,35.2538,-78.045,38,40.0,36.0,19.0,52.0,37.0,33.38550119020168,40.15043669666871,6.764935506467033,Moderately sensitive,4,Education and Health Pressure,Education,1.9270289802311955,0,,38.0,40.0,36.0,19.0,52.0,2.841686080356078,-1.4121366302177545
North Duplin Jr Sr High,Duplin County Schools,Duplin County,37061,Mt. Olive,35.1345,-78.0858,36,43.0,39.0,23.0,32.0,34.599999999999994,32.28001114629327,36.58300285562736,4.302991709334094,Stable,4,Education and Health Pressure,Education,2.091321689319366,0,,36.0,43.0,39.0,23.0,32.0,2.6083165954184064,-1.5763165209546737
Cochrane Collegiate Academy,Charlotte-Mecklenburg Schools,Mecklenburg County,37119,Charlotte,35.246500000000005,-80.7501,33,44.0,33.0,28.0,33.0,34.2,32.76681443606632,36.10667292238299,3.339858486316672,Stable,4,Education and Health Pressure,Education,2.4206534010526672,0,,33.0,44.0,33.0,28.0,33.0,1.876664503219463,-1.3059743698037034
Garinger High School,Charlotte-Mecklenburg Schools,Mecklenburg County,37119,Charlotte,35.2411,-80.7829,31,46.0,37.0,26.0,33.0,34.60000000000001,32.681236327863154,36.84409122462189,4.162854896758738,Stable,4,Education and Health Pressure,Education,2.5945256492629585,0,,31.0,46.0,37.0,26.0,33.0,2.225360760175189,-1.5820497984125907
Stem Early College @ Nc A&T Su,Guilford County Schools,Guilford County,37081,Greensboro,36.0778,-79.7729,43,43.0,49.0,29.0,42.0,41.2,38.85941568374077,42.96868141843438,4.109265734693608,Stable,4,Education and Health Pressure,Education,3.1819655086224006,0,,43.0,43.0,49.0,29.0,42.0,4.336747295334598,-0.6700137128256877
Northeast Guilford High,Guilford County Schools,Guilford County,37081,Mcleansville,36.1586,-79.673,32,21.0,36.0,35.0,42.0,33.2,30.842183051082273,35.15165593920083,4.309472888118556,Stable,5,Multidomain Elevated Stress,Housing,0.42220922903695157,0,,32.0,21.0,36.0,35.0,42.0,0.4476115020555048,0.8772152105927388
Eastern Guilford High,Guilford County Schools,Guilford County,37081,Gibsonville,36.0925,-79.6161,33,23.0,37.0,33.0,42.0,33.6,31.52278703671791,35.432487318142535,3.909700281424623,Stable,5,Multidomain Elevated Stress,Health,0.620700783485067,0,,33.0,23.0,37.0,33.0,42.0,0.7957292987877977,0.60895041289931
Seventy-First High,Cumberland County Schools,Cumberland County,37051,Fayetteville,35.039,-79.0052,32,21.0,38.0,41.0,49.0,36.2,33.109411624108525,38.978364307468,5.868952683359474,Moderately sensitive,5,Multidomain Elevated Stress,Housing,0.6630160455677532,0,,32.0,21.0,38.0,41.0,49.0,0.7655498834137244,1.534904488820004
Southeast Guilford High,Guilford County Schools,Guilford County,37081,Greensboro,35.9726,-79.6978,28,20.0,34.0,36.0,42.0,32.0,29.566147153720543,34.244413446072514,4.678266292351967,Stable,5,Multidomain Elevated Stress,Housing,0.6844305239803181,0,,28.0,20.0,34.0,36.0,42.0,-0.17003915826515043,0.9420476724353748
North Forsyth High,Winston Salem / Forsyth County Schools,Forsyth County,37067,Winston Salem,36.1741,-80.2822,32,22.0,39.0,35.0,39.0,33.4,31.20600806130188,35.09661830613453,3.8906102448326503,Stable,5,Multidomain Elevated Stress,Health,0.6866634805833335,0,,32.0,22.0,39.0,35.0,39.0,0.7130646369322998,0.8022554843541911
Tar River Academy,Nash County Public Schools,Nash County,37127,Rocky Mount,35.941795,-77.808177,34,20.0,37.0,38.0,46.0,35.0,32.08052329170629,37.39362236088251,5.313099069176218,Moderately sensitive,5,Multidomain Elevated Stress,Housing,0.7219698625743328,0,,34.0,20.0,37.0,38.0,46.0,0.7191400812292323,1.3048924294711124
Citi High School,Nash County Public Schools,Nash County,37127,Rocky Mount,35.97788,-77.899473,34,20.0,37.0,38.0,46.0,35.0,32.08052329170629,37.39362236088251,5.313099069176218,Moderately sensitive,5,Multidomain Elevated Stress,Housing,0.7219698625743328,0,,34.0,20.0,37.0,38.0,46.0,0.7191400812292323,1.3048924294711124
Middle College Of Forsyth Cnty,Winston Salem / Forsyth County Schools,Forsyth County,37067,Winston-Salem,36.0688,-80.272,30,21.0,38.0,32.0,39.0,32.0,29.8267405797032,33.8279654529377,4.001224873234495,Stable,5,Multidomain Elevated Stress,Health,0.7230083056435498,0,,30.0,21.0,38.0,32.0,39.0,0.39105497170734826,0.5635053446600404
Early College Of Forsyth Co,Winston Salem / Forsyth County Schools,Forsyth County,37067,Winston Salem,36.069304,-80.272828,30,21.0,38.0,32.0,39.0,32.0,29.8267405797032,33.8279654529377,4.001224873234495,Stable,5,Multidomain Elevated Stress,Health,0.7230083056435498,0,,30.0,21.0,38.0,32.0,39.0,0.39105497170734826,0.5635053446600404
E E Smith High,Cumberland County Schools,Cumberland County,37051,Fayetteville,35.0844,-78.8957,33,21.0,38.0,41.0,49.0,36.4,33.305368784999054,39.1304510796294,5.825082294630349,Moderately sensitive,5,Multidomain Elevated Stress,Housing,0.7358031816400383,0,,33.0,21.0,38.0,41.0,49.0,0.8542103897822829,1.5495455393123656
R J Reynolds High,Winston Salem / Forsyth County Schools,Forsyth County,37067,Winston Salem,36.1018,-80.2654,30,23.0,38.0,31.0,39.0,32.2,30.291937983188287,33.91356880485913,3.621630821670845,Stable,5,Multidomain Elevated Stress,Health,0.7676026583232829,0,,30.0,23.0,38.0,31.0,39.0,0.5542922716491591,0.3547875419642209
East Forsyth High,Winston Salem / Forsyth County Schools,Forsyth County,37067,Kernersville,36.1166,-80.1504,32,20.0,37.0,32.0,39.0,32.0,29.710961590958423,33.74537704188077,4.034415450922349,Stable,5,Multidomain Elevated Stress,Health,0.7766116188234148,0,,32.0,20.0,37.0,32.0,39.0,0.40158734001996765,0.6419960639668747
Rowan Co Early College,Rowan-Salisbury Schools,Rowan County,37159,Salisbury,35.637709,-80.480575,27,25.0,35.0,40.0,43.0,34.0,31.8421895109505,36.14019767062809,4.29800815967759,Stable,5,Multidomain Elevated Stress,Housing,0.7931111511755743,0,,27.0,25.0,35.0,40.0,43.0,0.21671098327900928,0.9947244195004031
Cape Fear High,Cumberland County Schools,Cumberland County,37051,Fayetteville,35.0345,-78.762,33,22.0,39.0,41.0,49.0,36.8,33.83303504530142,39.48055558707269,5.6475205417712715,Moderately sensitive,5,Multidomain Elevated Stress,Housing,0.7991752835796844,0,,33.0,22.0,39.0,41.0,49.0,1.0209990342067805,1.5003369209902544
Massey Hill Classical High,Cumberland County Schools,Cumberland County,37051,Fayetteville,35.0311,-78.8949,33,22.0,39.0,41.0,49.0,36.8,33.83303504530142,39.48055558707269,5.6475205417712715,Moderately sensitive,5,Multidomain Elevated Stress,Housing,0.7991752835796844,0,,33.0,22.0,39.0,41.0,49.0,1.0209990342067805,1.5003369209902544
Reid Ross Classical High,Cumberland County Schools,Cumberland County,37051,Fayetteville,35.102000000000004,-78.87700000000001,33,22.0,39.0,41.0,49.0,36.8,33.83303504530142,39.48055558707269,5.6475205417712715,Moderately sensitive,5,Multidomain Elevated Stress,Housing,0.7991752835796844,0,,33.0,22.0,39.0,41.0,49.0,1.0209990342067805,1.5003369209902544
Terry Sanford High,Cumberland County Schools,Cumberland County,37051,Fayetteville,35.065,-78.9156,33,22.0,39.0,41.0,49.0,36.8,33.83303504530142,39.48055558707269,5.6475205417712715,Moderately sensitive,5,Multidomain Elevated Stress,Housing,0.7991752835796844,0,,33.0,22.0,39.0,41.0,49.0,1.0209990342067805,1.5003369209902544
Cross Creek Early College,Cumberland County Schools,Cumberland County,37051,Fayetteville,35.07564,-78.89198,33,22.0,39.0,41.0,49.0,36.8,33.83303504530142,39.48055558707269,5.6475205417712715,Moderately sensitive,5,Multidomain Elevated Stress,Housing,0.7991752835796844,0,,33.0,22.0,39.0,41.0,49.0,1.0209990342067805,1.5003369209902544
Cumberland Polytechnic,Cumberland County Schools,Cumberland County,37051,Fayetteville,35.066594,-78.926098,33,22.0,39.0,41.0,49.0,36.8,33.83303504530142,39.48055558707269,5.6475205417712715,Moderately sensitive,5,Multidomain Elevated Stress,Housing,0.7991752835796844,0,,33.0,22.0,39.0,41.0,49.0,1.0209990342067805,1.5003369209902544
Cumberland International Early College,Cumberland County Schools,Cumberland County,37051,Fayetteville,35.07336,-78.895349,33,22.0,39.0,41.0,49.0,36.8,33.83303504530142,39.48055558707269,5.6475205417712715,Moderately sensitive,5,Multidomain Elevated Stress,Housing,0.7991752835796844,0,,33.0,22.0,39.0,41.0,49.0,1.0209990342067805,1.5003369209902544
Ramsey Street High,Cumberland County Schools,Cumberland County,37051,Fayetteville,35.079029,-78.883418,34,23.0,39.0,38.0,49.0,36.6,33.87637083170032,39.179517111637445,5.303146279937124,Moderately sensitive,5,Multidomain Elevated Stress,Health,0.8133948413427874,0,,34.0,23.0,39.0,38.0,49.0,1.2096948504934635,1.1950551892750905
Cumberland Academy 6-12 Virtual School,Cumberland County Schools,Cumberland County,37051,Fayetteville,,,34,23.0,39.0,38.0,49.0,36.6,33.87637083170032,39.179517111637445,5.303146279937124,Moderately sensitive,5,Multidomain Elevated Stress,Health,0.8133948413427874,0,,34.0,23.0,39.0,38.0,49.0,1.2096948504934635,1.1950551892750905
Farmville Central High,Pitt County Schools,Pitt County,37147,Farmville,35.594114000000005,-77.568775,34,23.0,38.0,41.0,39.0,35.0,32.712287605345246,36.7135389174612,4.001251312115954,Stable,5,Multidomain Elevated Stress,Housing,0.8320957404932925,0,,34.0,23.0,38.0,41.0,39.0,0.8352676573345164,1.2756072673721301
D H Conley High,Pitt County Schools,Pitt County,37147,Greenville,35.5306,-77.3248,34,20.0,36.0,41.0,39.0,34.0,31.33203768637131,35.930109238591996,4.598071552220684,Stable,5,Multidomain Elevated Stress,Housing,0.8536441713180017,0,,34.0,20.0,36.0,41.0,39.0,0.42375505050405965,1.4352706291923392
Southwest Guilford High,Guilford County Schools,Guilford County,37081,High Point,36.0467,-79.9888,29,22.0,35.0,29.0,42.0,31.40000000000001,29.35622063165952,33.53276952515159,4.176548893492072,Stable,5,Multidomain Elevated Stress,Health,0.8547901326992222,0,,29.0,22.0,35.0,29.0,42.0,0.21491195836158106,0.2426551130227144
South View High,Cumberland County Schools,Cumberland County,37051,Hope Mills,34.979,-78.92750000000001,35,21.0,36.0,41.0,49.0,36.4,33.33192348464734,39.08530911545926,5.75338563081192,Moderately sensitive,5,Multidomain Elevated Stress,Housing,0.8813980798779779,0,,35.0,21.0,36.0,41.0,49.0,0.853824749633328,1.5547526265893379
Jack Britt High,Cumberland County Schools,Cumberland County,37051,Fayetteville,34.9773,-79.0113,32,18.0,36.0,40.0,49.0,35.0,31.607430194552343,37.99552393368353,6.388093739131186,Moderately sensitive,5,Multidomain Elevated Stress,Housing,0.8819122128920419,0,,32.0,18.0,36.0,40.0,49.0,0.3614039405621553,1.6083422982963669
Forestview High,Gaston County Schools,Gaston County,37071,Gastonia,35.1834,-81.1356,28,23.0,35.0,33.0,33.0,30.40000000000001,28.933715182661967,31.63484146071634,2.7011262780543746,Stable,5,Multidomain Elevated Stress,Housing,0.8886045835619272,0,,28.0,23.0,35.0,33.0,33.0,-0.06240637324238996,0.36219178185719
Gaston Early College High School,Gaston County Schools,Gaston County,37071,Dallas,35.312316,-81.190487,28,23.0,35.0,33.0,33.0,30.40000000000001,28.933715182661967,31.63484146071634,2.7011262780543746,Stable,5,Multidomain Elevated Stress,Housing,0.8886045835619272,0,,28.0,23.0,35.0,33.0,33.0,-0.06240637324238996,0.36219178185719
Gray'S Creek High,Cumberland County Schools,Cumberland County,37051,Hope Mills,34.9221,-78.9046,34,24.0,38.0,42.0,49.0,37.4,34.68059585121161,39.90862834491724,5.228032493705626,Moderately sensitive,5,Multidomain Elevated Stress,Housing,0.8991476461327226,0,,34.0,24.0,38.0,42.0,49.0,1.1693101861163386,1.4666737666206136
Main Street Academy,Winston Salem / Forsyth County Schools,Forsyth County,37067,Winston-Salem,36.062406,-80.23932500000001,31,24.0,40.0,33.0,39.0,33.4,31.489201490204085,35.072677705019544,3.583476214815459,Stable,5,Multidomain Elevated Stress,Health,0.909193690501023,0,,31.0,24.0,40.0,33.0,39.0,0.8838614209274758,0.5047085856760392
Alger B. Wilkins High School,Cumberland County Schools,Cumberland County,37051,Fayetteville,35.083313000000004,-78.95191700000001,35,20.0,38.0,38.0,49.0,36.0,32.84190926355491,38.72398316188426,5.882073898329352,Moderately sensitive,5,Multidomain Elevated Stress,Housing,0.9303199194631556,0,,35.0,20.0,38.0,38.0,49.0,0.9756960764746013,1.3813971084415364
Craven Early College High,Craven County Schools,Craven County,37049,New Bern,35.110636,-77.099926,29,22.0,34.0,45.0,50.0,36.0,32.90792573032189,39.140467067956095,6.232541337634203,Moderately sensitive,5,Multidomain Elevated Stress,Housing,0.9334742642453915,0,,29.0,22.0,34.0,45.0,50.0,0.21897110807974085,1.743096101334879
Early College East High,Craven County Schools,Craven County,37049,Havelock,34.877565000000004,-76.89962200000001,29,22.0,34.0,45.0,50.0,36.0,32.90792573032189,39.140467067956095,6.232541337634203,Moderately sensitive,5,Multidomain Elevated Stress,Housing,0.9334742642453915,0,,29.0,22.0,34.0,45.0,50.0,0.21897110807974085,1.743096101334879
Pcs Early College High School,Pitt County Schools,Pitt County,37147,Winterville,35.550543000000005,-77.41243300000001,32,20.0,40.0,40.0,39.0,34.2,31.5239973874024,36.29533270978558,4.771335322383184,Stable,5,Multidomain Elevated Stress,Health,0.9391318604893112,0,,32.0,20.0,40.0,40.0,39.0,0.609214007517974,1.3679130032792715
Carson High,Rowan-Salisbury Schools,Rowan County,37159,China Grove,35.563,-80.5457,26,25.0,35.0,41.0,43.0,34.0,31.71951988285508,36.25390072414437,4.534380841289291,Stable,5,Multidomain Elevated Stress,Housing,0.9418039137746277,0,,26.0,25.0,35.0,41.0,43.0,0.12068381293156313,1.066308921351888
Ayden-Grifton High,Pitt County Schools,Pitt County,37147,Ayden,35.4303,-77.432,34,23.0,36.0,44.0,39.0,35.2,32.83138050075282,37.24043470157374,4.409054200820918,Stable,5,Multidomain Elevated Stress,Housing,0.9419411884994425,0,,34.0,23.0,36.0,44.0,39.0,0.6354610125117814,1.5102089106959182
Lucy Ragsdale High,Guilford County Schools,Guilford County,37081,Jamestown,35.994623000000004,-79.91663700000001,28,26.0,36.0,31.0,42.0,32.6,30.962954901061153,34.50747433812551,3.544519437064359,Stable,5,Multidomain Elevated Stress,Health,0.96547431288803,0,,28.0,26.0,36.0,31.0,42.0,0.5121127224041296,0.16751817336797434
South Central,Pitt County Schools,Pitt County,37147,Winterville,35.5413,-77.42880000000001,30,18.0,39.0,37.0,39.0,32.6,29.822511544774464,34.7582387455238,4.935727200749334,Stable,5,Multidomain Elevated Stress,Health,0.9712959526640236,0,,30.0,18.0,39.0,37.0,39.0,0.20926902431156102,1.1904089887611071
Gc Middle College High,Guilford County Schools,Guilford County,37081,Greensboro,36.0711,-79.80030000000001,30,22.0,36.0,27.0,42.0,31.4,29.294044218464578,33.59721919140379,4.30317497293921,Stable,5,Multidomain Elevated Stress,Health,0.999638969577439,0,,30.0,22.0,36.0,27.0,42.0,0.4071591191309509,0.09688256568125873
Gtcc Middle College High,Guilford County Schools,Guilford County,37081,Jamestown,35.9983,-79.918136,30,22.0,36.0,27.0,42.0,31.4,29.294044218464578,33.59721919140379,4.30317497293921,Stable,5,Multidomain Elevated Stress,Health,0.999638969577439,0,,30.0,22.0,36.0,27.0,42.0,0.4071591191309509,0.09688256568125873
Early College At Guilford,Guilford County Schools,Guilford County,37081,Greensboro,36.0951,-79.8901,30,22.0,36.0,27.0,42.0,31.4,29.294044218464578,33.59721919140379,4.30317497293921,Stable,5,Multidomain Elevated Stress,Health,0.999638969577439,0,,30.0,22.0,36.0,27.0,42.0,0.4071591191309509,0.09688256568125873
Middle College High At Bennett,Guilford County Schools,Guilford County,37081,Greensboro,,,30,22.0,36.0,27.0,42.0,31.4,29.294044218464578,33.59721919140379,4.30317497293921,Stable,5,Multidomain Elevated Stress,Health,0.999638969577439,0,,30.0,22.0,36.0,27.0,42.0,0.4071591191309509,0.09688256568125873
A&T Four Middle College,Guilford County Schools,Guilford County,37081,Greensboro,36.0767,-79.7702,30,22.0,36.0,27.0,42.0,31.4,29.294044218464578,33.59721919140379,4.30317497293921,Stable,5,Multidomain Elevated Stress,Health,0.999638969577439,0,,30.0,22.0,36.0,27.0,42.0,0.4071591191309509,0.09688256568125873
Middle College At Gtcc-High Point,Guilford County Schools,Guilford County,37081,High Point,35.946400000000004,-80.00280000000001,30,22.0,36.0,27.0,42.0,31.4,29.294044218464578,33.59721919140379,4.30317497293921,Stable,5,Multidomain Elevated Stress,Health,0.999638969577439,0,,30.0,22.0,36.0,27.0,42.0,0.4071591191309509,0.09688256568125873
Academy At Smith,Guilford County Schools,Guilford County,37081,Greensboro,36.037891,-79.849467,30,22.0,36.0,27.0,42.0,31.4,29.294044218464578,33.59721919140379,4.30317497293921,Stable,5,Multidomain Elevated Stress,Health,0.999638969577439,0,,30.0,22.0,36.0,27.0,42.0,0.4071591191309509,0.09688256568125873
Uncg Early/Middle College,Guilford County Schools,Guilford County,37081,Greensboro,36.069230000000005,-79.814518,30,22.0,36.0,27.0,42.0,31.4,29.294044218464578,33.59721919140379,4.30317497293921,Stable,5,Multidomain Elevated Stress,Health,0.999638969577439,0,,30.0,22.0,36.0,27.0,42.0,0.4071591191309509,0.09688256568125873
Nash Central High,Nash County Public Schools,Nash County,37127,Rocky Mount,35.9558,-77.8981,35,22.0,39.0,32.0,46.0,34.8,32.229373930539445,37.134828850098586,4.905454919559141,Stable,5,Multidomain Elevated Stress,Health,1.016136528368,0,,35.0,22.0,39.0,32.0,46.0,1.1855778603201121,0.7037629292561736
T Wingate Andrews High,Guilford County Schools,Guilford County,37081,High Point,35.985104,-79.990009,29,23.0,35.0,27.0,42.0,31.200000000000003,29.26332143050199,33.35838091175339,4.095059481251404,Stable,5,Multidomain Elevated Stress,Health,1.0429518951560746,0,,29.0,23.0,35.0,27.0,42.0,0.307580604300818,0.008957883159035172
Nrm Early College High School,Nash County Public Schools,Nash County,37127,Rocky Mount,35.977871,-77.898825,35,26.0,38.0,35.0,46.0,36.0,33.965711240114146,37.98628182385242,4.020570583738277,Stable,5,Multidomain Elevated Stress,Health,1.0437056441952093,0,,35.0,26.0,38.0,35.0,46.0,1.3863658138662598,0.7054175787298906
West Forsyth High,Winston Salem / Forsyth County Schools,Forsyth County,37067,Clemmons,36.0627,-80.3879,28,17.0,36.0,36.0,39.0,31.200000000000003,28.458856650789688,33.388959591091805,4.930102940302117,Stable,5,Multidomain Elevated Stress,Housing,1.0613565568212853,0,,28.0,17.0,36.0,36.0,39.0,-0.30518062175723787,1.1000349400468983
Mount Tabor High School,Winston Salem / Forsyth County Schools,Forsyth County,37067,Winston Salem,36.1268,-80.31320000000001,27,19.0,33.0,33.0,39.0,30.200000000000003,27.974982587146943,32.19293468582352,4.21795209867658,Stable,5,Multidomain Elevated Stress,Housing,1.0797310304145649,0,,27.0,19.0,33.0,33.0,39.0,-0.4824304795553179,0.6681124616093984
Westover High,Cumberland County Schools,Cumberland County,37051,Fayetteville,35.0842,-78.99170000000001,34,22.0,40.0,43.0,49.0,37.6,34.524567236485204,40.22223276131686,5.697665524831656,Moderately sensitive,5,Multidomain Elevated Stress,Housing,1.0887271812889132,0,,34.0,22.0,40.0,43.0,49.0,1.1837795390605994,1.699466583024184
Walkertown High,Winston Salem / Forsyth County Schools,Forsyth County,37067,Walkertown,36.176456,-80.147917,31,22.0,42.0,36.0,39.0,34.0,31.64946043562609,35.998916511065545,4.349456075439456,Stable,5,Multidomain Elevated Stress,Health,1.0921552030401387,0,,31.0,22.0,42.0,36.0,39.0,0.8835974459139614,0.9099525067673021
South Rowan High,Rowan-Salisbury Schools,Rowan County,37159,China Grove,35.573100000000004,-80.61,24,25.0,36.0,37.0,43.0,33.0,30.762439093836395,35.250027602334576,4.487588508498181,Stable,5,Multidomain Elevated Stress,Housing,1.113828946829748,0,,24.0,25.0,36.0,37.0,43.0,0.06168278255303277,0.704162117845655
Graham High,Alamance-Burlington Schools,Alamance County,37001,Graham,36.0755,-79.382,25,25.0,35.0,40.0,37.0,32.400000000000006,30.46229987672855,34.29536918845226,3.833069311723708,Stable,5,Multidomain Elevated Stress,Housing,1.115419347968643,0,,25.0,25.0,35.0,40.0,37.0,-0.11869435432565663,0.8657900752673058
Southern Alamance High,Alamance-Burlington Schools,Alamance County,37001,Graham,36.002,-79.40638200000001,25,25.0,35.0,40.0,37.0,32.400000000000006,30.46229987672855,34.29536918845226,3.833069311723708,Stable,5,Multidomain Elevated Stress,Housing,1.115419347968643,0,,25.0,25.0,35.0,40.0,37.0,-0.11869435432565663,0.8657900752673058
Ray Street Academy,Alamance-Burlington Schools,Alamance County,37001,Graham,36.061617,-79.39498900000001,25,25.0,35.0,40.0,37.0,32.400000000000006,30.46229987672855,34.29536918845226,3.833069311723708,Stable,5,Multidomain Elevated Stress,Housing,1.115419347968643,0,,25.0,25.0,35.0,40.0,37.0,-0.11869435432565663,0.8657900752673058
Abss Early College At Acc,Alamance-Burlington Schools,Alamance County,37001,Graham,36.0665,-79.35770000000001,25,25.0,35.0,40.0,37.0,32.400000000000006,30.46229987672855,34.29536918845226,3.833069311723708,Stable,5,Multidomain Elevated Stress,Housing,1.115419347968643,0,,25.0,25.0,35.0,40.0,37.0,-0.11869435432565663,0.8657900752673058
Pine Forest High,Cumberland County Schools,Cumberland County,37051,Fayetteville,35.1548,-78.8865,34,20.0,38.0,45.0,49.0,37.2,33.83895174297284,40.017483238254826,6.178531495281987,Moderately sensitive,5,Multidomain Elevated Stress,Housing,1.1207050656083095,0,,34.0,20.0,38.0,45.0,49.0,0.8354689222538291,1.970334924356099
Piedmont Classical High School,Piedmont Classical High School,Guilford County,37081,Browns Summit,36.141264,-79.775149,35,19.0,33.0,33.0,42.0,32.4,29.841509869277232,34.510245751564824,4.668735882287592,Stable,5,Multidomain Elevated Stress,Economic,1.1448939471944704,0,,35.0,19.0,33.0,33.0,42.0,0.3058957338269246,0.835066987172478
Northern Nash High,Nash County Public Schools,Nash County,37127,Rocky Mount,35.9987,-77.89150000000001,35,24.0,33.0,44.0,46.0,36.400000000000006,33.8136771641121,38.688248808480594,4.874571644368494,Stable,5,Multidomain Elevated Stress,Housing,1.1576012313989135,0,,35.0,24.0,33.0,44.0,46.0,0.7199285698781676,1.5437522659071037
West Wilkes High School,Wilkes County Schools,Wilkes County,37193,Millers Creek,36.185679,-81.259411,27,25.0,34.0,29.0,39.0,30.8,29.35765501026194,32.474241024970866,3.1165860147089255,Stable,5,Multidomain Elevated Stress,Education,1.1650045834831162,0,,27.0,25.0,34.0,29.0,39.0,0.10350141069203848,-0.03222899196803108
West Craven High,Craven County Schools,Craven County,37049,Vanceboro,35.2376,-77.1374,33,25.0,34.0,46.0,50.0,37.6,34.82141832837638,40.38103307976442,5.55961475138804,Moderately sensitive,5,Multidomain Elevated Stress,Housing,1.1662635569734907,0,,33.0,25.0,34.0,46.0,50.0,0.8000524235194721,1.7041474801202117
Walter M Williams High,Alamance-Burlington Schools,Alamance County,37001,Burlington,36.0887,-79.453525,26,18.0,35.0,34.0,37.0,30.0,27.621524167505942,32.003404735925926,4.38188056841998,Stable,5,Multidomain Elevated Stress,Housing,1.1685660591530744,0,,26.0,18.0,35.0,34.0,37.0,-0.5313810899540033,0.7918006879284958
Overhills High,Harnett County Schools,Harnett County,37085,Spring Lake,35.2455,-78.9698,34,20.0,35.0,44.0,33.0,33.2,30.628348135691834,35.50593806831605,4.877589932624215,Stable,5,Multidomain Elevated Stress,Housing,1.18689234452824,0,,34.0,20.0,35.0,44.0,33.0,0.15471740725681177,1.5822575361216287
Douglas Byrd High,Cumberland County Schools,Cumberland County,37051,Fayetteville,35.0314,-78.94850000000001,35,24.0,40.0,43.0,49.0,38.2,35.37776372887897,40.61886979521494,5.241106066335973,Moderately sensitive,5,Multidomain Elevated Stress,Housing,1.2114888780107567,0,,35.0,24.0,40.0,43.0,49.0,1.4283106813920812,1.5916153831645723
Innovation Early College High,Pitt County Schools,Pitt County,37147,Greenville,35.604717,-77.362081,33,17.0,38.0,32.0,39.0,31.8,29.00102729599489,33.81277677249906,4.811749476504172,Stable,5,Multidomain Elevated Stress,Health,1.2227642638554364,0,,33.0,17.0,38.0,32.0,39.0,0.34529521888717735,0.8524129968410714
Hoke County High,Hoke County Schools,Hoke County,37093,Raeford,34.9727,-79.23400000000001,29,21.0,31.0,41.0,57.0,35.800000000000004,32.28559607732575,39.90498108052864,7.619385003202893,Moderately sensitive,5,Multidomain Elevated Stress,Housing,1.2305029235980072,0,,29.0,21.0,31.0,41.0,57.0,0.0883741790301959,1.539588447030291
Sandhoke Early College High,Hoke County Schools,Hoke County,37093,Raeford,34.977056000000005,-79.205506,29,21.0,31.0,41.0,57.0,35.800000000000004,32.28559607732575,39.90498108052864,7.619385003202893,Moderately sensitive,5,Multidomain Elevated Stress,Housing,1.2305029235980072,0,,29.0,21.0,31.0,41.0,57.0,0.0883741790301959,1.539588447030291
Ashbrook High,Gaston County Schools,Gaston County,37071,Gastonia,35.2431,-81.1272,25,25.0,35.0,33.0,33.0,30.200000000000003,28.867971133642705,31.4789875400223,2.611016406379594,Stable,5,Multidomain Elevated Stress,Housing,1.253984171497825,0,,25.0,25.0,35.0,33.0,33.0,-0.17251725638514218,0.19577638002813214
Turning Point Academy,Charlotte-Mecklenburg Schools,Mecklenburg County,37119,Charlotte,35.273766,-80.950755,30,26.0,32.0,32.0,33.0,30.6,29.72978317042994,31.26518072061868,1.5353975501887405,Stable,5,Multidomain Elevated Stress,Education,1.262466207062244,0,,30.0,26.0,32.0,32.0,33.0,0.08952727808889172,0.08539743440848077
Northside High,Beaufort County Schools,Beaufort County,37013,Pinetown,35.5366,-76.73010000000001,32,21.0,41.0,33.0,31.0,31.6,29.538620895352008,33.47740798141868,3.938787086066672,Stable,5,Multidomain Elevated Stress,Health,1.2718165262552092,0,,32.0,21.0,41.0,33.0,31.0,0.6167901999712867,0.582255860885737
Southern School Of Energy And Sustainabi,Durham Public Schools,Durham County,37063,Durham,35.999900000000004,-78.8291,27,28.0,35.0,31.0,46.0,33.400000000000006,31.567342671544957,35.792258325559395,4.224915654014438,Stable,5,Multidomain Elevated Stress,Education,1.2899803421228944,0,,27.0,28.0,35.0,31.0,46.0,0.5958590754671578,0.08478219450201371
West Rowan High,Rowan-Salisbury Schools,Rowan County,37159,Mount Ulla,35.6993,-80.6431,27,27.0,31.0,39.0,43.0,33.400000000000006,31.489958323317055,35.4865883027632,3.996629979446144,Stable,5,Multidomain Elevated Stress,Housing,1.3277902597221907,0,,27.0,27.0,31.0,39.0,43.0,0.02453497744867645,0.737856589389082
Junius H Rose High,Pitt County Schools,Pitt County,37147,Greenville,35.5939,-77.3842,29,16.0,40.0,36.0,39.0,32.0,28.940430685562102,34.42576255787747,5.485331872315367,Moderately sensitive,5,Multidomain Elevated Stress,Health,1.3637176326484952,0,,29.0,16.0,40.0,36.0,39.0,0.06095787240200286,1.2240721431307482
Page High,Guilford County Schools,Guilford County,37081,Greensboro,36.1091,-79.7856,30,18.0,37.0,24.0,42.0,30.200000000000003,27.537048184027228,32.80883832082778,5.271790136800554,Moderately sensitive,5,Multidomain Elevated Stress,Health,1.5030781455789695,0,,30.0,18.0,37.0,24.0,42.0,0.20637116558480337,0.09522791620754166
North Gaston High,Gaston County Schools,Gaston County,37071,Dallas,35.3344,-81.17750000000001,25,28.0,37.0,33.0,33.0,31.200000000000003,29.892687302620192,32.48232305725035,2.589635754630155,Stable,5,Multidomain Elevated Stress,Education,1.5276693218655435,0,,25.0,28.0,37.0,33.0,33.0,0.23899535044531456,0.036113018207923044
Carver High,Winston Salem / Forsyth County Schools,Forsyth County,37067,Winston Salem,36.1346,-80.20790000000001,35,25.0,43.0,33.0,39.0,35.0,33.02759517331253,36.75785540963034,3.730260236317811,Stable,5,Multidomain Elevated Stress,Health,1.5650859467394418,0,,35.0,25.0,43.0,33.0,39.0,1.5829987437122792,0.5381391830311248
Randleman High School,Randolph County School System,Randolph County,37151,Randleman,35.8265,-79.8211,25,26.0,40.0,41.0,29.0,32.2,30.15444588598979,34.36001571958684,4.20556983359705,Stable,5,Multidomain Elevated Stress,Housing,1.596476715043633,0,,25.0,26.0,40.0,41.0,29.0,0.1853618320686984,0.8180873790400431
North Pitt High,Pitt County Schools,Pitt County,37147,Bethel,35.747486,-77.362847,37,25.0,41.0,44.0,39.0,37.2,34.90508254723079,38.95991771657117,4.054835169340379,Stable,5,Multidomain Elevated Stress,Housing,1.6057836251112592,0,,37.0,25.0,41.0,44.0,39.0,1.5015797997955598,1.4918273460904066
Ashe County High,Ashe County Schools,Ashe County,37009,West Jefferson,36.3925,-81.479,26,23.0,30.0,39.0,62.0,36.0,32.29280660738154,40.948087255373615,8.655280647992072,Highly sensitive,5,Multidomain Elevated Stress,Crime,1.61621635187218,0,,26.0,23.0,30.0,39.0,62.0,0.03588023479180723,1.271727969699977
Bartlett Yancey High,Caswell County Schools,Caswell County,37033,Yanceyville,36.4033,-79.32730000000001,33,25.0,42.0,46.0,56.0,40.400000000000006,37.0790319824344,43.71243586832957,6.63340388589517,Moderately sensitive,5,Multidomain Elevated Stress,Housing,1.6220446452730262,0,,33.0,25.0,42.0,46.0,56.0,1.6689633599313087,1.9000997781995888
Rocky Mount High,Nash County Public Schools,Nash County,37127,Rocky Mount,35.939076,-77.834874,39,23.0,41.0,33.0,46.0,36.4,33.78319926313888,38.5976325157766,4.81443325263772,Stable,5,Multidomain Elevated Stress,Economic,1.6500222568907112,0,,39.0,23.0,41.0,33.0,46.0,1.788495192682992,0.8113815721012302
Trinity High School,Randolph County School System,Randolph County,37151,Trinity,35.8943,-79.99770000000001,25,28.0,39.0,39.0,29.0,32.0,30.228003172648485,33.83263105749,3.6046278848415128,Stable,5,Multidomain Elevated Stress,Health,1.6736816577860687,0,,25.0,28.0,39.0,39.0,29.0,0.26711246954636103,0.511106517146502
Randolph Early College High School,Randolph County School System,Randolph County,37151,Asheboro,35.6728,-79.8285,26,28.0,40.0,40.0,29.0,32.6,30.782874823184574,34.52050271168817,3.7376278885035887,Stable,5,Multidomain Elevated Stress,Health,1.6773716372575829,0,,26.0,28.0,40.0,40.0,29.0,0.4372596383790679,0.6240106268365853
Greene Central High,Greene County Schools,Greene County,37079,Snow Hill,35.4799,-77.6703,35,26.0,31.0,46.0,59.0,39.4,36.03048776554965,43.3240337807826,7.293546015232955,Moderately sensitive,5,Multidomain Elevated Stress,Housing,1.7674871526534508,0,,35.0,26.0,31.0,46.0,59.0,1.0258752622102663,1.7855493002398832
Greene Early College High,Greene County Schools,Greene County,37079,Snow Hill,35.4759,-77.6705,35,26.0,31.0,46.0,59.0,39.4,36.03048776554965,43.3240337807826,7.293546015232955,Moderately sensitive,5,Multidomain Elevated Stress,Housing,1.7674871526534508,0,,35.0,26.0,31.0,46.0,59.0,1.0258752622102663,1.7855493002398832
East Davidson High,Davidson County Schools,Davidson County,37057,Thomasville,35.8502,-80.1016,27,29.0,33.0,40.0,25.0,30.8,29.291028506232653,32.6435309856557,3.352502479423048,Stable,5,Multidomain Elevated Stress,Housing,1.8068504123979785,0,,27.0,29.0,33.0,40.0,25.0,-0.12350737228386303,0.4267081753435829
Ledford Senior High,Davidson County Schools,Davidson County,37057,Thomasville,35.963100000000004,-80.1343,27,29.0,33.0,40.0,25.0,30.8,29.291028506232653,32.6435309856557,3.352502479423048,Stable,5,Multidomain Elevated Stress,Housing,1.8068504123979785,0,,27.0,29.0,33.0,40.0,25.0,-0.12350737228386303,0.4267081753435829
Davidson Early College,Davidson County Schools,Davidson County,37057,Thomasville,35.864815,-80.182466,27,29.0,33.0,40.0,25.0,30.8,29.291028506232653,32.6435309856557,3.352502479423048,Stable,5,Multidomain Elevated Stress,Housing,1.8068504123979785,0,,27.0,29.0,33.0,40.0,25.0,-0.12350737228386303,0.4267081753435829
B C Ed Tech Center,Beaufort County Schools,Beaufort County,37013,Chocowinity,,,31,14.0,41.0,41.0,31.0,31.6,28.280633560750136,34.32612445655503,6.0454908958048925,Moderately sensitive,5,Multidomain Elevated Stress,Health,1.9026431886282142,0,,31.0,14.0,41.0,41.0,31.0,-0.07635084409860451,1.6861421053760521
Southside High,Beaufort County Schools,Beaufort County,37013,Chocowinity,35.445758,-77.056743,31,14.0,41.0,41.0,31.0,31.6,28.280633560750136,34.32612445655503,6.0454908958048925,Moderately sensitive,5,Multidomain Elevated Stress,Health,1.9026431886282142,0,,31.0,14.0,41.0,41.0,31.0,-0.07635084409860451,1.6861421053760521
Northern Guilford High,Guilford County Schools,Guilford County,37081,Greensboro,36.209,-79.807,30,13.0,33.0,27.0,42.0,29.0,25.909822082141513,31.725642591002313,5.815820508860799,Moderately sensitive,5,Multidomain Elevated Stress,Crime,1.9836531124114591,0,,30.0,13.0,33.0,27.0,42.0,-0.5608187220313117,0.6119851717035121
Bear Grass Charter School,Bear Grass Charter School,Martin County,37117,Williamston,35.768117000000004,-77.127255,29,18.0,37.0,55.0,57.0,39.2,34.56862719898952,43.675271130128976,9.10664393113946,Highly sensitive,5,Multidomain Elevated Stress,Housing,2.0530220469438665,0,,29.0,18.0,37.0,55.0,57.0,0.2845548880395992,3.002709596495351
Alleghany High,Alleghany County Schools,Alleghany County,37005,Sparta,36.513676,-81.12274500000001,32,28.0,24.0,42.0,55.0,36.2,33.10896132995064,39.95171829405932,6.8427569641086805,Moderately sensitive,5,Multidomain Elevated Stress,Housing,2.446231148623939,0,,32.0,28.0,24.0,42.0,55.0,0.21786819997011375,1.123534312226063
Hiwassee Dam High,Cherokee County Schools,Cherokee County,37039,Murphy,35.1039,-84.22370000000001,28,20.0,28.0,39.0,85.0,40.0,34.11634324929121,48.278731768716774,14.162388519425562,Highly sensitive,5,Multidomain Elevated Stress,Crime,2.758502742479715,0,,28.0,20.0,28.0,39.0,85.0,0.4076785526907385,1.842673698290344
Tri-County Early College High,Cherokee County Schools,Cherokee County,37039,Murphy,35.065177,-83.96798,27,20.0,27.0,37.0,85.0,39.2,33.355027854767876,47.6001427722553,14.245114917487427,Highly sensitive,5,Multidomain Elevated Stress,Crime,2.8689733700181725,0,,27.0,20.0,27.0,37.0,85.0,0.2448980478369194,1.6435440362564144
Murphy High,Cherokee County Schools,Cherokee County,37039,Murphy,35.100500000000004,-84.0164,27,20.0,27.0,38.0,85.0,39.4,33.526548416215824,47.82155848494709,14.295010068731266,Highly sensitive,5,Multidomain Elevated Stress,Crime,2.870372332976612,0,,27.0,20.0,27.0,38.0,85.0,0.23753138385803166,1.7297695886002609
Andrews High,Cherokee County Schools,Cherokee County,37039,Andrews,35.1954,-83.8244,26,21.0,26.0,35.0,85.0,38.6,32.85936316303362,47.10206134268129,14.242698179647668,Highly sensitive,5,Multidomain Elevated Stress,Crime,2.987710047163656,0,,26.0,21.0,26.0,35.0,85.0,0.1600528609645621,1.3831682490464983
The Oaks Academy,Cherokee County Schools,Cherokee County,37039,Marble,35.065177,-83.96798,23,18.0,28.0,34.0,85.0,37.6,31.633544256093256,46.31675209813456,14.683207842041302,Highly sensitive,5,Multidomain Elevated Stress,Crime,3.046411056596027,0,,23.0,18.0,28.0,34.0,85.0,-0.1546612952205387,1.460832934461278
Kinston High,Lenoir County Public Schools,Lenoir County,37107,Kinston,35.295700000000004,-77.5747,39,28.0,39.0,23.0,80.0,41.8,36.552156366521295,48.84106175470328,12.288905388181988,Highly sensitive,6,Economic and Crime Concentrated,Crime,0.7173651582838919,0,,39.0,28.0,39.0,23.0,80.0,2.9699429437425495,0.1835164541492044
Whiteville High,Whiteville City Schools,Columbus County,37047,Whiteville,34.3346,-78.7068,38,25.0,41.0,25.0,82.0,42.2,36.707965755768,49.53602480091816,12.828059045150155,Highly sensitive,6,Economic and Crime Concentrated,Crime,0.8597640504732245,0,,38.0,25.0,41.0,25.0,82.0,2.863144583313752,0.5823573119963708
Anson High School,Anson County Schools,Anson County,37007,Wadesboro,34.9774,-80.1028,36,26.0,39.0,20.0,74.0,39.0,33.90546433464644,45.523117998430834,11.617653663784395,Highly sensitive,6,Economic and Crime Concentrated,Crime,0.927019497131722,0,,36.0,26.0,39.0,20.0,74.0,2.4121064557430647,-0.09624334725582016
Anson Co. Early College High,Anson County Schools,Anson County,37007,Polkton,35.000452,-80.211222,36,26.0,39.0,20.0,74.0,39.0,33.90546433464644,45.523117998430834,11.617653663784395,Highly sensitive,6,Economic and Crime Concentrated,Crime,0.927019497131722,0,,36.0,26.0,39.0,20.0,74.0,2.4121064557430647,-0.09624334725582016
Columbus Career And College Academy,Columbus County Schools,Columbus County,37047,Whiteville,34.332,-78.78240000000001,36,26.0,40.0,23.0,82.0,41.400000000000006,35.8895815847591,48.87254612302356,12.98296453826446,Highly sensitive,6,Economic and Crime Concentrated,Crime,0.9841251340697108,0,,36.0,26.0,40.0,23.0,82.0,2.689638890072836,0.30734047429409317
North Whiteville Academy,Whiteville City Schools,Columbus County,37047,Whiteville,34.327284,-78.710648,36,26.0,40.0,23.0,82.0,41.400000000000006,35.8895815847591,48.87254612302356,12.98296453826446,Highly sensitive,6,Economic and Crime Concentrated,Crime,0.9841251340697108,0,,36.0,26.0,40.0,23.0,82.0,2.689638890072836,0.30734047429409317
Vance County High School,Vance County Schools,Vance County,37181,Henderson,36.303202,-78.374122,38,24.0,37.0,25.0,87.0,42.2,36.30648097295936,50.364425022386214,14.057944049426853,Highly sensitive,6,Economic and Crime Concentrated,Crime,1.0216553882718673,0,,38.0,24.0,37.0,25.0,87.0,2.561532896949771,0.6784969457971678
Vance Co Early College,Vance County Schools,Vance County,37181,Henderson,36.3232,-78.48700000000001,38,24.0,37.0,25.0,87.0,42.2,36.30648097295936,50.364425022386214,14.057944049426853,Highly sensitive,6,Economic and Crime Concentrated,Crime,1.0216553882718673,0,,38.0,24.0,37.0,25.0,87.0,2.561532896949771,0.6784969457971678
Advance Academy,Vance County Schools,Vance County,37181,Henderson,36.327653,-78.399392,38,25.0,36.0,24.0,87.0,42.0,36.11557816651057,50.234035583409074,14.1184574168985,Highly sensitive,6,Economic and Crime Concentrated,Crime,1.0453069601899936,0,,38.0,25.0,36.0,24.0,87.0,2.557981552467084,0.5189877614234595
Scotland Early College High,Scotland County Schools,Scotland County,37165,Laurinburg,34.772992,-79.47123,42,28.0,41.0,20.0,80.0,42.2,36.5521611298699,49.22997998305076,12.67781885318086,Highly sensitive,6,Economic and Crime Concentrated,Crime,1.0461663503435201,0,,42.0,28.0,41.0,20.0,80.0,3.43573110767096,-0.007162037697499198
Scotland High School,Scotland County Schools,Scotland County,37165,Laurinburg,34.7781,-79.4774,42,28.0,41.0,20.0,80.0,42.2,36.5521611298699,49.22997998305076,12.67781885318086,Highly sensitive,6,Economic and Crime Concentrated,Crime,1.0461663503435201,0,,42.0,28.0,41.0,20.0,80.0,3.43573110767096,-0.007162037697499198
Richmond Senior High,Richmond County Schools,Richmond County,37153,Rockingham,34.9495,-79.7157,40,27.0,40.0,24.0,55.0,37.2,33.89941746962282,40.74986433908519,6.850446869462374,Moderately sensitive,6,Economic and Crime Concentrated,Economic,1.0588855960047705,0,,40.0,27.0,40.0,24.0,55.0,2.4034701076456737,-0.057550991186285275
Richmond Early College High,Richmond County Schools,Richmond County,37153,Hamlet,34.905198,-79.709745,40,27.0,40.0,24.0,55.0,37.2,33.89941746962282,40.74986433908519,6.850446869462374,Moderately sensitive,6,Economic and Crime Concentrated,Economic,1.0588855960047705,0,,40.0,27.0,40.0,24.0,55.0,2.4034701076456737,-0.057550991186285275
Roanoke Valley Early College,Weldon City Schools,Halifax County,37083,Weldon,36.428164,-77.617534,45,25.0,42.0,24.0,66.0,40.400000000000006,35.93668405202424,45.42761741327294,9.4909333612487,Highly sensitive,6,Economic and Crime Concentrated,Economic,1.1177872441806669,0,,45.0,25.0,42.0,24.0,66.0,3.158429918668788,0.3449173046239326
Weldon Stem High School Career Academies,Weldon City Schools,Halifax County,37083,Weldon,36.3685,-77.59100000000001,45,25.0,42.0,24.0,66.0,40.400000000000006,35.93668405202424,45.42761741327294,9.4909333612487,Highly sensitive,6,Economic and Crime Concentrated,Economic,1.1177872441806669,0,,45.0,25.0,42.0,24.0,66.0,3.158429918668788,0.3449173046239326
Ashley Chapel Educational Center,Richmond County Schools,Richmond County,37153,Rockingham,34.897049,-79.784233,41,27.0,40.0,22.0,55.0,37.0,33.56057376894145,40.67329473072438,7.112720961782927,Moderately sensitive,6,Economic and Crime Concentrated,Economic,1.1320888288655027,0,,41.0,27.0,40.0,22.0,55.0,2.506863941972008,-0.21536104538161632
Cherokee Central High School,Cherokee Central High School,Swain County,37173,Cherokee,35.512416,-83.296951,40,28.0,38.0,24.0,91.0,44.2,38.11221380601882,52.7515680280877,14.63935422206888,Highly sensitive,6,Economic and Crime Concentrated,Crime,1.1787074168663776,0,,40.0,28.0,38.0,24.0,91.0,3.2522047219463572,0.4550413294202231
Bertie High,Bertie County Schools,Bertie County,37015,Windsor,36.051033,-76.968744,43,26.0,34.0,27.0,57.0,37.4,34.18549877126023,41.22936333325036,7.043864561990134,Moderately sensitive,6,Economic and Crime Concentrated,Economic,1.205038418475228,0,,43.0,26.0,34.0,27.0,57.0,2.0889911331308584,0.2672873157911973
Bertie Early College High,Bertie County Schools,Bertie County,37015,Windsor,36.050952,-76.971551,43,26.0,34.0,27.0,57.0,37.4,34.18549877126023,41.22936333325036,7.043864561990134,Moderately sensitive,6,Economic and Crime Concentrated,Economic,1.205038418475228,0,,43.0,26.0,34.0,27.0,57.0,2.0889911331308584,0.2672873157911973
Roanoke Rapids High School,Roanoke Rapids City Schools,Halifax County,37083,Roanoke Rapids,36.458924,-77.653829,43,25.0,40.0,16.0,66.0,38.0,32.93904654114783,43.572474054798576,10.633427513650744,Highly sensitive,6,Economic and Crime Concentrated,Economic,1.2383053718781662,0,,43.0,25.0,40.0,16.0,66.0,2.8623355648767004,-0.3982442288193117
Kings Mountain High,Cleveland County Schools,Cleveland County,37045,Kings Mountain,35.2346,-81.37010000000001,39,25.0,36.0,17.0,59.0,35.2,30.998595127079582,39.85869903287985,8.860103905800262,Highly sensitive,6,Economic and Crime Concentrated,Economic,1.2727412221205885,0,,39.0,25.0,36.0,17.0,59.0,1.9604818573059613,-0.5349938563168497
Northwest Halifax Collegiate And Technic,Halifax County Schools,Halifax County,37083,Littleton,36.386229,-77.789293,47,27.0,41.0,29.0,66.0,42.0,37.95150258839525,46.60501947192056,8.653516883525306,Highly sensitive,6,Economic and Crime Concentrated,Economic,1.272879299079449,0,,47.0,27.0,41.0,29.0,66.0,3.3659349210313536,0.6707974101220385
Northampton County High School,Northampton County Schools,Northampton County,37131,Gaston,36.511417,-77.65309500000001,38,25.0,32.0,32.0,66.0,38.6,34.90480520699975,43.56357121709645,8.658766010096706,Highly sensitive,6,Economic and Crime Concentrated,Crime,1.2890831972865429,0,,38.0,25.0,32.0,32.0,66.0,1.5903397978274174,0.8118593013894183
Shaw Academy,Scotland County Schools,Scotland County,37165,Laurinburg,34.8587,-79.41680000000001,41,27.0,44.0,20.0,80.0,42.4,36.56720814922822,49.48888147013764,12.92167332090942,Highly sensitive,6,Economic and Crime Concentrated,Crime,1.3089717734834856,0,,41.0,27.0,44.0,20.0,80.0,3.5356952626500475,0.07555555754775205
West Columbus High,Columbus County Schools,Columbus County,37047,Cerro Gordo,34.3281,-78.924,46,23.0,41.0,25.0,82.0,43.400000000000006,37.51856773283424,50.63521046585679,13.116642733022545,Highly sensitive,6,Economic and Crime Concentrated,Economic,1.3220425637980144,0,,46.0,23.0,41.0,25.0,82.0,3.4165579982992966,0.8219779662872364
Shelby High,Cleveland County Schools,Cleveland County,37045,Shelby,35.2746,-81.53840000000001,36,22.0,36.0,22.0,59.0,35.0,31.161935798012237,39.56837415245344,8.406438354441207,Highly sensitive,6,Economic and Crime Concentrated,Crime,1.3321927309333759,0,,36.0,22.0,36.0,22.0,59.0,1.4238610643614624,0.03594912945325698
Roanoke Rapids Early College High,Roanoke Rapids City Schools,Halifax County,37083,Roanoke Rapids,36.457474000000005,-77.654501,45,25.0,42.0,18.0,66.0,39.2,34.26663960909546,44.614622315196115,10.347982706100652,Highly sensitive,6,Economic and Crime Concentrated,Economic,1.3762340121792407,0,,45.0,25.0,42.0,18.0,66.0,3.202629902542114,-0.17243600943914517
Cleveland Echs,Cleveland County Schools,Cleveland County,37045,Shelby,35.2804,-81.4923,37,23.0,35.0,19.0,59.0,34.6,30.613519339500183,39.26172890171901,8.648209562218828,Highly sensitive,6,Economic and Crime Concentrated,Economic,1.3773592713404852,0,,37.0,23.0,35.0,19.0,59.0,1.5237035542051094,-0.2813701091157823
Burns High,Cleveland County Schools,Cleveland County,37045,Lawndale,35.4201,-81.5323,35,22.0,37.0,22.0,59.0,35.0,31.16165374437844,39.57505646695763,8.413402722579193,Highly sensitive,6,Economic and Crime Concentrated,Crime,1.3777840036760645,0,,35.0,22.0,37.0,22.0,59.0,1.4240538844359398,0.03334558581477084
Turning Point Academy,Cleveland County Schools,Cleveland County,37045,Shelby,35.293104,-81.54542000000001,35,21.0,39.0,25.0,59.0,35.800000000000004,32.02268154156164,40.26686100381848,8.244179462256845,Highly sensitive,6,Economic and Crime Concentrated,Crime,1.405239176601933,0,,35.0,21.0,39.0,25.0,59.0,1.501725227403887,0.3773433817300471
Warren County High,Warren County Schools,Warren County,37185,Warrenton,36.4327,-78.1654,41,29.0,33.0,26.0,55.0,36.8,33.92518796321878,40.28608702080973,6.360899057590949,Moderately sensitive,6,Economic and Crime Concentrated,Economic,1.4233046148931336,0,,41.0,29.0,33.0,26.0,55.0,2.011294636918129,-0.07721363433533203
Warren New Tech High,Warren County Schools,Warren County,37185,Warrenton,,,41,29.0,33.0,26.0,55.0,36.8,33.92518796321878,40.28608702080973,6.360899057590949,Moderately sensitive,6,Economic and Crime Concentrated,Economic,1.4233046148931336,0,,41.0,29.0,33.0,26.0,55.0,2.011294636918129,-0.07721363433533203
Warren Early College High,Warren County Schools,Warren County,37185,Warrenton,36.403781,-78.155772,41,29.0,33.0,26.0,55.0,36.8,33.92518796321878,40.28608702080973,6.360899057590949,Moderately sensitive,6,Economic and Crime Concentrated,Economic,1.4233046148931336,0,,41.0,29.0,33.0,26.0,55.0,2.011294636918129,-0.07721363433533203
South Creek High,Martin County Schools,Martin County,37117,Robersonville,35.85624,-77.24359100000001,42,26.0,31.0,23.0,57.0,35.800000000000004,32.33312762372407,39.94563322945648,7.612505605732409,Moderately sensitive,6,Economic and Crime Concentrated,Economic,1.5740829197412198,0,,42.0,26.0,31.0,23.0,57.0,1.7632373033487427,-0.12836846463817558
Crest High,Cleveland County Schools,Cleveland County,37045,Shelby,35.2723,-81.60940000000001,36,22.0,34.0,19.0,59.0,34.0,30.010366339295302,38.72540398220178,8.715037642906477,Highly sensitive,6,Economic and Crime Concentrated,Crime,1.5830288024623755,0,,36.0,22.0,34.0,19.0,59.0,1.2682544034120535,-0.2468025412860326
Midway High,Sampson County Schools,Sampson County,37163,Newton Grove,35.175081,-78.473133,35,28.0,31.0,22.0,67.0,36.6,32.510775726528465,42.09809660272931,9.587320876200849,Highly sensitive,6,Economic and Crime Concentrated,Crime,1.6038033804605347,0,,35.0,28.0,31.0,22.0,67.0,1.5693249334898924,-0.27348654869990213
Halifax County Early College High,Halifax County Schools,Halifax County,37083,Weldon,36.428164,-77.617534,49,27.0,42.0,24.0,66.0,41.6,37.10002084593285,46.4809481845357,9.380927338602843,Highly sensitive,6,Economic and Crime Concentrated,Economic,1.6165039323297352,0,,49.0,27.0,42.0,24.0,66.0,3.6689425801059454,0.2809892562414055
Northampton Early College,Northampton County Schools,Halifax County,37083,Weldon,36.428164,-77.617534,49,27.0,42.0,24.0,66.0,41.6,37.10002084593285,46.4809481845357,9.380927338602843,Highly sensitive,6,Economic and Crime Concentrated,Economic,1.6165039323297352,0,,49.0,27.0,42.0,24.0,66.0,3.6689425801059454,0.2809892562414055
Thomas Academy,Thomas Academy,Columbus County,37047,Lake Waccamaw,34.320738,-78.524964,35,21.0,43.0,31.0,82.0,42.4,36.82223717980484,49.762805417981674,12.940568238176835,Highly sensitive,6,Economic and Crime Concentrated,Crime,1.6170206538992529,0,,35.0,21.0,43.0,31.0,82.0,2.4189284612949757,1.3248469889940613
East Columbus Junior-Senior High,Columbus County Schools,Columbus County,37047,Lake Waccamaw,34.3359,-78.5016,35,21.0,43.0,31.0,82.0,42.4,36.82223717980484,49.762805417981674,12.940568238176835,Highly sensitive,6,Economic and Crime Concentrated,Crime,1.6170206538992529,0,,35.0,21.0,43.0,31.0,82.0,2.4189284612949757,1.3248469889940613
Hertford County High,Hertford County Schools,Hertford County,37091,Ahoskie,36.2966,-76.9982,33,26.0,44.0,24.0,61.0,37.6,33.70379721961567,42.158487540419664,8.45469032080399,Highly sensitive,6,Economic and Crime Concentrated,Health,1.641005112785581,0,,33.0,26.0,44.0,24.0,61.0,2.2184088757239953,0.04901005120704638
Hertford Co Early College,Hertford County Schools,Hertford County,37091,Ahoskie,36.3248,-77.0236,33,26.0,44.0,24.0,61.0,37.6,33.70379721961567,42.158487540419664,8.45469032080399,Highly sensitive,6,Economic and Crime Concentrated,Health,1.641005112785581,0,,33.0,26.0,44.0,24.0,61.0,2.2184088757239953,0.04901005120704638
Bladen Early College,Bladen County Schools,Bladen County,37017,Dublin,34.645814,-78.73133200000001,34,,41.0,,92.0,55.66666666666667,47.52641251910742,66.80560528659706,19.27919276748964,Highly sensitive,6,Economic and Crime Concentrated,Crime,1.6572620460707272,2,"Education, Housing",34.0,23.0,41.0,27.0,92.0,2.6013724686980675,0.9848235371472144
Red Springs High,Public Schools Of Robeson County,Robeson County,37155,Red Springs,34.8232,-79.1857,45,31.0,41.0,18.0,84.0,43.8,37.5484060088169,51.314298123193495,13.765892114376598,Highly sensitive,6,Economic and Crime Concentrated,Crime,1.673656446413633,0,,45.0,31.0,41.0,18.0,84.0,4.055641458590495,-0.25299353760381743
Riverside High,Martin County Schools,Martin County,37117,Williamston,35.836611,-77.07093400000001,42,26.0,30.0,23.0,57.0,35.6,32.13389344769605,39.753226677962935,7.619333230266882,Moderately sensitive,6,Economic and Crime Concentrated,Economic,1.7141580945177144,0,,42.0,26.0,30.0,23.0,57.0,1.6743839769057067,-0.14040597149205097
South Columbus High,Columbus County Schools,Columbus County,37047,Tabor City,34.173121,-78.814842,46,21.0,43.0,32.0,82.0,44.8,39.03137367098224,51.71159477712312,12.680221106140875,Highly sensitive,6,Economic and Crime Concentrated,Economic,1.7169922238210262,0,,46.0,21.0,43.0,32.0,82.0,3.386827367370232,1.5721240967538845
South Lenoir High,Lenoir County Public Schools,Lenoir County,37107,Deep Run,35.146193000000004,-77.704468,38,34.0,38.0,18.0,80.0,41.6,35.94528925022791,48.624485904410406,12.679196654182498,Highly sensitive,6,Economic and Crime Concentrated,Crime,1.7295192183458605,0,,38.0,34.0,38.0,18.0,80.0,3.296874338714163,-0.6417666159721839
Tarboro High,Edgecombe County Public Schools,Edgecombe County,37065,Tarboro,35.9014,-77.5583,48,24.0,42.0,18.0,79.0,42.2,35.99418546922673,49.29752380576843,13.3033383365417,Highly sensitive,6,Economic and Crime Concentrated,Economic,1.7298630509798505,0,,48.0,24.0,42.0,18.0,79.0,3.7331921408793507,0.14864646091873712
West Bladen High,Bladen County Schools,Bladen County,37017,Bladenboro,34.6394,-78.7416,40,24.0,33.0,17.0,92.0,41.2,34.31393950224845,50.44135425827765,16.127414756029196,Highly sensitive,6,Economic and Crime Concentrated,Crime,1.771199631584324,0,,40.0,24.0,33.0,17.0,92.0,2.57411085313547,0.052868136655930945
Saint Pauls High,Public Schools Of Robeson County,Robeson County,37155,Saint Pauls,34.81469,-78.976803,42,29.0,40.0,42.0,84.0,47.400000000000006,42.56859453458341,54.127518454356,11.558923919772596,Highly sensitive,6,Economic and Crime Concentrated,Crime,1.7908494373740234,0,,42.0,29.0,40.0,42.0,84.0,3.3681360415855557,1.882951310669507
Hobbton High,Sampson County Schools,Sampson County,37163,Newton Grove,35.177781,-78.329097,35,30.0,30.0,23.0,67.0,37.0,33.076336898580436,42.42134772667637,9.345010828095935,Highly sensitive,6,Economic and Crime Concentrated,Crime,1.822389924029215,0,,35.0,30.0,30.0,23.0,67.0,1.6289755790308922,-0.3217907535619044
Lakewood High,Sampson County Schools,Sampson County,37163,Salemburg,34.990777,-78.502174,32,27.0,31.0,23.0,67.0,36.0,32.08612951656314,41.68923278762722,9.60310327106408,Highly sensitive,6,Economic and Crime Concentrated,Crime,1.8348933350298722,0,,32.0,27.0,31.0,23.0,67.0,1.2180414324238675,-0.16993802265715388
East Bladen High,Bladen County Schools,Bladen County,37017,Elizabethtown,34.5788,-78.5312,36,24.0,31.0,26.0,92.0,41.8,35.582293808714134,50.92052700854253,15.338233199828396,Highly sensitive,6,Economic and Crime Concentrated,Crime,1.8440474079538793,0,,36.0,24.0,31.0,26.0,92.0,1.9754621989651746,0.7462588920733507
Sampson Early College High,Sampson County Schools,Sampson County,37163,Clinton,34.990386,-78.360878,33,28.0,30.0,22.0,67.0,36.0,31.963707852362845,41.634866041102285,9.67115818873944,Highly sensitive,6,Economic and Crime Concentrated,Crime,1.9045188192352498,0,,33.0,28.0,30.0,22.0,67.0,1.3031505943097395,-0.3148061565385006
Clinton High,Clinton City Schools,Sampson County,37163,Clinton,34.971935,-78.33035100000001,36,34.0,32.0,23.0,67.0,38.400000000000006,34.53976060057396,43.646258666792384,9.10649806621842,Highly sensitive,6,Economic and Crime Concentrated,Education,1.9248191286253682,0,,36.0,34.0,32.0,23.0,67.0,2.207084010211369,-0.5280591900657385
Lumberton Senior High,Public Schools Of Robeson County,Robeson County,37155,Lumberton,34.6464,-78.9984,44,28.0,46.0,38.0,84.0,48.00000000000001,42.90759492348701,54.65414958993908,11.746554666452075,Highly sensitive,6,Economic and Crime Concentrated,Crime,2.0165516807397523,0,,44.0,28.0,46.0,38.0,84.0,4.030108350914977,1.700802368578084
Psrc Early College At Rcc,Public Schools Of Robeson County,Robeson County,37155,Lumberton,34.6759,-79.0074,45,28.0,46.0,37.0,84.0,48.0,42.88855821272384,54.676265385589694,11.78770717286585,Highly sensitive,6,Economic and Crime Concentrated,Crime,2.019224647543583,0,,45.0,28.0,46.0,37.0,84.0,4.126135521262424,1.629217866726599
Southwest Edgecombe High,Edgecombe County Public Schools,Edgecombe County,37065,Pinetops,35.83652,-77.658317,46,25.0,48.0,33.0,79.0,46.2,41.03448280502087,52.422236318925,11.38775351390413,Highly sensitive,6,Economic and Crime Concentrated,Health,2.0880936191648365,0,,46.0,25.0,48.0,33.0,79.0,4.056426445098596,1.4237265610389742
North Lenoir High,Lenoir County Public Schools,Lenoir County,37107,La Grange,35.3417,-77.6793,36,27.0,34.0,45.0,80.0,44.4,39.54920127298746,50.97172306412558,11.422521791138116,Highly sensitive,6,Economic and Crime Concentrated,Crime,2.0959229939552957,0,,36.0,27.0,34.0,45.0,80.0,2.019692866904703,2.037614045143348
Edgecombe Early College High,Edgecombe County Public Schools,Edgecombe County,37065,Tarboro,35.879400000000004,-77.5723,46,26.0,48.0,36.0,79.0,47.0,41.99814614317148,53.01398929727126,11.015843154099777,Highly sensitive,6,Economic and Crime Concentrated,Health,2.1863292550014353,0,,46.0,26.0,48.0,36.0,79.0,4.112261771143395,1.6211570928945265
Union High,Sampson County Schools,Sampson County,37163,Rose Hill,34.809133,-78.23699400000001,32,30.0,29.0,23.0,67.0,36.2,32.359925873450436,41.76557540137111,9.405649527920673,Highly sensitive,6,Economic and Crime Concentrated,Crime,2.1924960960583255,0,,32.0,30.0,29.0,23.0,67.0,1.2741407334821806,-0.3777514118928645
Washington County High,Washington County Schools,Washington County,37187,Plymouth,35.8703,-76.73870000000001,46,24.0,32.0,28.0,41.0,34.2,31.837328881939655,36.829249031217536,4.991920149277881,Stable,6,Economic and Crime Concentrated,Economic,2.2911353431339063,0,,46.0,24.0,32.0,28.0,41.0,1.5924704997618537,0.2301139409273526
Lenoir County Early College High,Lenoir County Public Schools,Lenoir County,37107,Kinston,35.235522,-77.572005,36,30.0,33.0,46.0,80.0,45.0,40.37257132828382,51.482310103323,11.109738775039183,Highly sensitive,6,Economic and Crime Concentrated,Crime,2.343537605558965,0,,36.0,30.0,33.0,46.0,80.0,2.1572788304271646,1.928063715105359
Northeast Regional School - Biotech/Agri,Northeast Regional School - Biotech/Agri,Martin County,37117,Jamesville,,,46,22.0,28.0,19.0,57.0,34.400000000000006,30.19545439313425,39.08196995717127,8.886515564037019,Highly sensitive,6,Economic and Crime Concentrated,Economic,2.3945050828087973,0,,46.0,22.0,28.0,19.0,57.0,1.5690447334835733,-0.2058344919017942
North Edgecombe High,Edgecombe County Public Schools,Edgecombe County,37065,Tarboro,35.9894,-77.58160000000001,47,28.0,44.0,46.0,79.0,48.8,44.1039273827183,54.325032762442675,10.221105379724378,Highly sensitive,6,Economic and Crime Concentrated,Economic,2.465182498499753,0,,47.0,28.0,44.0,46.0,79.0,3.927712967913856,2.3274113890578763
Swain County High School,Swain County Schools,Swain County,37173,Bryson City,35.447267000000004,-83.45671,33,22.0,30.0,39.0,91.0,43.0,36.9023758073088,51.88307689797313,14.980701090664333,Highly sensitive,6,Economic and Crime Concentrated,Crime,2.524646390278025,0,,33.0,22.0,30.0,39.0,91.0,1.342642698250075,1.9171139573563034
Washington Early College High,Washington County Schools,Washington County,37187,Creswell,35.869059,-76.3961,48,26.0,29.0,32.0,41.0,35.2,32.86398129080163,37.855277652360975,4.991296361559343,Stable,6,Economic and Crime Concentrated,Economic,2.729056309901624,0,,48.0,26.0,29.0,32.0,41.0,1.6296355132172355,0.44569348037386153
Purnell Swett High,Public Schools Of Robeson County,Robeson County,37155,Pembroke,34.6961,-79.2467,46,28.0,51.0,37.0,84.0,49.2,43.95099523770355,55.75071507458416,11.799719836880612,Highly sensitive,6,Economic and Crime Concentrated,Health,2.729507187370371,0,,46.0,28.0,51.0,37.0,84.0,4.659062659846162,1.7040464514883376
Southeast Halifax Collegiate Prep Academ,Halifax County Schools,Halifax County,37083,Halifax,36.2193,-77.5509,48,28.0,44.0,52.0,66.0,47.6,43.607514245097136,51.30658990791011,7.69907566281298,Moderately sensitive,6,Economic and Crime Concentrated,Economic,2.991000976101021,0,,48.0,28.0,44.0,52.0,66.0,3.6296574531960655,2.6434925599085046
Fairmont High,Public Schools Of Robeson County,Robeson County,37155,Fairmont,34.479,-79.0951,48,28.0,52.0,41.0,84.0,50.60000000000001,45.39469536829038,56.88340514710452,11.48870977881414,Highly sensitive,6,Economic and Crime Concentrated,Health,3.142859521132944,0,,48.0,28.0,52.0,41.0,84.0,4.895770343110764,2.0902682687023213
Pamlico County High,Pamlico County Schools,Pamlico County,37137,Bayboro,35.1426,-76.7792,28,21.0,29.0,34.0,100.0,42.400000000000006,35.430403638213576,52.84726978106014,17.416866142846565,Highly sensitive,6,Economic and Crime Concentrated,Crime,3.1565687392244506,0,,28.0,21.0,29.0,34.0,100.0,1.0065113291785468,1.6114679263699367
Paul R. Brown Leadership Academy,Paul R Brown Leadership Academy,Bladen County,37017,Elizabethtown,34.620779,-78.618286,37,26.0,20.0,30.0,92.0,41.0,34.652709483622225,50.18943878498948,15.536729301367252,Highly sensitive,6,Economic and Crime Concentrated,Crime,3.4029554161852813,0,,37.0,26.0,20.0,30.0,92.0,1.21314009450771,0.8508973261964949
Cs Brown High - Stem Program,Hertford County Schools,Hertford County,37091,Winton,36.385551,-76.93894900000001,37,,65.0,,61.0,54.33333333333333,49.086197018748095,58.36328387698541,9.277086858237318,Highly sensitive,6,Economic and Crime Concentrated,Health,4.746260176223651,2,"Education, Housing",37.0,23.0,65.0,27.0,61.0,4.1830648106209365,0.8027769296673742
