Name,School District,County,City,Zip Code,FIPS County Code,SAB Available,nces_id,nces_name,latitude,longitude,match_method,match_score,Economic,Education,Health,Housing,Crime,Composite Score,equal_weight_score,score_p05,score_p50,score_p95,score_range_90,available_domains,available_indicators
Douglas Byrd High,Cumberland County Schools,Cumberland County,Fayetteville,28304,37051,1,370001100400,Douglas Byrd High,35.0314,-78.94850000000001,exact_name_zip,100.0,35,24.0,40.0,43.0,49.0,38,38.2,35.37776372887897,38.321813946053176,40.61886979521494,5.241106066335973,5,17
Cape Fear High,Cumberland County Schools,Cumberland County,Fayetteville,28312,37051,1,370001100402,Cape Fear High,35.0345,-78.762,exact_name_zip,100.0,33,22.0,39.0,41.0,49.0,37,36.8,33.83303504530142,36.919101536515,39.48055558707269,5.6475205417712715,5,17
Massey Hill Classical High,Cumberland County Schools,Cumberland County,Fayetteville,28306,37051,1,370001100420,Massey Hill Classical High,35.0311,-78.8949,exact_name_zip,100.0,33,22.0,39.0,41.0,49.0,37,36.8,33.83303504530142,36.919101536515,39.48055558707269,5.6475205417712715,5,17
Pine Forest High,Cumberland County Schools,Cumberland County,Fayetteville,28311,37051,1,370001100426,Pine Forest High,35.1548,-78.8865,exact_name_zip,100.0,34,20.0,38.0,45.0,49.0,37,37.2,33.83895174297284,37.331560210505025,40.017483238254826,6.178531495281987,5,17
Seventy-First High,Cumberland County Schools,Cumberland County,Fayetteville,28304,37051,1,370001100433,Seventy-First High,35.039,-79.0052,exact_name_zip,100.0,32,21.0,38.0,41.0,49.0,36,36.2,33.109411624108525,36.31984196724477,38.978364307468,5.868952683359474,5,17
South View High,Cumberland County Schools,Cumberland County,Hope Mills,28348,37051,1,370001100436,South View High,34.979,-78.92750000000001,exact_name_zip,100.0,35,21.0,36.0,41.0,49.0,36,36.4,33.33192348464734,36.49950479418881,39.08530911545926,5.75338563081192,5,17
Westover High,Cumberland County Schools,Cumberland County,Fayetteville,28303,37051,1,370001100445,Westover High,35.0842,-78.99170000000001,exact_name_zip,100.0,34,22.0,40.0,43.0,49.0,37,37.6,34.524567236485204,37.739696124978366,40.22223276131686,5.697665524831656,5,17
E E Smith High,Cumberland County Schools,Cumberland County,Fayetteville,28301,37051,1,370001102124,E E Smith High,35.0844,-78.8957,exact_name_zip,100.0,33,21.0,38.0,41.0,49.0,37,36.4,33.305368784999054,36.50891646162395,39.1304510796294,5.825082294630349,5,17
Reid Ross Classical High,Cumberland County Schools,Cumberland County,Fayetteville,28301,37051,1,370001102132,Reid Ross Classical High,35.102000000000004,-78.87700000000001,exact_name_zip,100.0,33,22.0,39.0,41.0,49.0,37,36.8,33.83303504530142,36.919101536515,39.48055558707269,5.6475205417712715,5,17
Terry Sanford High,Cumberland County Schools,Cumberland County,Fayetteville,28303,37051,1,370001102134,Terry Sanford High,35.065,-78.9156,exact_name_zip,100.0,33,22.0,39.0,41.0,49.0,37,36.8,33.83303504530142,36.919101536515,39.48055558707269,5.6475205417712715,5,17
Ramsey Street High,Cumberland County Schools,Cumberland County,Fayetteville,28301,37051,0,370001102136,Ramsey Street High,35.079029,-78.883418,exact_name_zip,100.0,34,23.0,39.0,38.0,49.0,37,36.6,33.87637083170032,36.64112046026293,39.179517111637445,5.303146279937124,5,17
Jack Britt High,Cumberland County Schools,Cumberland County,Fayetteville,28306,37051,1,370001102512,Jack Britt High,34.9773,-79.0113,exact_name_zip,100.0,32,18.0,36.0,40.0,49.0,35,35.0,31.607430194552343,35.114541817222005,37.99552393368353,6.388093739131186,5,17
Gray'S Creek High,Cumberland County Schools,Cumberland County,Hope Mills,28348,37051,1,370001102663,Gray's Creek High,34.9221,-78.9046,exact_name_zip,100.0,34,24.0,38.0,42.0,49.0,37,37.4,34.68059585121161,37.47495060149421,39.90862834491724,5.228032493705626,5,17
Cross Creek Early College,Cumberland County Schools,Cumberland County,Fayetteville,28301,37051,1,370001102756,Cross Creek Early College,35.07564,-78.89198,exact_name_zip,100.0,33,22.0,39.0,41.0,49.0,37,36.8,33.83303504530142,36.919101536515,39.48055558707269,5.6475205417712715,5,17
Cumberland Polytechnic,Cumberland County Schools,Cumberland County,Fayetteville,28303,37051,1,370001102757,Cumberland Polytechnic,35.066594,-78.926098,exact_name_zip,100.0,33,22.0,39.0,41.0,49.0,37,36.8,33.83303504530142,36.919101536515,39.48055558707269,5.6475205417712715,5,17
Alger B. Wilkins High School,Cumberland County Schools,Cumberland County,Fayetteville,28303,37051,0,370001102981,Alger B. Wilkins High School,35.083313000000004,-78.95191700000001,exact_name_zip,100.0,35,20.0,38.0,38.0,49.0,36,36.0,32.84190926355491,36.109589007862716,38.72398316188426,5.882073898329352,5,17
Cumberland International Early College,Cumberland County Schools,Cumberland County,Fayetteville,28301,37051,1,370001103228,Cumberland International Early College,35.07336,-78.895349,exact_name_zip,100.0,33,22.0,39.0,41.0,49.0,37,36.8,33.83303504530142,36.919101536515,39.48055558707269,5.6475205417712715,5,17
Cumberland Academy 6-12 Virtual School,Cumberland County Schools,Cumberland County,Fayetteville,28301,37051,0,,Cumberland Virtual Academy 6-12,,,unmatched_review_required,66.66666666666666,34,23.0,39.0,38.0,49.0,37,36.6,33.87637083170032,36.64112046026293,39.179517111637445,5.303146279937124,5,17
Ayden-Grifton High,Pitt County Schools,Pitt County,Ayden,28513,37147,1,370001201491,Ayden-Grifton High,35.4303,-77.432,exact_name_zip,100.0,34,23.0,36.0,44.0,39.0,35,35.2,32.83138050075282,35.268996700514876,37.24043470157374,4.409054200820918,5,17
D H Conley High,Pitt County Schools,Pitt County,Greenville,27858,37147,1,370001201495,D H Conley High,35.5306,-77.3248,exact_name_zip,100.0,34,20.0,36.0,41.0,39.0,34,34.0,31.33203768637131,34.1537120575678,35.930109238591996,4.598071552220684,5,17
Farmville Central High,Pitt County Schools,Pitt County,Farmville,27828,37147,1,370001201497,Farmville Central High,35.594114000000005,-77.568775,exact_name_zip,100.0,34,23.0,38.0,41.0,39.0,35,35.0,32.712287605345246,35.12066656880288,36.7135389174612,4.001251312115954,5,17
North Pitt High,Pitt County Schools,Pitt County,Bethel,27812,37147,1,370001201502,North Pitt High,35.747486,-77.362847,exact_name_zip,100.0,37,25.0,41.0,44.0,39.0,37,37.2,34.90508254723079,37.30663294866957,38.95991771657117,4.054835169340379,5,17
Junius H Rose High,Pitt County Schools,Pitt County,Greenville,27834,37147,1,370001202142,Junius H Rose High,35.5939,-77.3842,exact_name_zip,100.0,29,16.0,40.0,36.0,39.0,32,32.0,28.940430685562102,32.13906097844939,34.42576255787747,5.485331872315367,5,17
South Central,Pitt County Schools,Pitt County,Winterville,28590,37147,1,370001202616,South Central,35.5413,-77.42880000000001,exact_name_zip,100.0,30,18.0,39.0,37.0,39.0,32,32.6,29.822511544774464,32.72939590189657,34.7582387455238,4.935727200749334,5,17
Pcs Early College High School,Pitt County Schools,Pitt County,Winterville,28590,37147,0,370001203359,PCS Early College High School,35.550543000000005,-77.41243300000001,exact_name_zip,100.0,32,20.0,40.0,40.0,39.0,34,34.2,31.5239973874024,34.33318924971169,36.29533270978558,4.771335322383184,5,17
Innovation Early College High,Pitt County Schools,Pitt County,Greenville,27858,37147,0,370001203476,Innovation Early College High,35.604717,-77.362081,exact_name_zip,100.0,33,17.0,38.0,32.0,39.0,32,31.8,29.00102729599489,31.946626398187572,33.81277677249906,4.811749476504172,5,17
Eastern Alamance High,Alamance-Burlington Schools,Alamance County,Mebane,27302,37001,0,370003000006,Eastern Alamance High,36.1136,-79.3022,exact_name_zip,100.0,27,22.0,34.0,13.0,37.0,26,26.6,23.827485790928044,26.695307289063784,29.08791256221531,5.260426771287264,5,15
Graham High,Alamance-Burlington Schools,Alamance County,Graham,27253,37001,0,370003000009,Graham High,36.0755,-79.382,exact_name_zip,100.0,25,25.0,35.0,40.0,37.0,32,32.400000000000006,30.462299876728554,32.399551470383784,34.29536918845226,3.8330693117237082,5,17
Southern Alamance High,Alamance-Burlington Schools,Alamance County,Graham,27253,37001,0,370003000016,Southern Alamance High,36.002,-79.40638200000001,exact_name_zip,100.0,25,25.0,35.0,40.0,37.0,32,32.400000000000006,30.462299876728554,32.399551470383784,34.29536918845226,3.8330693117237082,5,17
Western Alamance High,Alamance-Burlington Schools,Alamance County,Elon,27244,37001,0,370003000019,Western Alamance High,36.153,-79.4986,exact_name_zip,100.0,26,17.0,34.0,42.0,37.0,31,31.200000000000003,28.33919296786665,31.228599829594923,33.783437811725705,5.444244843859053,5,17
Hugh M Cummings High,Alamance-Burlington Schools,Alamance County,Burlington,27217,37001,0,370003000202,Hugh M Cummings High,36.0887,-79.3964,exact_name_zip,100.0,30,30.0,41.0,26.0,37.0,33,32.800000000000004,31.21056938054983,32.76801089722389,34.529788794647516,3.3192194140976845,5,17
Walter M Williams High,Alamance-Burlington Schools,Alamance County,Burlington,27215,37001,0,370003000207,Walter M Williams High,36.0887,-79.453525,exact_name_zip,100.0,26,18.0,35.0,34.0,37.0,30,30.0,27.621524167505946,30.061663292662352,32.003404735925926,4.38188056841998,5,17
Ray Street Academy,Alamance-Burlington Schools,Alamance County,Graham,27253,37001,0,370003002153,Ray Street Academy,36.061617,-79.39498900000001,exact_name_zip,100.0,25,25.0,35.0,40.0,37.0,32,32.400000000000006,30.462299876728554,32.399551470383784,34.29536918845226,3.8330693117237082,5,17
Abss Early College At Acc,Alamance-Burlington Schools,Alamance County,Graham,27253,37001,0,370003002972,ABSS Early College at ACC,36.0665,-79.35770000000001,exact_name_zip,100.0,25,25.0,35.0,40.0,37.0,32,32.400000000000006,30.462299876728554,32.399551470383784,34.29536918845226,3.8330693117237082,5,17
Career And Technical Education Center,Alamance-Burlington Schools,Alamance County,Burlington,27217,37001,0,370003003171,Career and Technical Education Center,36.09268,-79.384291,exact_name_zip,100.0,30,30.0,41.0,26.0,37.0,33,32.800000000000004,31.21056938054983,32.76801089722389,34.529788794647516,3.3192194140976845,5,17
Alexander Central High,Alexander County Schools,Alexander County,Taylorsville,28681,37003,0,370009000028,Alexander Central High,35.917,-81.1889,exact_name_zip,100.0,30,24.0,27.0,19.0,42.0,28,28.400000000000002,26.178563245941742,28.234368975275068,30.98656320148269,4.8079999555409465,5,14
Alexander Early College,Alexander County Schools,Alexander County,Taylorsville,28681,37003,0,370009003396,Alexander Early College,35.910603,-81.181434,exact_name_zip,100.0,30,24.0,27.0,19.0,42.0,28,28.400000000000002,26.178563245941742,28.234368975275068,30.98656320148269,4.8079999555409465,5,14
Raleigh Charter High School,Raleigh Charter High School,Wake County,Raleigh,27605,37183,0,370009702494,Raleigh Charter High School,35.796028,-78.646973,exact_name_zip,100.0,13,9.0,25.0,21.0,18.0,17,17.200000000000003,15.44063915571475,17.157054921494783,18.922648212701354,3.4820090569866036,5,17
Bethany Community School,Bethany Community School,Rockingham County,Summerfield,27358,37157,0,370011002541,Bethany Community School,36.261745000000005,-79.868758,exact_name_zip,100.0,29,13.0,31.0,30.0,45.0,30,29.6,26.276121574744753,29.643039575202938,32.679750684791564,6.403629110046811,5,17
Southern Wake Academy,Southern Wake Academy,Wake County,Holly Springs,27540,37183,0,370011402554,Southern Wake Academy,35.611962,-78.818763,exact_name_zip,100.0,23,12.0,24.0,11.0,18.0,18,17.6,16.00427219555519,17.587151815956855,19.139689803232013,3.1354176076768248,5,15
Alleghany High,Alleghany County Schools,Alleghany County,Sparta,28675,37005,0,370012000037,Alleghany High,36.513676000000004,-81.12274500000001,exact_name_zip,100.0,32,28.0,24.0,42.0,55.0,36,36.2,33.10896132995064,36.05417292829753,39.95171829405932,6.8427569641086805,5,13
Gray Stone Day,Gray Stone Day School,Stanly County,Misenheimer,28109,37167,0,370012802613,Gray Stone Day,35.48351,-80.27634,exact_name_zip,100.0,31,21.0,32.0,13.0,32.0,26,25.8,23.297093795268992,25.912921496405012,27.900258820427776,4.603165025158784,5,15
Charlotte Secondary,Charlotte Secondary School,Mecklenburg County,Charlotte,28211,37119,0,370014302924,Charlotte Secondary,35.151916,-80.748969,exact_name_zip,100.0,26,18.0,32.0,31.0,33.0,28,28.000000000000004,26.09170721501363,28.08158479586018,29.51703995057025,3.425332735556619,5,17
Roxboro Community School,Roxboro Community School,Person County,Roxboro,27573,37145,0,370017502914,Roxboro Community School,36.3926,-78.97930000000001,exact_name_zip,100.0,30,23.0,32.0,18.0,47.0,30,30.0,27.123348044593488,29.861552121294817,33.25510612321111,6.131758078617619,5,15
Anson High School,Anson County Schools,Anson County,Wadesboro,28170,37007,1,370018002054,Anson High School,34.9774,-80.1028,exact_name_zip,100.0,36,26.0,39.0,20.0,74.0,39,39.0,33.90546433464644,38.49038708692244,45.523117998430834,11.617653663784395,5,14
Anson Co. Early College High,Anson County Schools,Anson County,Polkton,28135,37007,1,370018002748,Anson Co. Early College High,35.000452,-80.211222,exact_name_zip,100.0,36,26.0,39.0,20.0,74.0,39,39.0,33.90546433464644,38.49038708692244,45.523117998430834,11.617653663784395,5,14
Ashe County High,Ashe County Schools,Ashe County,West Jefferson,28694,37009,1,370021002425,Ashe County High,36.3925,-81.479,exact_name_zip,100.0,26,23.0,30.0,39.0,62.0,36,36.0,32.29280660738154,35.651552412184415,40.948087255373615,8.655280647992072,5,13
Ashe County Early College High,Ashe County Schools,Ashe County,West Jefferson,28694,37009,0,370021003474,Ashe County Early College High,36.394244,-81.476089,exact_name_zip,100.0,24,21.0,25.0,21.0,62.0,30,30.6,26.858538414662846,30.06464268196393,36.357345947570074,9.498807532907229,5,13
Asheboro High,Asheboro City Schools,Randolph County,Asheboro,27203,37151,1,370024000062,Asheboro High,35.6893,-79.8184,exact_name_zip,100.0,26,29.0,35.0,12.0,29.0,26,26.200000000000003,23.529547005647675,26.44850087168355,28.290158440866715,4.76061143521904,5,15
Asheville High,Asheville City Schools,Buncombe County,Asheville,28803,37021,1,370027000070,Asheville High,35.572900000000004,-82.5531,exact_name_zip,100.0,25,15.0,30.0,42.0,23.0,27,27.0,24.41811018601978,26.829984610122615,30.09500923466686,5.67689904864708,5,17
School Of Inquiry And Life Sciences,Asheville City Schools,Buncombe County,Asheville,28803,37021,1,,Koontz Intermediate,,,unmatched_review_required,29.166666666666668,25,15.0,30.0,42.0,23.0,27,27.0,24.41811018601978,26.829984610122615,30.09500923466686,5.67689904864708,5,17
Avery County High,Avery County Schools,Avery County,Newland,28657,37011,1,370030000081,Avery County High,36.067608,-81.919724,exact_name_zip,100.0,24,23.0,27.0,46.0,36.0,31,31.200000000000003,28.788926960637948,31.04776985395376,34.1393412545148,5.350414293876849,5,13
Northeast Regional School - Biotech/Agri,Northeast Regional School - Biotech/Agri,Martin County,Jamesville,27846,37117,0,,NERSBA Early College,,,unmatched_review_required,30.76923076923077,46,22.0,28.0,19.0,57.0,34,34.400000000000006,30.19545439313425,34.22459182359722,39.08196995717127,8.886515564037019,5,14
Bear Grass Charter School,Bear Grass Charter School,Martin County,Williamston,27982,37117,0,370032203260,Bear Grass Charter School,35.768117000000004,-77.127255,exact_name_zip,100.0,29,18.0,37.0,55.0,57.0,39,39.2,34.56862719898952,39.244703778304356,43.675271130128976,9.106643931139459,5,14
Research Triangle High School,Research Triangle High School,Durham County,Durham,27709,37063,0,370032603261,Research Triangle High School,35.895066,-78.874387,exact_name_zip,100.0,26,,32.0,,46.0,34,34.666666666666664,31.787727805019312,34.508258311837466,38.128340924469065,6.340613119449753,3,6
B C Ed Tech Center,Beaufort County Schools,Beaufort County,Chocowinity,27817,37013,0,,Chocowinity Primary,,,unmatched_review_required,37.5,31,14.0,41.0,41.0,31.0,32,31.6,28.280633560750136,31.658147201249605,34.32612445655503,6.0454908958048925,5,15
Washington High,Beaufort County Schools,Beaufort County,Washington,27889,37013,0,370033001926,Washington High,35.557500000000005,-77.01350000000001,exact_name_zip,100.0,32,24.0,42.0,22.0,31.0,30,30.200000000000003,28.177914579172572,30.110092986778298,32.4545404260237,4.276625846851125,5,15
Northside High,Beaufort County Schools,Beaufort County,Pinetown,27865,37013,0,370033002224,Northside High,35.5366,-76.73010000000001,exact_name_zip,100.0,32,21.0,41.0,33.0,31.0,31,31.6,29.538620895352008,31.597210201858207,33.47740798141868,3.9387870860666716,5,15
Southside High,Beaufort County Schools,Beaufort County,Chocowinity,27817,37013,0,370033002504,Southside High,35.445758,-77.056743,exact_name_zip,100.0,31,14.0,41.0,41.0,31.0,32,31.6,28.280633560750136,31.658147201249605,34.32612445655503,6.0454908958048925,5,15
Beaufort Co Early College High,Beaufort County Schools,Beaufort County,Washington,27889,37013,0,370033003011,Beaufort Co Early College High,35.5336,-76.9654,exact_name_zip,100.0,32,24.0,42.0,22.0,31.0,30,30.200000000000003,28.177914579172572,30.110092986778298,32.4545404260237,4.276625846851125,5,15
Longleaf School Of The Arts,Longleaf School Of The Arts,Wake County,Raleigh,27603,37183,0,370033703282,Longleaf School of the Arts,35.736218,-78.647105,exact_name_zip,100.0,16,15.0,30.0,11.0,18.0,18,18.0,16.29871308493905,17.828223318185763,20.158366826858465,3.8596537419194163,5,17
Thomas Academy,Thomas Academy,Columbus County,Lake Waccamaw,28450,37047,0,370034903299,Thomas Academy,34.320738,-78.524964,exact_name_zip,100.0,35,21.0,43.0,31.0,82.0,42,42.4,36.82223717980484,41.83385543701402,49.762805417981674,12.940568238176837,5,15
Paul R. Brown Leadership Academy,Paul R Brown Leadership Academy,Bladen County,Elizabethtown,28337,37017,0,370035103285,Paul R. Brown Leadership Academy,34.620779,-78.618286,exact_name_zip,100.0,37,26.0,20.0,30.0,92.0,41,41.0,34.652709483622225,40.09128526151101,50.18943878498948,15.536729301367252,5,14
Ncvps,Nc Virtual Public School,Wake County,Raleigh,27606,37183,0,370035503306,NCVPS,35.821329,-78.626959,exact_name_city,100.0,15,21.0,31.0,31.0,18.0,23,23.200000000000003,21.193787930240617,23.188102522495697,25.25322649271491,4.059438562474291,5,17
Bertie High,Bertie County Schools,Bertie County,Windsor,27983,37015,1,370036000101,Bertie High,36.051033000000004,-76.968744,exact_name_zip,100.0,43,26.0,34.0,27.0,57.0,37,37.4,34.18549877126023,37.20365186196901,41.22936333325036,7.043864561990134,5,14
Bertie Early College High,Bertie County Schools,Bertie County,Windsor,27983,37015,1,370036003149,Bertie Early College High,36.050952,-76.971551,exact_name_zip,100.0,43,26.0,34.0,27.0,57.0,37,37.4,34.18549877126023,37.20365186196901,41.22936333325036,7.043864561990134,5,14
The Franklin School Of Innovation,The Franklin School Of Innovation,Buncombe County,Asheville,28806,37021,0,370036103332,The Franklin School of Innovation,35.541856,-82.630649,exact_name_zip,100.0,26,18.0,28.0,41.0,23.0,27,27.200000000000003,25.07173762587327,26.995811944328977,29.95198432784202,4.880246701968751,5,17
Stewart Creek High,Stewart Creek High School,Mecklenburg County,Charlotte,28208,37119,0,370037403333,Stewart Creek High,35.237039,-80.885907,exact_name_zip,100.0,37,35.0,36.0,23.0,33.0,33,32.800000000000004,30.95711906020801,32.968978567142614,34.08371487433786,3.126595814129846,5,17
Commonwealth High,Commonwealth High School,Mecklenburg County,Charlotte,28205,37119,0,370038203336,Commonwealth High,35.20956,-80.75837800000001,exact_name_zip,100.0,28,40.0,38.0,21.0,33.0,32,32.0,29.767067571715575,32.09663373936776,34.04062533034385,4.273557758628275,5,17
Piedmont Classical High School,Piedmont Classical High School,Guilford County,Browns Summit,27214,37081,0,370038803373,Piedmont Classical High School,36.141264,-79.775149,exact_name_zip,100.0,35,19.0,33.0,33.0,42.0,32,32.4,29.841509869277232,32.529957509881186,34.510245751564824,4.668735882287592,5,17
East Bladen High,Bladen County Schools,Bladen County,Elizabethtown,28337,37017,1,370039000116,East Bladen High,34.5788,-78.5312,exact_name_zip,100.0,36,24.0,31.0,26.0,92.0,42,41.800000000000004,35.582293808714134,40.90227705959725,50.92052700854253,15.338233199828395,5,14
West Bladen High,Bladen County Schools,Bladen County,Bladenboro,28320,37017,1,370039002620,West Bladen High,34.6394,-78.7416,exact_name_zip,100.0,40,24.0,33.0,17.0,92.0,41,41.2,34.31393950224845,40.37441754879528,50.44135425827765,16.127414756029196,5,14
Bladen Early College,Bladen County Schools,Bladen County,Dublin,28332,37017,0,370039003477,Bladen Early College,34.645814,-78.73133200000001,exact_name_zip,100.0,34,,41.0,,92.0,56,55.66666666666667,47.52641251910742,54.874379813980084,66.80560528659706,19.27919276748964,3,5
Northeast Academy Of Aerospace & Advtech,Northeast Academy Of Aerospace & Advtech,Pasquotank County,Elizabeth City,27909,37139,0,370039403360,Northeast Academy of Aerospace & AdvTech,36.292292,-76.241241,exact_name_zip,100.0,26,19.0,32.0,17.0,64.0,32,31.6,27.190915033847798,31.059911408236903,37.6019099965673,10.410994962719503,5,15
Central Wake High School,Central Wake Charter High School,Wake County,Raleigh,27610,37183,0,370040603403,Central Wake High School,35.761877,-78.61263,exact_name_zip,100.0,29,26.0,33.0,26.0,18.0,26,26.4,24.73871258251376,26.475666376205695,27.77650971674475,3.037797134230992,5,17
Girls Leadership Academy Of Wilmington,Girls Leadership Academy Of Wilmington,New Hanover County,Wilmington,28405,37129,0,370040703397,Girls Leadership Academy of Wilmington,34.251318,-77.89864200000001,exact_name_zip,100.0,22,17.0,31.0,34.0,39.0,29,28.6,26.092665047141878,28.623290074122828,31.032230515006738,4.93956546786486,5,17
North Brunswick High,Brunswick County Schools,Brunswick County,Leland,28451,37019,1,370042000125,North Brunswick High,34.240500000000004,-78.0245,exact_name_zip,100.0,27,18.0,31.0,28.0,21.0,25,25.000000000000004,23.461019654802925,25.00695506062054,26.391905094071916,2.930885439268991,5,17
South Brunswick High,Brunswick County Schools,Brunswick County,Southport,28461,37019,1,370042000127,South Brunswick High,34.0116,-78.0424,exact_name_zip,100.0,21,18.0,25.0,49.0,21.0,27,26.800000000000004,24.047806169099513,26.34285610145961,31.007141408147497,6.959335239047984,5,17
West Brunswick High,Brunswick County Schools,Brunswick County,Shallotte,28470,37019,1,370042000132,West Brunswick High,33.980586,-78.409982,exact_name_zip,100.0,23,19.0,28.0,35.0,21.0,25,25.200000000000003,23.58533083612856,25.056533148977465,27.169412199758362,3.584081363629803,5,15
The Coast,Brunswick County Schools,Brunswick County,Bolivia,28422,37019,0,370042000980,The COAST,34.038146000000005,-78.238724,exact_name_zip,100.0,23,20.0,32.0,16.0,21.0,22,22.400000000000002,20.94536086318752,22.2935293025687,24.133697394490394,3.1883365313028733,5,15
Brunswick County Early College,Brunswick County Schools,Brunswick County,Bolivia,28422,37019,1,370042002898,Brunswick County Early College,34.03859,-78.230316,exact_name_zip,100.0,24,18.0,31.0,38.0,21.0,26,26.400000000000006,24.303351329902007,26.26252790445581,28.81648639194172,4.513135062039712,5,17
Ascend Leadership Academy: Lee County,Ascend Leadership Academy: Lee County,Lee County,Sanford,27332,37105,0,370043803459,Ascend Leadership Academy: Lee County,35.43443,-79.12535,exact_name_zip,100.0,37,26.0,34.0,12.0,46.0,31,31.000000000000004,27.24697024382199,31.144133290051386,34.3602636705469,7.113293426724908,5,15
Apprentice Academy High School,Apprentice Academy Hs Of Nc,Union County,Monroe,28110,37179,0,370043903463,Apprentice Academy High School,35.017668,-80.58435300000001,exact_name_zip,100.0,25,26.0,30.0,10.0,16.0,22,21.4,19.049815833225853,21.46014924262259,23.478504593465413,4.4286887602395595,5,15
Reynolds High,Buncombe County Schools,Buncombe County,Asheville,28803,37021,1,370045000133,Reynolds High,35.546800000000005,-82.47710000000001,exact_name_zip,100.0,28,16.0,30.0,44.0,23.0,28,28.200000000000003,25.524479002455525,28.001245460891305,31.39122502128418,5.866746018828653,5,17
Owen High,Buncombe County Schools,Buncombe County,Black Mountain,28711,37021,1,370045000142,Owen High,35.618900000000004,-82.3737,exact_name_zip,100.0,28,19.0,26.0,57.0,23.0,31,30.6,27.252408864574512,30.08319225816666,35.61878162762875,8.366372763054237,5,17
Erwin High,Buncombe County Schools,Buncombe County,Asheville,28806,37021,1,370045000143,Erwin High,35.6195,-82.6264,exact_name_zip,100.0,26,20.0,31.0,43.0,23.0,28,28.6,26.383545408361027,28.375194625469323,31.458621390325604,5.075075981964577,5,17
Enka High,Buncombe County Schools,Buncombe County,Candler,28715,37021,1,370045000147,Enka High,35.5297,-82.6658,exact_name_zip,100.0,25,19.0,28.0,43.0,23.0,28,27.6,25.42056096609588,27.325295312361924,30.623899696142754,5.203338730046873,5,17
North Buncombe High,Buncombe County Schools,Buncombe County,Weaverville,28787,37021,1,370045000156,North Buncombe High,35.7397,-82.55760000000001,exact_name_zip,100.0,28,19.0,29.0,51.0,23.0,30,30.0,27.10918085926069,29.62034182733606,34.07742827624065,6.968247416979963,5,17
Roberson High,Buncombe County Schools,Buncombe County,Asheville,28803,37021,1,370045000164,Roberson High,35.4859,-82.5351,exact_name_zip,100.0,22,18.0,26.0,44.0,23.0,27,26.6,24.28873510303004,26.271160839735465,29.94194385352431,5.653208750494272,5,17
Community High School,Buncombe County Schools,Buncombe County,Swannanoa,28778,37021,0,370045002203,Community High School,35.6028,-82.4042,exact_name_zip,100.0,33,28.0,37.0,32.0,23.0,30,30.6,29.041072963529114,30.639595943413898,31.974481380556607,2.9334084170274934,5,15
Early College,Buncombe County Schools,Buncombe County,Asheville,28801,37021,1,370045002661,Early College,35.5707,-82.556,exact_name_zip,100.0,25,19.0,29.0,44.0,23.0,28,28.0,25.702208677890525,27.726011408276413,31.157473961448357,5.455265283557832,5,17
Middle College,Buncombe County Schools,Buncombe County,Asheville,28801,37021,1,,Early College,,,unmatched_review_required,64.0,25,19.0,29.0,44.0,23.0,28,28.0,25.702208677890525,27.726011408276413,31.157473961448357,5.455265283557832,5,17
Nesbitt Discovery Academy,Buncombe County Schools,Buncombe County,Asheville,28806,37021,0,370045003320,Nesbitt Discovery Academy,35.6069,-82.58340100000001,exact_name_zip,100.0,26,18.0,28.0,41.0,23.0,27,27.200000000000003,25.07173762587327,26.995811944328977,29.95198432784202,4.880246701968751,5,17
East Burke High,Burke County Schools,Burke County,Connelly Springs,28612,37023,1,370048000174,East Burke High,35.7216,-81.4821,exact_name_zip,100.0,31,22.0,32.0,16.0,26.0,25,25.400000000000002,23.520362698084394,25.451955267158947,27.056122513330585,3.535759815246191,5,15
Freedom High,Burke County Schools,Burke County,Morganton,28655,37023,1,370048000176,Freedom High,35.7449,-81.72,exact_name_zip,100.0,29,28.0,33.0,17.0,26.0,27,26.6,24.731754041115952,26.733588700140118,28.06197440833942,3.3302203672234683,5,15
Hallyburton Academy,Burke County Schools,Burke County,Drexel,28619,37023,0,370048001005,Hallyburton Academy,35.755215,-81.603981,exact_name_zip,100.0,22,23.0,25.0,17.0,26.0,23,22.6,21.535047561290256,22.68031022770822,23.470202481147304,1.9351549198570481,5,15
Robert L. Patton High School,Burke County Schools,Burke County,Morganton,28655,37023,1,370048002832,Patton High School,35.7029,-81.67,fuzzy_name_same_zip,82.05128205128204,29,28.0,32.0,14.0,26.0,26,25.800000000000004,23.542371114382266,26.009288783017865,27.382600647032955,3.840229532650689,5,15
Jimmy C Draughn High School,Burke County Schools,Burke County,Valdese,28690,37023,1,370048002836,Draughn High School,35.766685,-81.543673,fuzzy_name_same_zip,85.0,29,28.0,32.0,14.0,26.0,26,25.800000000000004,23.542371114382266,26.009288783017865,27.382600647032955,3.840229532650689,5,15
Burke Middle College,Burke County Schools,Burke County,Morganton,28655,37023,1,370048002908,Burke Middle College,35.723454000000004,-81.68837,exact_name_zip,100.0,29,26.0,33.0,16.0,26.0,26,26.0,24.071715797316454,26.131178542066785,27.54613838816035,3.474422590843897,5,15
Central Cabarrus High,Cabarrus County Schools,Cabarrus County,Concord,28025,37025,1,370053000210,Central Cabarrus High,35.362700000000004,-80.5839,exact_name_zip,100.0,25,19.0,28.0,39.0,22.0,27,26.6,24.704866943763033,26.424432613631915,29.060232374440552,4.355365430677519,5,17
Mount Pleasant High,Cabarrus County Schools,Cabarrus County,Mount Pleasant,28124,37025,1,370053000215,Mount Pleasant High,35.4076,-80.4821,exact_name_zip,100.0,25,19.0,33.0,42.0,22.0,28,28.200000000000003,25.82229671163185,28.008285756721897,31.013579625510378,5.191282913878528,5,17
Northwest Cabarrus High,Cabarrus County Schools,Cabarrus County,Concord,28027,37025,1,370053000216,Northwest Cabarrus High,35.4506,-80.6622,exact_name_zip,100.0,29,20.0,31.0,43.0,22.0,29,29.0,26.72116745006382,28.82933269779543,31.778942540379106,5.057775090315285,5,17
Concord High,Cabarrus County Schools,Cabarrus County,Concord,28025,37025,1,370053000378,Concord High,35.4334,-80.5824,exact_name_zip,100.0,27,24.0,32.0,43.0,22.0,30,29.6,27.570894714513905,29.39497894856488,32.26817261211378,4.697277897599875,5,17
Cabarrus Co Opportunity School,Cabarrus County Schools,Cabarrus County,Concord,28025,37025,0,370053002075,Cabarrus Co Opportunity School,35.4122,-80.58930000000001,exact_name_zip,100.0,30,21.0,34.0,43.0,22.0,30,30.0,27.642282920963194,29.848485665392133,32.69223719070092,5.049954269737729,5,17
Jay M Robinson High,Cabarrus County Schools,Cabarrus County,Concord,28027,37025,1,370053002570,Jay M Robinson High,35.363,-80.6614,exact_name_zip,100.0,26,21.0,28.0,42.0,22.0,28,27.800000000000004,25.84662643029621,27.5494096759357,30.556159795419283,4.709533365123072,5,17
Hickory Ridge High,Cabarrus County Schools,Cabarrus County,Harrisburg,28075,37025,1,370053002833,Hickory Ridge High,35.3078,-80.6349,exact_name_zip,100.0,22,15.0,22.0,35.0,22.0,23,23.200000000000003,21.36471086688584,23.021588264991507,25.519749442188555,4.155038575302715,5,17
Performance Learning Center,Cabarrus County Schools,Cabarrus County,Concord,28027,37025,0,370053002975,Performance Learning Center,35.38956,-80.651705,exact_name_zip,100.0,27,21.0,28.0,43.0,22.0,28,28.200000000000003,26.15161920009925,27.940986512681647,31.05051681457454,4.898897614475288,5,17
Cox Mill High School,Cabarrus County Schools,Cabarrus County,Concord,28027,37025,1,370053003083,Cox Mill High School,35.395,-80.7289,exact_name_zip,100.0,25,12.0,29.0,40.0,22.0,26,25.6,22.7990511204836,25.489525340838444,28.61583046547827,5.816779344994668,5,17
Cabarrus-Kannapolis Early Coll,Cabarrus County Schools,Cabarrus County,Concord,28027,37025,1,370053003159,Cabarrus-Kannapolis Early Coll,35.4376,-80.6597,exact_name_zip,100.0,25,19.0,29.0,40.0,22.0,27,27.0,24.991992728341884,26.803249830776487,29.587606323710027,4.5956135953681425,5,17
Cabarrus Early College Of Technology,Cabarrus County Schools,Cabarrus County,Concord,28027,37025,0,370053003407,Cabarrus Early College of Technology,35.417999,-80.613023,exact_name_zip,100.0,27,21.0,28.0,43.0,22.0,28,28.200000000000003,26.15161920009925,27.940986512681647,31.05051681457454,4.898897614475288,5,17
West Cabarrus High,Cabarrus County Schools,Cabarrus County,Concord,28027,37025,0,370053003482,West Cabarrus High,35.40196,-80.647177,exact_name_zip,100.0,27,21.0,28.0,43.0,22.0,28,28.200000000000003,26.15161920009925,27.940986512681647,31.05051681457454,4.898897614475288,5,17
Hibriten High,Caldwell County Schools,Caldwell County,Lenoir,28645,37027,1,370058000231,Hibriten High,35.925200000000004,-81.495,exact_name_zip,100.0,26,26.0,34.0,22.0,30.0,28,27.6,26.393524715659627,27.586797359987823,28.884900506433937,2.4913757907743097,5,15
South Caldwell High,Caldwell County Schools,Caldwell County,Hudson,28638,37027,1,370058000239,South Caldwell High,35.821400000000004,-81.4508,exact_name_zip,100.0,27,24.0,35.0,13.0,30.0,26,25.800000000000004,23.36990291132468,25.947204144977324,27.82617550167135,4.456272590346671,5,15
West Caldwell High,Caldwell County Schools,Caldwell County,Lenoir,28645,37027,1,370058000241,West Caldwell High,35.8868,-81.5918,exact_name_zip,100.0,27,26.0,34.0,30.0,30.0,30,29.400000000000006,28.59852976227911,29.360959810117304,30.31379250924787,1.7152627469687616,5,15
Gateway School,Caldwell County Schools,Caldwell County,Granite Falls,28630,37027,0,370058001010,Gateway School,35.8644,-81.36840000000001,exact_name_zip,100.0,29,26.0,34.0,15.0,30.0,27,26.800000000000004,24.58831528245963,26.999369487993953,28.495629126188973,3.9073138437293444,5,15
Caldwell Applied Sciences Academy,Caldwell County Schools,Caldwell County,Hudson,28638,37027,1,370058002435,Caldwell Applied Sciences Academy,35.8555,-81.4852,exact_name_zip,100.0,26,24.0,35.0,23.0,30.0,28,27.6,26.364619657805424,27.54781642906233,29.045831025524798,2.6812113677193743,5,15
Caldwell Early College,Caldwell County Schools,Caldwell County,Hudson,28638,37027,1,370058002880,Caldwell Early College,35.857530000000004,-81.486721,exact_name_zip,100.0,26,24.0,35.0,23.0,30.0,28,27.6,26.364619657805424,27.54781642906233,29.045831025524798,2.6812113677193743,5,15
Camden County High,Camden County Schools,Camden County,Camden,27921,37029,1,370060000246,Camden County High,36.327179,-76.17183200000001,exact_name_zip,100.0,24,18.0,24.0,37.0,55.0,31,31.6,27.993739260457996,31.387604943125346,36.117018819909994,8.123279559451998,5,15
Camden Early College High,Camden County Schools,Camden County,Camden,27921,37029,0,370060003391,Camden Early College High,36.327277,-76.171887,exact_name_zip,100.0,16,18.0,19.0,10.0,55.0,24,23.6,19.66418015592357,23.065226567253475,29.3307746024893,9.666594446565728,5,13
East Carteret High,Carteret County Public Schools,Carteret County,Beaufort,28516,37031,1,370063000253,East Carteret High,34.7815,-76.6318,exact_name_zip,100.0,20,19.0,27.0,38.0,27.0,26,26.200000000000003,24.323265557023603,26.06393562595379,28.52596217755786,4.202696620534258,5,15
West Carteret High,Carteret County Public Schools,Carteret County,Morehead City,28557,37031,1,370063000259,West Carteret High,34.737300000000005,-76.7859,exact_name_zip,100.0,22,19.0,28.0,30.0,27.0,25,25.200000000000003,23.919546587441417,25.190457075820362,26.41324933262587,2.4937027451844536,5,15
Croatan High,Carteret County Public Schools,Carteret County,Newport,28570,37031,1,370063002369,Croatan High,34.716121,-76.95034700000001,exact_name_zip,100.0,25,17.0,27.0,27.0,27.0,25,24.6,23.18993175602813,24.705800561817878,25.562630393705668,2.372698637677537,5,15
Bridges School,Carteret County Public Schools,Carteret County,Morehead City,28557,37031,0,370063003317,Bridges School,34.7385,-76.7895,exact_name_zip,100.0,18,18.0,26.0,22.0,27.0,22,22.200000000000003,21.055307487890893,22.178414644800334,23.39093866137377,2.335631173482877,5,15
Marine Sci. And Tech. Early College High School,Carteret County Public Schools,Carteret County,Morehead City,28557,37031,0,,Bridges School,,,unmatched_review_required,39.21568627450981,18,18.0,26.0,22.0,27.0,22,22.200000000000003,21.055307487890893,22.178414644800334,23.39093866137377,2.335631173482877,5,15
Bartlett Yancey High,Caswell County Schools,Caswell County,Yanceyville,27379,37033,1,370066000264,Bartlett Yancey High,36.4033,-79.32730000000001,exact_name_zip,100.0,33,25.0,42.0,46.0,56.0,40,40.400000000000006,37.0790319824344,40.42443303478307,43.71243586832957,6.63340388589517,5,16
Bandys High,Catawba County Schools,Catawba County,Catawba,28609,37035,1,370069000274,Bandys High,35.6452,-81.0856,exact_name_zip,100.0,22,21.0,26.0,44.0,33.0,29,29.200000000000003,26.855175347433065,29.031691578673808,32.105728795484126,5.250553448051061,5,17
Bunker Hill High,Catawba County Schools,Catawba County,Claremont,28610,37035,1,370069000277,Bunker Hill High,35.754,-81.1196,exact_name_zip,100.0,30,28.0,31.0,15.0,33.0,27,27.400000000000002,25.086322633021275,27.61272545295636,28.975017292792153,3.888694659770877,5,15
Fred T Foard High,Catawba County Schools,Catawba County,Newton,28658,37035,1,370069000282,Fred T Foard High,35.6175,-81.3711,exact_name_zip,100.0,30,23.0,26.0,12.0,33.0,25,24.8,22.326568894862522,24.970994283482696,26.855090559358317,4.528521664495795,5,15
Maiden High,Catawba County Schools,Catawba County,Maiden,28650,37035,1,370069000285,Maiden High,35.579694,-81.224146,exact_name_zip,100.0,24,26.0,29.0,11.0,33.0,25,24.6,22.0138276600879,24.809754932877425,26.651390193011906,4.637562532924004,5,15
Saint Stephens High,Catawba County Schools,Catawba County,Hickory,28601,37035,1,370069000290,Saint Stephens High,35.7723,-81.26910000000001,exact_name_zip,100.0,30,26.0,30.0,14.0,33.0,27,26.6,24.239510553210295,26.80763079027289,28.33339267943052,4.093882126220226,5,15
Challenger Early College High,Catawba County Schools,Catawba County,Hickory,28602,37035,1,370069002753,Challenger Early College High,35.6995,-81.2881,exact_name_zip,100.0,27,23.0,24.0,43.0,33.0,30,30.0,27.966846803361246,29.85001154912645,32.558323642252844,4.591476838891598,5,17
Chapel Hill High,Chapel Hill-Carrboro City Schools,Orange County,Chapel Hill,27516,37135,1,370072000295,Chapel Hill High,35.946531,-79.080171,exact_name_zip,100.0,19,12.0,31.0,18.0,11.0,18,18.2,16.257092350513464,18.04244917195833,20.536074656091756,4.2789823055782925,5,17
East Chapel Hill High,Chapel Hill-Carrboro City Schools,Orange County,Chapel Hill,27514,37135,1,370072001942,East Chapel Hill High,35.961,-79.0297,exact_name_zip,100.0,19,14.0,30.0,21.0,11.0,19,19.0,17.10270859612356,18.903945421061238,21.057303779288755,3.954595183165196,5,17
Carrboro High,Chapel Hill-Carrboro City Schools,Orange County,Carrboro,27510,37135,1,370072002823,Carrboro High,35.8917,-79.0855,exact_name_zip,100.0,14,11.0,29.0,17.0,11.0,17,16.400000000000002,14.66943574862289,16.19700913751746,18.64160563466144,3.9721698860385484,5,17
Phoenix Academy High,Chapel Hill-Carrboro City Schools,Orange County,Chapel Hill,27516,37135,0,370072003157,Phoenix Academy High,35.903386000000005,-79.06801800000001,exact_name_zip,100.0,23,11.0,31.0,13.0,11.0,18,17.8,15.556320838529624,17.66770357795439,20.329838288448524,4.7735174499189,5,17
Virtual Academy School,Chapel Hill-Carrboro City Schools,Orange County,Chapel Hill,27516,37135,0,370072003582,Virtual Academy School,35.903386000000005,-79.06801800000001,exact_name_zip,100.0,23,11.0,31.0,13.0,11.0,18,17.8,15.556320838529624,17.66770357795439,20.329838288448524,4.7735174499189,5,17
Chatham Central High,Chatham County Schools,Chatham County,Bear Creek,27207,37037,1,370075000306,Chatham Central High,35.613800000000005,-79.38980000000001,exact_name_zip,100.0,29,26.0,40.0,17.0,20.0,26,26.4,24.086927549730166,26.264279169265023,28.940767817017164,4.853840267286998,5,15
Jordan Matthews High,Chatham County Schools,Chatham County,Siler City,27344,37037,1,370075000311,Jordan-Matthews High,35.7233,-79.4514,exact_name_zip,100.0,30,32.0,39.0,16.0,20.0,27,27.400000000000002,24.85855838984434,27.358191761309207,29.90723186139995,5.04867347155561,5,15
Northwood High,Chatham County Schools,Chatham County,Pittsboro,27312,37037,1,370075000313,Northwood High,35.757,-79.1735,exact_name_zip,100.0,23,11.0,30.0,36.0,20.0,24,24.0,21.3228029171589,23.93335065998977,26.681823390894607,5.359020473735708,5,17
Sage Academy,Chatham County Schools,Chatham County,Siler City,27344,37037,0,,ONE Academy,,,unmatched_review_required,76.19047619047619,30,37.0,40.0,19.0,20.0,29,29.200000000000003,26.64343674062608,29.173773380116785,31.763314983776613,5.119878243150534,5,15
Chatham School Of Science & Engineering,Chatham County Schools,Chatham County,Siler City,27344,37037,0,,Chatham County Schools Virtual Academy,,,unmatched_review_required,51.42857142857142,30,37.0,40.0,19.0,20.0,29,29.200000000000003,26.64343674062608,29.173773380116785,31.763314983776613,5.119878243150534,5,15
Andrews High,Cherokee County Schools,Cherokee County,Andrews,28901,37039,1,370078000318,Andrews High,35.1954,-83.8244,exact_name_zip,100.0,26,21.0,26.0,35.0,85.0,39,38.6,32.85936316303362,37.82276404903088,47.10206134268129,14.242698179647668,5,13
Murphy High,Cherokee County Schools,Cherokee County,Murphy,28906,37039,1,370078000323,Murphy High,35.100500000000004,-84.0164,exact_name_zip,100.0,27,20.0,27.0,38.0,85.0,39,39.4,33.526548416215824,38.6657088498807,47.82155848494709,14.295010068731266,5,13
The Oaks Academy,Cherokee County Schools,Cherokee County,Marble,28905,37039,0,370078002082,The Oaks Academy,35.065177,-83.96798,unique_exact_name,100.0,23,18.0,28.0,34.0,85.0,38,37.6,31.633544256093256,36.83351596874901,46.31675209813456,14.683207842041302,5,13
Hiwassee Dam High,Cherokee County Schools,Cherokee County,Murphy,28906,37039,1,370078002626,Hiwassee Dam High,35.1039,-84.22370000000001,exact_name_zip,100.0,28,20.0,28.0,39.0,85.0,40,40.0,34.11634324929121,39.26028450682332,48.278731768716774,14.162388519425562,5,13
Tri-County Early College High,Cherokee County Schools,Cherokee County,Murphy,28906,37039,1,370078002892,Tri-County Early College High,35.065177,-83.96798,exact_name_zip,100.0,27,20.0,27.0,37.0,85.0,39,39.2,33.355027854767876,38.45679700656591,47.6001427722553,14.245114917487427,5,13
John A Holmes High,Edenton-Chowan Schools,Chowan County,Edenton,27932,37041,1,370084000330,John A Holmes High,36.066716,-76.604929,exact_name_zip,100.0,33,24.0,28.0,25.0,41.0,30,30.200000000000003,28.46512407098833,30.088376966154136,32.2731074883424,3.807983417354066,5,13
Hayesville High,Clay County Schools,Clay County,Hayesville,28904,37043,1,370087000333,Hayesville High,35.041027,-83.81510800000001,exact_name_zip,100.0,23,18.0,24.0,38.0,51.0,31,30.800000000000004,27.423044599558906,30.67937007308459,34.86427324856013,7.441228649001225,5,13
Burns High,Cleveland County Schools,Cleveland County,Lawndale,28090,37045,1,370090000336,Burns High,35.4201,-81.5323,exact_name_zip,100.0,35,22.0,37.0,22.0,59.0,35,35.0,31.16165374437844,34.700359332171175,39.57505646695763,8.413402722579193,5,15
Crest High,Cleveland County Schools,Cleveland County,Shelby,28152,37045,1,370090000340,Crest High,35.2723,-81.60940000000001,exact_name_zip,100.0,36,22.0,34.0,19.0,59.0,34,34.0,30.010366339295306,33.73428409450243,38.72540398220178,8.715037642906477,5,15
Turning Point Academy,Cleveland County Schools,Cleveland County,Shelby,28150,37045,0,370090002708,Turning Point Academy,35.293104,-81.54542000000001,exact_name_zip,100.0,35,21.0,39.0,25.0,59.0,36,35.800000000000004,32.02268154156164,35.556634981945884,40.266861003818484,8.244179462256845,5,15
Kings Mountain High,Cleveland County Schools,Cleveland County,Kings Mountain,28086,37045,1,370090002714,Kings Mountain High,35.2346,-81.37010000000001,exact_name_zip,100.0,39,25.0,36.0,17.0,59.0,35,35.2,30.998595127079586,35.011579639954945,39.85869903287985,8.860103905800262,5,15
Shelby High,Cleveland County Schools,Cleveland County,Shelby,28152,37045,1,370090002720,Shelby High,35.2746,-81.53840000000001,exact_name_zip,100.0,36,22.0,36.0,22.0,59.0,35,35.0,31.161935798012237,34.74793626071201,39.568374152453444,8.406438354441207,5,15
Cleveland Echs,Cleveland County Schools,Cleveland County,Shelby,28152,37045,1,370090003030,Cleveland ECHS,35.2804,-81.4923,exact_name_zip,100.0,37,23.0,35.0,19.0,59.0,35,34.6,30.613519339500183,34.37863674571625,39.26172890171901,8.648209562218828,5,15
Clinton High,Clinton City Schools,Sampson County,Clinton,28328,37163,1,370093000353,Clinton High,34.971935,-78.33035100000001,exact_name_zip,100.0,36,34.0,32.0,23.0,67.0,38,38.400000000000006,34.53976060057396,37.92267171847301,43.646258666792384,9.106498066218421,5,15
East Columbus Junior-Senior High,Columbus County Schools,Columbus County,Lake Waccamaw,28450,37047,0,370096000145,East Columbus Junior-Senior High,34.3359,-78.5016,exact_name_zip,100.0,35,21.0,43.0,31.0,82.0,42,42.4,36.82223717980484,41.83385543701402,49.762805417981674,12.940568238176837,5,15
South Columbus High,Columbus County Schools,Columbus County,Tabor City,28463,37047,0,370096000237,South Columbus High,34.173121,-78.814842,exact_name_zip,100.0,46,21.0,43.0,32.0,82.0,45,44.800000000000004,39.03137367098224,44.38524885693802,51.71159477712312,12.680221106140877,5,15
West Columbus High,Columbus County Schools,Columbus County,Cerro Gordo,28430,37047,0,370096000373,West Columbus High,34.3281,-78.924,exact_name_zip,100.0,46,23.0,41.0,25.0,82.0,43,43.400000000000006,37.51856773283424,42.93097663896194,50.63521046585679,13.116642733022545,5,15
Columbus Career And College Academy,Columbus County Schools,Columbus County,Whiteville,28472,37047,0,370096002902,Columbus Career and College Academy,34.332,-78.78240000000001,exact_name_zip,100.0,36,26.0,40.0,23.0,82.0,41,41.400000000000006,35.8895815847591,40.745428644296425,48.87254612302356,12.982964538264461,5,15
Currituck County High,Currituck County Schools,Currituck County,Barco,27917,37053,1,370108000449,Currituck County High,36.3725,-75.9691,exact_name_zip,100.0,23,17.0,26.0,43.0,24.0,27,26.6,24.3041039179581,26.3127178031594,29.772879892835025,5.468775974876927,5,15
The Jp Knapp Ech (I)School,Currituck County Schools,Currituck County,Currituck,27929,37053,1,370108003037,The JP Knapp ECH (i)School,36.444486000000005,-76.014097,exact_name_zip,100.0,23,17.0,26.0,43.0,24.0,27,26.6,24.3041039179581,26.3127178031594,29.772879892835025,5.468775974876927,5,15
Cape Hatteras Secondary School,Dare County Schools,Dare County,Buxton,27920,37055,0,370111000454,Cape Hatteras Secondary School,35.265552,-75.55126,exact_name_zip,100.0,20,18.0,27.0,55.0,36.0,31,31.200000000000003,27.53945693414117,30.923114015853745,35.85100076494049,8.311543830799316,5,13
Manteo High School,Dare County Schools,Dare County,Manteo,27954,37055,1,370111000457,Manteo High School,35.9157,-75.6738,exact_name_zip,100.0,26,17.0,29.0,45.0,36.0,30,30.6,27.721186319155116,30.54158690095423,33.61449698492553,5.893310665770414,5,13
Dare Learning Academy,Dare County Schools,Dare County,Nags Head,27959,37055,0,370111002093,Dare Learning Academy,36.009339000000004,-75.666583,unique_exact_name,100.0,11,11.0,10.0,52.0,36.0,24,24.0,19.148587988142115,23.7931975840698,29.64883227000818,10.500244281866067,5,13
First Flight High School,Dare County Schools,Dare County,Kill Devil Hills,27948,37055,1,370111002724,First Flight High School,36.009339000000004,-75.666583,exact_name_zip,100.0,18,13.0,24.0,53.0,36.0,29,28.800000000000004,24.751230980351853,28.54939903424728,33.645694552327534,8.894463571975681,5,13
Central Davidson High,Davidson County Schools,Davidson County,Lexington,27292,37057,0,370114000459,Central Davidson High,35.7398,-80.22160000000001,exact_name_zip,100.0,28,28.0,33.0,16.0,25.0,26,26.000000000000004,24.04055565048263,26.12395800010728,27.57511594154485,3.5345602910622205,5,15
Davidson County High School,Davidson County Schools,Davidson County,Lexington,27292,37057,0,370114000462,Davidson County High School,35.8171,-80.1887,exact_name_zip,100.0,28,28.0,33.0,16.0,25.0,26,26.000000000000004,24.04055565048263,26.12395800010728,27.57511594154485,3.5345602910622205,5,15
East Davidson High,Davidson County Schools,Davidson County,Thomasville,27360,37057,0,370114000467,East Davidson High,35.8502,-80.1016,exact_name_zip,100.0,27,29.0,33.0,40.0,25.0,31,30.8,29.291028506232653,30.685951414911692,32.6435309856557,3.3525024794230482,5,17
Ledford Senior High,Davidson County Schools,Davidson County,Thomasville,27360,37057,0,370114000471,Ledford Senior High,35.963100000000004,-80.1343,exact_name_zip,100.0,27,29.0,33.0,40.0,25.0,31,30.8,29.291028506232653,30.685951414911692,32.6435309856557,3.3525024794230482,5,17
North Davidson High,Davidson County Schools,Davidson County,Lexington,27295,37057,0,370114000475,North Davidson High,35.924225,-80.246106,exact_name_zip,100.0,27,21.0,36.0,8.0,25.0,23,23.400000000000002,20.387444702833246,23.532868759441484,26.03076486334381,5.643320160510562,5,15
West Davidson High,Davidson County Schools,Davidson County,Lexington,27295,37057,0,370114000484,West Davidson High,35.8037,-80.3656,exact_name_zip,100.0,27,21.0,36.0,8.0,25.0,23,23.400000000000002,20.387444702833246,23.532868759441484,26.03076486334381,5.643320160510562,5,15
South Davidson Middle And High,Davidson County Schools,Davidson County,Denton,27239,37057,0,370114002216,South Davidson Middle and High,35.673300000000005,-80.1036,exact_name_zip,100.0,27,28.0,34.0,17.0,25.0,26,26.200000000000003,24.384506790065718,26.256975388231467,27.81539400955087,3.430887219485154,5,15
Davidson Early College,Davidson County Schools,Davidson County,Thomasville,27360,37057,0,370114002759,Davidson Early College,35.864815,-80.182466,exact_name_zip,100.0,27,29.0,33.0,40.0,25.0,31,30.8,29.291028506232653,30.685951414911692,32.6435309856557,3.3525024794230482,5,17
Yadkin Valley Regional Career Academy,Davidson County Schools,Davidson County,Lexington,27292,37057,0,370114003257,Yadkin Valley Regional Career Academy,35.8171,-80.1887,exact_name_zip,100.0,28,28.0,33.0,16.0,25.0,26,26.000000000000004,24.04055565048263,26.12395800010728,27.57511594154485,3.5345602910622205,5,15
Oak Grove High,Davidson County Schools,Davidson County,Winston-Salem,27107,37057,0,370114003389,Oak Grove High,35.944133,-80.163944,exact_name_zip,100.0,39,29.0,40.0,33.0,25.0,33,33.2,31.365250403830316,33.20028482539243,34.82245875799221,3.4572083541618923,5,17
Davie County High,Davie County Schools,Davie County,Mocksville,27028,37059,1,370117000486,Davie County High,35.971751000000005,-80.535951,exact_name_zip,100.0,23,20.0,30.0,14.0,34.0,24,24.200000000000003,22.00403053151839,24.221023218283094,26.35667883641227,4.352648304893883,5,13
Davie County Early College High,Davie County Schools,Davie County,Mocksville,27028,37059,1,370117002827,Davie County Early College High,35.8709,-80.55550000000001,exact_name_zip,100.0,23,20.0,30.0,14.0,34.0,24,24.200000000000003,22.00403053151839,24.221023218283094,26.35667883641227,4.352648304893883,5,13
East Duplin High,Duplin County Schools,Duplin County,Beulaville,28518,37061,1,370120000497,East Duplin High,34.9407,-77.7843,exact_name_zip,100.0,36,34.0,34.0,21.0,32.0,31,31.4,29.451280363571634,31.60158868924119,32.75072688528818,3.299446521716547,5,15
James Kenan High,Duplin County Schools,Duplin County,Warsaw,28398,37061,1,370120000498,James Kenan High,34.984500000000004,-78.04310000000001,exact_name_zip,100.0,36,33.0,32.0,22.0,32.0,31,31.0,29.291358437910482,31.13797320580595,32.2500561765351,2.9586977386246147,5,15
North Duplin Jr Sr High,Duplin County Schools,Duplin County,Mt. Olive,28365,37061,1,370120000500,North Duplin Jr Sr High,35.1345,-78.0858,exact_name_zip,100.0,36,43.0,39.0,23.0,32.0,35,34.599999999999994,32.28001114629327,34.704070729488485,36.58300285562736,4.302991709334094,5,15
Wallace-Rose Hill High,Duplin County Schools,Duplin County,Teachey,28464,37061,1,370120000505,Wallace-Rose Hill High,34.7712,-77.9997,exact_name_zip,100.0,39,32.0,35.0,22.0,32.0,32,32.0,30.10788091151288,32.09311884478697,33.588112233424454,3.4802313219115746,5,15
Duplin Early College High,Duplin County Schools,Duplin County,Kenansville,28349,37061,1,370120003154,Duplin Early College High,34.9468,-77.9786,exact_name_zip,100.0,37,35.0,34.0,21.0,32.0,32,31.800000000000004,29.76654852925556,31.983056374193605,33.244540768746525,3.477992239490966,5,15
Hillside High,Durham Public Schools,Durham County,Durham,27707,37063,1,370126000385,Hillside High,35.9533,-78.9036,exact_name_zip,100.0,24,17.0,31.0,27.0,46.0,29,29.000000000000004,26.217801293688677,28.810405422124273,32.26307655721817,6.0452752635294935,5,17
C E Jordan High,Durham Public Schools,Durham County,Durham,27707,37063,1,370126000530,C E Jordan High,35.9227,-78.96220000000001,exact_name_zip,100.0,23,16.0,30.0,25.0,46.0,28,28.0,25.15231439070508,27.80776913819544,31.443655631242535,6.291341240537456,5,17
The School For Creative Studies,Durham Public Schools,Durham County,Durham,27704,37063,0,370126000531,The School for Creative Studies,36.072,-78.8229,exact_name_zip,100.0,27,37.0,34.0,28.0,46.0,34,34.400000000000006,32.467852458999005,34.33837396757567,36.657409854464994,4.1895573954659895,5,17
Northern High,Durham Public Schools,Durham County,Durham,27712,37063,1,370126000545,Northern High,36.062102,-78.899545,exact_name_city,100.0,31,29.0,34.0,26.0,46.0,33,33.2,31.308111867353478,33.00881871229736,35.610702768085375,4.3025909007318965,5,17
Southern School Of Energy And Sustainabi,Durham Public Schools,Durham County,Durham,27703,37063,1,370126000550,Southern School of Energy and Sustainabi,35.999900000000004,-78.8291,exact_name_zip,100.0,27,28.0,35.0,31.0,46.0,33,33.400000000000006,31.567342671544957,33.22477960312679,35.792258325559395,4.224915654014438,5,17
Durham School Of The Arts,Durham Public Schools,Durham County,Durham,27701,37063,0,370126001547,Durham School of the Arts,36.0033,-78.9066,exact_name_zip,100.0,28,31.0,38.0,15.0,46.0,31,31.6,28.305226926616076,31.689043562599437,34.72606196574878,6.420835039132701,5,17
Riverside High,Durham Public Schools,Durham County,Durham,27712,37063,1,370126002292,Riverside High,36.06601,-78.94834,exact_name_zip,100.0,28,25.0,33.0,24.0,46.0,31,31.200000000000003,29.035048496271518,30.96656805277661,33.96996903124748,4.934920534975962,5,17
Lakeview School,Durham Public Schools,Durham County,Durham,27704,37063,0,370126002517,Lakeview School,36.037800000000004,-78.8785,exact_name_zip,100.0,27,37.0,34.0,28.0,46.0,34,34.400000000000006,32.467852458999005,34.33837396757567,36.657409854464994,4.1895573954659895,5,17
J D Clement Early College High School,Durham Public Schools,Durham County,Durham,27707,37063,1,370126002726,J D Clement Early College HS,35.9747,-78.90090000000001,fuzzy_name_same_zip,85.18518518518519,26,20.0,31.0,27.0,46.0,30,30.0,27.58571372883507,29.80441437059291,33.011946692835565,5.426232964000494,5,17
Middle College Hs @ Dtcc,Durham Public Schools,Durham County,Durham,27703,37063,1,370126002761,Middle College HS @ DTCC,35.9752,-78.881,exact_name_zip,100.0,26,20.0,31.0,27.0,46.0,30,30.0,27.58571372883507,29.80441437059291,33.011946692835565,5.426232964000494,5,17
Durham School Of Technology,Durham Public Schools,Durham County,Durham,27707,37063,1,370126002920,Durham School of Technology,35.952600000000004,-78.9036,exact_name_zip,100.0,26,20.0,31.0,27.0,46.0,30,30.0,27.58571372883507,29.80441437059291,33.011946692835565,5.426232964000494,5,17
Durham'S Performance Learning Center,Durham Public Schools,Durham County,Durham,27703,37063,0,370126003085,Durham's Performance Learning Center,35.989464,-78.878848,exact_name_zip,100.0,26,30.0,35.0,30.0,46.0,33,33.400000000000006,31.531192578052007,33.274744242836896,35.82674444818661,4.295551870134602,5,17
City Of Medicine Academy,Durham Public Schools,Durham County,Durham,27704,37063,1,370126003112,City of Medicine Academy,36.038276,-78.902387,exact_name_zip,100.0,26,20.0,31.0,27.0,46.0,30,30.0,27.58571372883507,29.80441437059291,33.011946692835565,5.426232964000494,5,17
North Edgecombe High,Edgecombe County Public Schools,Edgecombe County,Tarboro,27886,37065,1,370132000555,North Edgecombe High,35.9894,-77.58160000000001,exact_name_zip,100.0,47,28.0,44.0,46.0,79.0,49,48.8,44.1039273827183,48.4682232350677,54.325032762442675,10.221105379724378,5,17
Southwest Edgecombe High,Edgecombe County Public Schools,Edgecombe County,Pinetops,27864,37065,1,370132000559,SouthWest Edgecombe High,35.83652,-77.658317,exact_name_zip,100.0,46,25.0,48.0,33.0,79.0,46,46.2,41.03448280502087,45.848484407726005,52.422236318925,11.38775351390413,5,17
Tarboro High,Edgecombe County Public Schools,Edgecombe County,Tarboro,27886,37065,1,370132001770,Tarboro High,35.9014,-77.5583,exact_name_zip,100.0,48,24.0,42.0,18.0,79.0,42,42.2,35.99418546922673,41.90275219564428,49.29752380576843,13.3033383365417,5,15
Edgecombe Early College High,Edgecombe County Public Schools,Edgecombe County,Tarboro,27886,37065,1,370132002762,Edgecombe Early College High,35.879400000000004,-77.5723,exact_name_zip,100.0,46,26.0,48.0,36.0,79.0,47,47.0,41.99814614317148,46.65699440744635,53.01398929727126,11.015843154099777,5,17
Elkin High,Elkin City Schools,Surry County,Elkin,28621,37171,1,370138000562,Elkin High,36.245709,-80.860376,exact_name_zip,100.0,29,25.0,30.0,19.0,42.0,29,29.000000000000004,26.760013707523818,28.897169196383814,31.48545273362055,4.725439026096733,5,15
Career Center,Winston Salem / Forsyth County Schools,Forsyth County,Winston Salem,27101,37067,0,370150000591,Career Center,36.10629,-80.23361,exact_name_zip,100.0,35,25.0,41.0,27.0,39.0,34,33.4,31.42996134565925,33.40951131876301,35.23081088882211,3.8008495431628617,5,17
Carver High,Winston Salem / Forsyth County Schools,Forsyth County,Winston Salem,27105,37067,1,370150000592,Carver High,36.1346,-80.20790000000001,exact_name_zip,100.0,35,25.0,43.0,33.0,39.0,35,35.0,33.02759517331253,35.02799398916564,36.75785540963034,3.730260236317811,5,17
East Forsyth High,Winston Salem / Forsyth County Schools,Forsyth County,Kernersville,27284,37067,1,370150000600,East Forsyth High,36.1166,-80.1504,exact_name_zip,100.0,32,20.0,37.0,32.0,39.0,32,32.0,29.710961590958423,32.11619300652947,33.74537704188077,4.034415450922349,5,17
Robert B Glenn High School,Winston Salem / Forsyth County Schools,Forsyth County,Kernersville,27284,37067,1,370150000604,Robert B Glenn High School,36.0679,-80.1135,exact_name_zip,100.0,37,27.0,42.0,33.0,39.0,36,35.6,33.90908594229314,35.621272853190945,37.053016853133784,3.143930910840645,5,17
Mount Tabor High School,Winston Salem / Forsyth County Schools,Forsyth County,Winston Salem,27106,37067,1,370150000623,Mount Tabor High School,36.1268,-80.31320000000001,exact_name_zip,100.0,27,19.0,33.0,33.0,39.0,30,30.200000000000003,27.974982587146943,30.281687600345723,32.19293468582352,4.21795209867658,5,17
North Forsyth High,Winston Salem / Forsyth County Schools,Forsyth County,Winston Salem,27105,37067,1,370150000624,North Forsyth Magnet High,36.1741,-80.2822,fuzzy_name_same_zip,84.21052631578947,32,22.0,39.0,35.0,39.0,33,33.4,31.20600806130188,33.5099125744367,35.09661830613453,3.8906102448326507,5,17
Parkland High,Winston Salem / Forsyth County Schools,Forsyth County,Winston Salem,27127,37067,1,370150000631,Parkland High,36.057,-80.25710000000001,exact_name_zip,100.0,33,28.0,41.0,32.0,39.0,35,34.6,33.14885537254605,34.585655094835154,36.04662730916147,2.8977719366154204,5,17
R J Reynolds High,Winston Salem / Forsyth County Schools,Forsyth County,Winston Salem,27104,37067,1,370150000634,R J Reynolds High,36.101800000000004,-80.2654,exact_name_zip,100.0,30,23.0,38.0,31.0,39.0,32,32.2,30.291937983188287,32.227206819270705,33.91356880485913,3.621630821670845,5,17
Carter High School,Winston Salem / Forsyth County Schools,Forsyth County,Winston Salem,27101,37067,0,370150000640,Carter High School,36.10681,-80.23517,exact_name_zip,100.0,35,25.0,41.0,27.0,39.0,34,33.4,31.42996134565925,33.40951131876301,35.23081088882211,3.8008495431628617,5,17
West Forsyth High,Winston Salem / Forsyth County Schools,Forsyth County,Clemmons,27012,37067,1,370150000647,West Forsyth High,36.0627,-80.3879,exact_name_zip,100.0,28,17.0,36.0,36.0,39.0,31,31.200000000000003,28.458856650789688,31.325750303894992,33.388959591091805,4.930102940302117,5,17
J F Kennedy High,Winston Salem / Forsyth County Schools,Forsyth County,Winston Salem,27101,37067,0,370150002194,J F Kennedy High,36.1073,-80.2346,exact_name_zip,100.0,35,25.0,41.0,27.0,39.0,34,33.4,31.42996134565925,33.40951131876301,35.23081088882211,3.8008495431628617,5,17
Middle College Of Forsyth Cnty,Winston Salem / Forsyth County Schools,Forsyth County,Winston-Salem,27103,37067,1,370150002666,Middle College of Forsyth Cnty,36.0688,-80.272,exact_name_zip,100.0,30,21.0,38.0,32.0,39.0,32,32.0,29.826740579703202,32.07051194454052,33.8279654529377,4.001224873234495,5,17
Winston-Salem Preparatory Acad,Winston Salem / Forsyth County Schools,Forsyth County,Winston-Salem,27101,37067,0,370150002729,Winston-Salem Preparatory Acad,36.1102,-80.2219,exact_name_zip,100.0,35,25.0,41.0,27.0,39.0,34,33.4,31.42996134565925,33.40951131876301,35.23081088882211,3.8008495431628617,5,17
Main Street Academy,Winston Salem / Forsyth County Schools,Forsyth County,Winston-Salem,27127,37067,0,370150002764,Main Street Academy,36.062406,-80.23932500000001,exact_name_zip,100.0,31,24.0,40.0,33.0,39.0,33,33.4,31.489201490204085,33.43668648843746,35.072677705019544,3.583476214815459,5,17
Ronald W Reagan High School,Winston Salem / Forsyth County Schools,Forsyth County,Pfafftown,27040,37067,1,370150002765,Ronald W Reagan High School,36.170300000000005,-80.3652,exact_name_zip,100.0,26,17.0,32.0,35.0,39.0,30,29.800000000000004,27.23101019858937,29.89065571720859,31.9877451659553,4.756734967365929,5,17
Early College Of Forsyth Co,Winston Salem / Forsyth County Schools,Forsyth County,Winston Salem,27103,37067,1,370150003038,Early College of Forsyth Co,36.069304,-80.272828,exact_name_zip,100.0,30,21.0,38.0,32.0,39.0,32,32.0,29.826740579703202,32.07051194454052,33.8279654529377,4.001224873234495,5,17
Atkins Academic & Tech High,Winston Salem / Forsyth County Schools,Forsyth County,Winston-Salem,27101,37067,0,370150003176,Atkins Academic & Tech High,36.1102,-80.1954,exact_name_zip,100.0,35,25.0,41.0,27.0,39.0,34,33.4,31.42996134565925,33.40951131876301,35.23081088882211,3.8008495431628617,5,17
Walkertown High,Winston Salem / Forsyth County Schools,Forsyth County,Walkertown,27051,37067,1,370150003194,Walkertown High,36.176456,-80.147917,exact_name_zip,100.0,31,22.0,42.0,36.0,39.0,34,34.0,31.64946043562609,34.06198068072135,35.998916511065545,4.349456075439456,5,17
Bunn High,Franklin County Schools,Franklin County,Bunn,27508,37069,1,370153000651,Bunn High,35.9547,-78.2493,exact_name_zip,100.0,25,28.0,34.0,15.0,40.0,28,28.400000000000002,25.716624967112796,28.465255556121114,30.94633749676334,5.229712529650545,5,15
Louisburg Magnet High,Franklin County Schools,Franklin County,Louisburg,27549,37069,1,370153000658,Louisburg Magnet High,36.1101,-78.3001,exact_name_zip,100.0,29,25.0,32.0,17.0,40.0,29,28.6,26.20930566500771,28.61346466609489,30.9194244743161,4.710118809308387,5,15
Franklinton High,Franklin County Schools,Franklin County,Franklinton,27525,37069,1,370153000661,Franklinton High,36.070640000000004,-78.436356,exact_name_zip,100.0,25,20.0,30.0,11.0,40.0,25,25.2,22.212305046129387,25.18344122793181,28.210492203566567,5.9981871574371795,5,15
Franklin County Early College,Franklin County Schools,Franklin County,Louisburg,27549,37069,1,370153003101,Franklin County Early College,36.0847,-78.3318,exact_name_zip,100.0,26,24.0,32.0,14.0,40.0,27,27.200000000000003,24.505158652416025,27.224047493093355,29.885380710500755,5.38022205808473,5,15
Ashbrook High,Gaston County Schools,Gaston County,Gastonia,28054,37071,1,370162000663,Ashbrook High,35.2431,-81.1272,exact_name_zip,100.0,25,25.0,35.0,33.0,33.0,30,30.200000000000003,28.867971133642705,30.20847463354046,31.4789875400223,2.611016406379594,5,17
Bessemer City High,Gaston County Schools,Gaston County,Bessemer City,28016,37071,1,370162000668,Bessemer City High,35.297200000000004,-81.2814,exact_name_zip,100.0,35,28.0,40.0,36.0,33.0,34,34.400000000000006,33.11396172757287,34.396051535056415,35.550135553748895,2.4361738261760237,5,17
Cherryville High,Gaston County Schools,Gaston County,Cherryville,28021,37071,1,370162000675,Cherryville High,35.389700000000005,-81.3799,exact_name_zip,100.0,26,24.0,33.0,14.0,33.0,26,26.000000000000004,23.677951213148816,26.14063974177382,27.936995212767293,4.259043999618477,5,15
East Gaston High,Gaston County Schools,Gaston County,Mount Holly,28120,37071,1,370162000681,East Gaston High,35.315400000000004,-81.07560000000001,exact_name_zip,100.0,23,21.0,29.0,29.0,33.0,27,27.0,25.661264015229964,27.000329093048162,28.339735660176196,2.6784716449462316,5,17
Hunter Huss High,Gaston County Schools,Gaston County,Gastonia,28052,37071,1,370162000691,Hunter Huss High,35.2406,-81.2069,exact_name_zip,100.0,32,30.0,40.0,32.0,33.0,34,33.4,32.52914917069963,33.28105190626225,34.60582538504123,2.076676214341596,5,17
North Gaston High,Gaston County Schools,Gaston County,Dallas,28034,37071,1,370162000702,North Gaston High,35.3344,-81.17750000000001,exact_name_zip,100.0,25,28.0,37.0,33.0,33.0,31,31.200000000000003,29.892687302620192,31.213637717052165,32.48232305725035,2.589635754630155,5,17
South Point High,Gaston County Schools,Gaston County,Belmont,28012,37071,1,370162000711,South Point High,35.2229,-81.0387,exact_name_zip,100.0,27,17.0,31.0,38.0,33.0,29,29.200000000000003,26.819120450744244,29.258363779365453,31.249566152764338,4.430445702020094,5,17
Warlick Academy,Gaston County Schools,Gaston County,Gastonia,28054,37071,0,370162002263,Warlick Academy,35.282000000000004,-81.13380000000001,exact_name_zip,100.0,23,23.0,35.0,33.0,33.0,29,29.400000000000006,27.76328894043604,29.407579299124436,30.972840457107917,3.209551516671876,5,17
Forestview High,Gaston County Schools,Gaston County,Gastonia,28056,37071,1,370162002384,Forestview High,35.1834,-81.1356,exact_name_zip,100.0,28,23.0,35.0,33.0,33.0,30,30.400000000000006,28.933715182661967,30.423795191485326,31.63484146071634,2.7011262780543746,5,17
Highland Sch Of Technology,Gaston County Schools,Gaston County,Gastonia,28052,37071,0,370162002521,Highland Sch of Technology,35.2804,-81.1907,exact_name_zip,100.0,35,34.0,41.0,35.0,33.0,36,35.6,34.89537337255851,35.51381940669329,36.5599381588872,1.6645647863286896,5,17
Gaston Early College High School,Gaston County Schools,Gaston County,Dallas,28034,37071,1,370162003217,Gaston Early College High School,35.312316,-81.190487,exact_name_zip,100.0,28,23.0,35.0,33.0,33.0,30,30.400000000000006,28.933715182661967,30.423795191485326,31.63484146071634,2.7011262780543746,5,17
Stuart W Cramer High,Gaston County Schools,Gaston County,Belmont,28012,37071,1,370162003246,Stuart W Cramer High,35.2456,-81.0596,exact_name_zip,100.0,24,19.0,29.0,34.0,33.0,28,27.800000000000004,25.975357307269363,27.833596933963136,29.431512863054543,3.4561555557851804,5,17
Gaston Early College Of Medical Sciences,Gaston County Schools,Gaston County,Dallas,28034,37071,0,370162003563,Gaston Early College of Medical Sciences,35.311209,-81.18912,exact_name_zip,100.0,26,26.0,31.0,36.0,33.0,30,30.4,29.21277185790921,30.376903793966548,31.627254093866092,2.414482235956882,5,17
Gates County Senior High,Gates County Schools,Gates County,Gatesville,27938,37073,0,370168000720,Gates County Senior High,36.445836,-76.70592500000001,exact_name_zip,100.0,28,28.0,28.0,17.0,,25,25.250000000000004,23.326496172932636,25.43978987123598,26.52411314355386,3.1976169706212225,4,12
Robbinsville High,Graham County Schools,Graham County,Robbinsville,28771,37075,1,370177000734,Robbinsville High,35.329,-83.7967,exact_name_zip,100.0,26,22.0,25.0,38.0,22.0,27,26.6,25.118859999275934,26.381191578921445,28.75402685888359,3.635166859607658,5,13
J. F. Webb High,Granville County Schools,Granville County,Oxford,27565,37077,0,370180000742,J. F. Webb High,36.33791,-78.59716300000001,exact_name_zip,100.0,30,22.0,26.0,20.0,45.0,28,28.6,26.218140032014098,28.377043773977057,31.68599034091261,5.467850308898512,5,15
Granville Central High,Granville County Schools,Granville County,Stem,27581,37077,0,370180002829,Granville Central High,36.213412,-78.687071,exact_name_zip,100.0,27,23.0,25.0,11.0,45.0,26,26.200000000000003,22.898065419065166,26.065297254591897,29.80671128833036,6.908645869265193,5,15
Granville Early College High,Granville County Schools,Granville County,Creedmoor,27522,37077,0,370180003142,Granville Early College High,36.141006000000004,-78.720209,exact_name_zip,100.0,33,25.0,27.0,12.0,45.0,28,28.4,25.032479151668213,28.40156634842034,31.784983943466017,6.752504791797804,5,15
South Granville High,Granville County Schools,Granville County,Creedmoor,27522,37077,0,370180003385,South Granville High,36.122887,-78.674378,exact_name_zip,100.0,33,25.0,27.0,12.0,45.0,28,28.4,25.032479151668213,28.40156634842034,31.784983943466017,6.752504791797804,5,15
Greene Central High,Greene County Schools,Greene County,Snow Hill,28580,37079,1,370183000750,Greene Central High,35.4799,-77.6703,exact_name_zip,100.0,35,26.0,31.0,46.0,59.0,39,39.4,36.030487765549644,39.29215221039116,43.3240337807826,7.293546015232955,5,16
Greene Early College High,Greene County Schools,Greene County,Snow Hill,28580,37079,1,370183002860,Greene Early College High,35.4759,-77.6705,exact_name_zip,100.0,35,26.0,31.0,46.0,59.0,39,39.4,36.030487765549644,39.29215221039116,43.3240337807826,7.293546015232955,5,16
James B Dudley High,Guilford County Schools,Guilford County,Greensboro,27401,37081,1,370192000768,James B Dudley High,36.0601,-79.7639,exact_name_zip,100.0,37,28.0,40.0,26.0,42.0,35,34.6,32.5584438451197,34.63390992694708,36.460012802485,3.901568957365299,5,17
Grimsley High,Guilford County Schools,Guilford County,Greensboro,27408,37081,1,370192000774,Grimsley High,36.08298,-79.814564,exact_name_zip,100.0,30,21.0,40.0,19.0,42.0,30,30.400000000000002,27.50356557749725,30.403566809490243,33.250823802651134,5.747258225153885,5,17
Page High,Guilford County Schools,Guilford County,Greensboro,27405,37081,1,370192000793,Page High,36.1091,-79.7856,exact_name_zip,100.0,30,18.0,37.0,24.0,42.0,30,30.200000000000003,27.537048184027228,30.212961641654495,32.80883832082778,5.271790136800554,5,17
Ben L. Smith High School,Guilford County Schools,Guilford County,Greensboro,27407,37081,1,370192000798,Ben L. Smith High School,36.0347,-79.84740000000001,exact_name_zip,100.0,33,28.0,40.0,21.0,42.0,33,32.800000000000004,30.337821736210444,32.87245702592131,35.05399381162818,4.716172075417738,5,17
Philip J Weaver Ed Center,Guilford County Schools,Guilford County,Greensboro,27401,37081,0,370192000802,Philip J Weaver Ed Center,36.0703,-79.7983,exact_name_zip,100.0,33,26.0,41.0,24.0,42.0,33,33.2,30.919854534765605,33.20881739019917,35.443014368049255,4.52315983328365,5,17
Eastern Guilford High,Guilford County Schools,Guilford County,Gibsonville,27249,37081,1,370192000821,Eastern Guilford High,36.0925,-79.6161,exact_name_zip,100.0,33,23.0,37.0,33.0,42.0,33,33.6,31.52278703671791,33.67527596171492,35.432487318142535,3.909700281424623,5,17
Lucy Ragsdale High,Guilford County Schools,Guilford County,Jamestown,27282,37081,1,370192000830,Lucy Ragsdale High,35.994623000000004,-79.91663700000001,exact_name_zip,100.0,28,26.0,36.0,31.0,42.0,33,32.6,30.962954901061153,32.53060921428792,34.50747433812551,3.544519437064359,5,17
Northeast Guilford High,Guilford County Schools,Guilford County,Mcleansville,27301,37081,1,370192000836,Northeast Guilford High,36.1586,-79.673,exact_name_zip,100.0,32,21.0,36.0,35.0,42.0,33,33.2,30.842183051082273,33.29699465409402,35.15165593920083,4.309472888118556,5,17
Northwest Guilford High,Guilford County Schools,Guilford County,Greensboro,27409,37081,1,370192000838,Northwest Guilford High,36.1546,-79.9531,exact_name_zip,100.0,29,15.0,31.0,31.0,42.0,30,29.6,26.71206095892078,29.68781892650998,32.15961608998426,5.447555131063481,5,17
Southeast Guilford High,Guilford County Schools,Guilford County,Greensboro,27406,37081,1,370192000846,Southeast Guilford High,35.9726,-79.6978,exact_name_zip,100.0,28,20.0,34.0,36.0,42.0,32,32.0,29.566147153720546,32.06611711734443,34.244413446072514,4.678266292351967,5,17
Southern Guilford High,Guilford County Schools,Guilford County,Greensboro,27406,37081,1,370192000849,Southern Guilford High,35.9495,-79.8554,exact_name_zip,100.0,33,30.0,39.0,31.0,42.0,35,35.0,33.60956663680891,34.950534892223494,36.499168672573504,2.8896020357645966,5,17
Western Guilford High,Guilford County Schools,Guilford County,Greensboro,27410,37081,1,370192000855,Western Guilford High,36.082378,-79.90757500000001,exact_name_zip,100.0,26,16.0,31.0,25.0,42.0,28,28.0,25.433219722660354,27.906212315481667,30.745566462179603,5.312346739519249,5,17
Penn-Griffin Schools,Guilford County Schools,Guilford County,High Point,27260,37081,0,370192000951,Penn-Griffin Schools,35.9637,-79.99640000000001,exact_name_zip,100.0,33,39.0,42.0,28.0,42.0,37,36.800000000000004,35.00980772897663,36.881176130960995,38.38984272673711,3.3800349977604753,5,17
High Point Central High,Guilford County Schools,Guilford County,High Point,27262,37081,1,370192000956,High Point Central High,35.957100000000004,-80.02170000000001,exact_name_zip,100.0,32,30.0,39.0,30.0,42.0,34,34.6,33.146994950683165,34.54062127806476,36.2000173400745,3.0530223893913373,5,17
T Wingate Andrews High,Guilford County Schools,Guilford County,High Point,27265,37081,1,370192000967,T Wingate Andrews High,35.985104,-79.990009,exact_name_zip,100.0,29,23.0,35.0,27.0,42.0,31,31.200000000000003,29.26332143050199,31.12269591791263,33.35838091175339,4.095059481251404,5,17
Scale School,Guilford County Schools,Guilford County,Greensboro,27405,37081,0,370192001875,SCALE School,36.094613,-79.770163,exact_name_zip,100.0,35,27.0,40.0,30.0,42.0,35,34.800000000000004,33.04873602564436,34.81505049287312,36.49967312119043,3.450937095546074,5,17
Southwest Guilford High,Guilford County Schools,Guilford County,High Point,27265,37081,1,370192002042,Southwest Guilford High,36.0467,-79.9888,exact_name_zip,100.0,29,22.0,35.0,29.0,42.0,32,31.400000000000006,29.35622063165952,31.3504322197783,33.53276952515159,4.176548893492072,5,17
Gc Middle College High,Guilford County Schools,Guilford County,Greensboro,27401,37081,1,370192002584,GC Middle College High,36.0711,-79.80030000000001,exact_name_zip,100.0,30,22.0,36.0,27.0,42.0,31,31.400000000000002,29.294044218464578,31.36507364466076,33.59721919140379,4.30317497293921,5,17
Gtcc Middle College High,Guilford County Schools,Guilford County,Jamestown,27282,37081,1,370192002585,GTCC Middle College High,35.9983,-79.918136,exact_name_zip,100.0,30,22.0,36.0,27.0,42.0,31,31.400000000000002,29.294044218464578,31.36507364466076,33.59721919140379,4.30317497293921,5,17
Early College At Guilford,Guilford County Schools,Guilford County,Greensboro,27410,37081,1,370192002629,Early College at Guilford,36.0951,-79.8901,exact_name_zip,100.0,30,22.0,36.0,27.0,42.0,31,31.400000000000002,29.294044218464578,31.36507364466076,33.59721919140379,4.30317497293921,5,17
Middle College High At Bennett,Guilford County Schools,Guilford County,Greensboro,27406,37081,1,,Wiley Accel/Enrichment,,,unmatched_review_required,43.47826086956522,30,22.0,36.0,27.0,42.0,31,31.400000000000002,29.294044218464578,31.36507364466076,33.59721919140379,4.30317497293921,5,17
A&T Four Middle College,Guilford County Schools,Guilford County,Greensboro,27411,37081,1,370192002669,A&T Four Middle College,36.0767,-79.7702,exact_name_zip,100.0,30,22.0,36.0,27.0,42.0,31,31.400000000000002,29.294044218464578,31.36507364466076,33.59721919140379,4.30317497293921,5,17
Middle College At Gtcc-Greensboro,Guilford County Schools,Guilford County,Greensboro,27405,37081,0,370192002771,Middle College at GTCC-Greensboro,36.088849,-79.72752,exact_name_zip,100.0,35,27.0,40.0,30.0,42.0,35,34.800000000000004,33.04873602564436,34.81505049287312,36.49967312119043,3.450937095546074,5,17
Middle College At Gtcc-High Point,Guilford County Schools,Guilford County,High Point,27260,37081,1,370192002772,Middle College at GTCC-High Point,35.946400000000004,-80.00280000000001,exact_name_zip,100.0,30,22.0,36.0,27.0,42.0,31,31.400000000000002,29.294044218464578,31.36507364466076,33.59721919140379,4.30317497293921,5,17
Pruette Scale Academy,Guilford County Schools,Guilford County,High Point,27262,37081,0,370192002775,Pruette SCALE Academy,35.95438,-80.015871,exact_name_zip,100.0,31,27.0,39.0,29.0,42.0,34,33.6,31.872975832275536,33.558954807562046,35.45923643080459,3.5862605985290514,5,17
Academy At Smith,Guilford County Schools,Guilford County,Greensboro,27407,37081,1,370192002889,Academy at Smith,36.037891,-79.849467,exact_name_zip,100.0,30,22.0,36.0,27.0,42.0,31,31.400000000000002,29.294044218464578,31.36507364466076,33.59721919140379,4.30317497293921,5,17
Kearns Academy,Guilford County Schools,Guilford County,High Point,27265,37081,0,370192002989,Kearns Academy,35.981982,-79.990831,exact_name_zip,100.0,24,18.0,32.0,31.0,42.0,29,29.400000000000002,26.957697280599568,29.35889827991577,31.972375730472745,5.014678449873177,5,17
Northern Guilford High,Guilford County Schools,Guilford County,Greensboro,27455,37081,1,370192002991,Northern Guilford High,36.209,-79.807,exact_name_zip,100.0,30,13.0,33.0,27.0,42.0,29,29.0,25.909822082141513,29.095986012284953,31.725642591002313,5.815820508860799,5,17
Uncg Early/Middle College,Guilford County Schools,Guilford County,Greensboro,27412,37081,1,370192003233,UNCG Early/Middle College,36.069230000000005,-79.814518,exact_name_zip,100.0,30,22.0,36.0,27.0,42.0,31,31.400000000000002,29.294044218464578,31.36507364466076,33.59721919140379,4.30317497293921,5,17
Stem Early College @ Nc A&T Su,Guilford County Schools,Guilford County,Greensboro,27411,37081,0,370192003242,STEM Early College @ NC A&T SU,36.0778,-79.7729,exact_name_zip,100.0,43,43.0,49.0,29.0,42.0,41,41.2,38.85941568374077,41.3921657463244,42.96868141843438,4.109265734693608,5,17
C Joyner Greene Education Center,Guilford County Schools,Guilford County,Jamestown,27282,37081,0,370192003314,C Joyner Greene Education Center,35.995678,-79.916042,exact_name_zip,100.0,26,14.0,33.0,32.0,42.0,29,29.400000000000006,26.348899240595152,29.475279550837868,32.12976999279601,5.780870752200855,5,17
Northwest Halifax Collegiate And Technic,Halifax County Schools,Halifax County,Littleton,27850,37083,1,370195000866,Northwest Halifax Collegiate and Technic,36.386229,-77.789293,exact_name_zip,100.0,47,27.0,41.0,29.0,66.0,42,42.0,37.95150258839525,41.83064964679626,46.605019471920556,8.653516883525306,5,15
Southeast Halifax Collegiate Prep Academ,Halifax County Schools,Halifax County,Halifax,27839,37083,1,370195002157,Southeast Halifax Collegiate Prep Academ,36.219300000000004,-77.5509,exact_name_zip,100.0,48,28.0,44.0,52.0,66.0,48,47.6,43.607514245097136,47.602076144099726,51.306589907910116,7.69907566281298,5,17
Halifax County Early College High,Halifax County Schools,Halifax County,Weldon,27890,37083,0,370195003512,Halifax County Early College High,36.428164,-77.617534,exact_name_zip,100.0,49,27.0,42.0,24.0,66.0,42,41.6,37.10002084593285,41.43476984813726,46.4809481845357,9.380927338602845,5,15
Harnett Central High,Harnett County Schools,Harnett County,Angier,27501,37085,1,370201000884,Harnett Central High,35.4635,-78.7796,exact_name_zip,100.0,30,23.0,34.0,13.0,33.0,26,26.6,23.97946698865675,26.7559083300281,28.686446315407604,4.706979326750854,5,15
Western Harnett High,Harnett County Schools,Harnett County,Lillington,27546,37085,1,370201000894,Western Harnett High,35.336,-78.9811,exact_name_zip,100.0,34,20.0,34.0,14.0,33.0,27,27.000000000000004,24.3293094635697,27.08228286874266,29.38885796488789,5.05954850131819,5,15
Star Academy,Harnett County Schools,Harnett County,Lillington,27546,37085,0,370201002117,STAR Academy,35.3987,-78.8227,exact_name_zip,100.0,34,19.0,32.0,14.0,33.0,27,26.400000000000002,23.773234700353296,26.496559471632494,28.771158297839648,4.997923597486352,5,15
Triton High,Harnett County Schools,Harnett County,Erwin,28339,37085,1,370201002158,Triton High,35.3385,-78.6649,exact_name_zip,100.0,28,24.0,31.0,44.0,33.0,32,32.0,30.172440594709947,31.81831826779124,34.367010518876185,4.194569924166238,5,17
Overhills High,Harnett County Schools,Harnett County,Spring Lake,28390,37085,1,370201002733,Overhills High,35.2455,-78.9698,exact_name_zip,100.0,34,20.0,35.0,44.0,33.0,33,33.2,30.628348135691834,33.24545389886998,35.50593806831605,4.877589932624215,5,16
Harnett County Early College,Harnett County Schools,Harnett County,Dunn,28334,37085,0,370201003443,Harnett County Early College,35.3159,-78.6176,exact_name_zip,100.0,26,25.0,30.0,44.0,33.0,32,31.6,29.780004987721902,31.424348281985235,33.992526872075814,4.212521884353912,5,17
Pisgah High,Haywood County Schools,Haywood County,Canton,28716,37087,1,370204000908,Pisgah High,35.5215,-82.8416,exact_name_zip,100.0,27,19.0,32.0,25.0,27.0,26,26.0,24.643176546690146,26.009402450630976,27.236900228507896,2.5937236818177496,5,15
Tuscola High,Haywood County Schools,Haywood County,Waynesville,28786,37087,1,370204000910,Tuscola High,35.5229,-82.9513,exact_name_zip,100.0,26,20.0,32.0,30.0,27.0,27,27.0,25.67519808139691,27.016707312324,28.161538374051013,2.486340292654102,5,15
Central Haywood High,Haywood County Schools,Haywood County,Waynesville,28786,37087,0,370204001147,Central Haywood High,35.486001,-82.993014,exact_name_zip,100.0,27,16.0,30.0,25.0,27.0,25,25.0,23.305068770062093,25.07539922219916,26.24268164375216,2.9376128736900675,5,15
Haywood Early College,Haywood County Schools,Haywood County,Clyde,28721,37087,1,370204002873,Haywood Early College,35.5264,-82.9278,exact_name_zip,100.0,28,20.0,33.0,29.0,27.0,27,27.400000000000002,25.988930555491773,27.434346232022236,28.59003031002254,2.601099754530768,5,15
North Henderson High,Henderson County Schools,Henderson County,Hendersonville,28792,37089,1,370210000804,North Henderson High,35.361000000000004,-82.4223,exact_name_zip,100.0,26,27.0,29.0,43.0,18.0,28,28.6,26.262894655509662,28.39093215970697,31.399346209343094,5.136451553833432,5,17
East Henderson High,Henderson County Schools,Henderson County,East Flat Rock,28726,37089,1,370210000915,East Henderson High,35.297416,-82.423482,exact_name_zip,100.0,26,23.0,27.0,21.0,18.0,23,23.0,21.940274931306018,23.021366102472356,23.932463501211874,1.9921885699058564,5,15
West Henderson High,Henderson County Schools,Henderson County,Hendersonville,28791,37089,1,370210000926,West Henderson High,35.3662,-82.51520000000001,exact_name_zip,100.0,20,20.0,28.0,40.0,18.0,25,25.2,22.985469104432198,24.95070976820888,28.13066125417377,5.145192149741572,5,17
Hendersonville High,Henderson County Schools,Henderson County,Hendersonville,28791,37089,1,370210000928,Hendersonville High,35.321409,-82.464217,exact_name_zip,100.0,22,18.0,25.0,15.0,18.0,20,19.6,18.57851531649638,19.573473852712688,20.676668922575615,2.0981536060792365,5,15
Henderson County Career Academy,Henderson County Schools,Henderson County,Flat Rock,28731,37089,0,370210001568,Henderson County Career Academy,35.306667000000004,-82.41993500000001,exact_name_zip,100.0,30,15.0,27.0,22.0,18.0,22,22.4,20.728469189341784,22.35860052171968,24.02961375147004,3.3011445621282576,5,15
Henderson County Early College,Henderson County Schools,Henderson County,Flat Rock,28731,37089,1,370210003139,Henderson County Early College,35.306667000000004,-82.41993500000001,exact_name_zip,100.0,23,22.0,27.0,41.0,18.0,26,26.200000000000003,24.074043308670678,25.927385444308953,29.115196335884544,5.041153027213866,5,17
Hertford County High,Hertford County Schools,Hertford County,Ahoskie,27910,37091,0,370216002208,Hertford County High,36.2966,-76.9982,exact_name_zip,100.0,33,26.0,44.0,24.0,61.0,38,37.6,33.70379721961567,37.359840081373434,42.158487540419664,8.45469032080399,5,15
Hertford Co Early College,Hertford County Schools,Hertford County,Ahoskie,27910,37091,0,370216003106,Hertford Co Early College,36.3248,-77.0236,exact_name_zip,100.0,33,26.0,44.0,24.0,61.0,38,37.6,33.70379721961567,37.359840081373434,42.158487540419664,8.45469032080399,5,15
Cs Brown High - Stem Program,Hertford County Schools,Hertford County,Winton,27986,37091,0,370216003107,CS Brown High - STEM Program,36.385551,-76.93894900000001,exact_name_zip,100.0,37,,65.0,,61.0,54,54.33333333333333,49.086197018748095,54.78439768073841,58.36328387698541,9.277086858237318,3,6
Hickory High,Hickory City Schools,Catawba County,Hickory,28601,37035,1,370219000943,Hickory High,35.7496,-81.3321,exact_name_zip,100.0,31,21.0,27.0,14.0,33.0,25,25.2,22.96301528737981,25.264711523700505,27.215399118902965,4.252383831523154,5,15
Hickory Career  Arts Magnet High School,Hickory City Schools,Catawba County,Hickory,28601,37035,0,370219002108,Hickory Career  Arts Magnet High School,35.7434,-81.3313,exact_name_zip,100.0,30,23.0,28.0,13.0,33.0,25,25.4,23.030887289360468,25.561434781492547,27.347907121760578,4.31701983240011,5,15
Hoke County High,Hoke County Schools,Hoke County,Raeford,28376,37093,1,370225000968,Hoke County High,34.9727,-79.23400000000001,exact_name_zip,100.0,29,21.0,31.0,41.0,57.0,36,35.800000000000004,32.28559607732575,35.6687065928706,39.90498108052864,7.619385003202893,5,17
J W Turlington School,Hoke County Schools,Hoke County,Raeford,28376,37093,0,370225001172,J W Turlington School,34.984700000000004,-79.226,exact_name_zip,100.0,33,28.0,32.0,19.0,57.0,34,33.800000000000004,30.27509111402352,33.490752074695735,38.14003966804443,7.864948554020909,5,15
Sandhoke Early College High,Hoke County Schools,Hoke County,Raeford,28376,37093,1,370225002897,SandHoke Early College High,34.977056000000005,-79.205506,exact_name_zip,100.0,29,21.0,31.0,41.0,57.0,36,35.800000000000004,32.28559607732575,35.6687065928706,39.90498108052864,7.619385003202893,5,17
Hyde Academy,Hyde County Schools,Hyde County,Swan Quarter,27885,37095,0,370228003025,Hyde Academy,35.4414,-76.2182,exact_name_zip,100.0,21,,20.0,,37.0,26,26.0,23.54861995750276,25.7649052014602,29.325228636705567,5.776608679202809,3,4
North Iredell High,Iredell-Statesville Schools,Iredell County,Olin,28660,37097,1,370231000990,North Iredell High,35.93,-80.8687,exact_name_zip,100.0,28,27.0,37.0,16.0,27.0,27,27.000000000000004,24.811128876617964,27.061194135150725,28.98397394913843,4.172845072520467,5,15
South Iredell High,Iredell-Statesville Schools,Iredell County,Statesville,28677,37097,1,370231000994,South Iredell High,35.7173,-80.91,exact_name_zip,100.0,20,20.0,30.0,41.0,27.0,28,27.6,25.415874702796636,27.43844378647241,30.25721121210452,4.841336509307883,5,17
West Iredell High,Iredell-Statesville Schools,Iredell County,Statesville,28625,37097,1,370231000999,West Iredell High,35.7931,-80.9915,exact_name_zip,100.0,26,24.0,35.0,16.0,27.0,26,25.6,23.701900918145054,25.6173606506474,27.420489139065747,3.7185882209206937,5,15
Statesville High,Iredell-Statesville Schools,Iredell County,Statesville,28677,37097,1,370231002303,Statesville High,35.7927,-80.892,exact_name_zip,100.0,25,27.0,33.0,14.0,27.0,25,25.200000000000003,23.08303264738403,25.361695909839717,26.96006835205496,3.8770357046709307,5,15
Lake Norman High,Iredell-Statesville Schools,Iredell County,Mooresville,28117,37097,1,370231002633,Lake Norman High,35.5976,-80.9023,exact_name_zip,100.0,19,13.0,29.0,41.0,27.0,26,25.800000000000004,22.999215167424843,25.647828257868312,28.947550186951435,5.948335019526592,5,17
Collaborative College For Technology,Iredell-Statesville Schools,Iredell County,Statesville,28677,37097,1,370231002776,Collaborative College for Technology,35.783500000000004,-80.8931,exact_name_zip,100.0,23,20.0,29.0,41.0,27.0,28,28.0,26.033073443023323,27.807543351769375,30.56713715261839,4.534063709595067,5,17
Crossroads Arts Sciences Early College,Iredell-Statesville Schools,Iredell County,Statesville,28677,37097,1,370231003087,Crossroads Arts and Science Early Colleg,35.7928,-80.8922,fuzzy_name_same_zip,92.7536231884058,23,20.0,29.0,41.0,27.0,28,28.0,26.033073443023323,27.807543351769375,30.56713715261839,4.534063709595067,5,17
Career Academy And Technical School,Iredell-Statesville Schools,Iredell County,Troutman,28166,37097,0,370231003206,Career Academy and Technical School,35.71419,-80.887581,exact_name_zip,100.0,18,16.0,30.0,41.0,27.0,26,26.4,23.79701087092448,26.237475574114345,29.418911032318317,5.621900161393835,5,17
Agriculture And Science Early College,Iredell-Statesville Schools,Iredell County,Olin,28660,37097,0,370231003432,Agriculture and Science Early College,35.930408,-80.867739,exact_name_zip,100.0,24,26.0,34.0,20.0,27.0,26,26.200000000000003,24.878707877325343,26.140171326104035,27.663328121530785,2.784620244205442,5,15
Smoky Mountain High School,Jackson County Public Schools,Jackson County,Sylva,28779,37099,1,370234001008,Smoky Mountain High School,35.3536,-83.199,exact_name_zip,100.0,33,21.0,31.0,35.0,24.0,29,28.800000000000004,27.089941696007475,28.779210583231908,30.37467899832608,3.2847373023186037,5,14
Jackson Community School,Jackson County Public Schools,Jackson County,Sylva,28779,37099,0,370234002467,Jackson Community School,35.4041,-83.16380000000001,exact_name_zip,100.0,35,19.0,31.0,28.0,24.0,27,27.4,25.624405246105702,27.366266395165162,29.02155663106819,3.3971513849624877,5,14
Blue Ridge Early College,Jackson County Public Schools,Jackson County,Cashiers,28717,37099,1,370234003104,Blue Ridge Early College,35.1287,-83.1203,exact_name_zip,100.0,29,20.0,27.0,51.0,24.0,30,30.200000000000003,27.414944821339713,29.809381624885987,34.16321867548041,6.748273854140695,5,14
Jackson Co Early College,Jackson County Public Schools,Jackson County,Sylva,28779,37099,1,370234003111,Jackson Co Early College,35.3487,-83.20700000000001,exact_name_zip,100.0,31,20.0,29.0,39.0,24.0,29,28.6,26.683992149375207,28.462040092138615,30.702391785160007,4.0183996357847995,5,14
Clayton High,Johnston County Public Schools,Johnston County,Clayton,27520,37101,1,370237001012,Clayton High,35.6499,-78.4653,exact_name_zip,100.0,26,18.0,28.0,35.0,21.0,26,25.6,23.841314008121408,25.50084627677886,27.535006222622382,3.693692214500974,5,17
North Johnston High,Johnston County Public Schools,Johnston County,Kenly,27542,37101,1,370237001021,North Johnston High,35.571,-78.1844,exact_name_zip,100.0,29,27.0,30.0,14.0,21.0,24,24.200000000000003,22.170542872875348,24.295258178345605,25.85857310580173,3.6880302329263834,5,15
Princeton High,Johnston County Public Schools,Johnston County,Princeton,27569,37101,0,370237001023,Princeton High,35.4675,-78.1571,exact_name_zip,100.0,17,23.0,30.0,20.0,21.0,22,22.200000000000003,21.013898294783555,22.12435855204386,23.689665413238988,2.6757671184554326,5,15
Smithfield-Selma High,Johnston County Public Schools,Johnston County,Smithfield,27577,37101,1,370237001028,Smithfield-Selma High,35.529888,-78.323913,exact_name_zip,100.0,31,25.0,32.0,12.0,21.0,24,24.200000000000003,21.78182975821203,24.313892445748742,26.208242251781975,4.426412493569945,5,15
South Johnston High,Johnston County Public Schools,Johnston County,Four Oaks,27524,37101,1,370237001029,South Johnston High,35.4097,-78.501,exact_name_zip,100.0,30,27.0,29.0,16.0,21.0,25,24.6,22.858344066157375,24.650164146678637,26.10956008057799,3.2512160144206135,5,15
West Johnston High,Johnston County Public Schools,Johnston County,Benson,27504,37101,1,370237002635,West Johnston High,35.523,-78.5372,exact_name_zip,100.0,25,22.0,31.0,7.0,21.0,21,21.200000000000003,18.443693131218414,21.3913885012203,23.372419264307993,4.9287261330895795,5,15
Johnston Co Early College Academy,Johnston County Public Schools,Johnston County,Smithfield,27577,37101,1,370237003116,Johnston Co Early College Academy,35.5011,-78.3331,exact_name_zip,100.0,28,23.0,27.0,37.0,21.0,27,27.200000000000003,25.697135569780052,27.059092035461077,29.101440639459195,3.4043050696791433,5,17
Cleveland High,Johnston County Public Schools,Johnston County,Clayton,27520,37101,1,370237003215,Cleveland High,35.5533,-78.4995,exact_name_zip,100.0,23,19.0,29.0,6.0,21.0,20,19.6,17.017221040076915,19.7814721442773,21.69383019556613,4.6766091554892135,5,15
Corinth Holders High,Johnston County Public Schools,Johnston County,Wendell,27591,37101,1,370237003225,Corinth Holders High,35.7256,-78.3391,exact_name_zip,100.0,29,20.0,34.0,10.0,21.0,23,22.8,20.19851022513709,22.8680184989927,25.204138717337,5.005628492199911,5,15
Johnston County Schools Career Technical,Johnston County Public Schools,Johnston County,Smithfield,27577,37101,0,370237003408,Johnston County Schools Career Technical,35.501959,-78.33100900000001,exact_name_zip,100.0,31,30.0,26.0,20.0,21.0,26,25.6,24.222554592925743,25.62291315388653,26.960814210752353,2.7382596178266105,5,15
Choice Plus Academy,Johnston County Public Schools,Johnston County,Smithfield,27577,37101,0,370237003545,Choice Plus Academy,35.505088,-78.350452,exact_name_zip,100.0,31,30.0,26.0,20.0,21.0,26,25.6,24.222554592925743,25.62291315388653,26.960814210752353,2.7382596178266105,5,15
Jones Senior High School,Jones County Schools,Jones County,Trenton,28585,37103,0,370240003496,Jones Senior High School,35.034281,-77.337889,exact_name_zip,100.0,30,22.0,18.0,22.0,30.0,24,24.4,22.959777163436947,24.372253222535093,25.870310985094495,2.9105338216575483,5,13
A L Brown High,Kannapolis City Schools,Cabarrus County,Kannapolis,28083,37025,1,370243001039,A L Brown High,35.496282,-80.61883900000001,exact_name_zip,100.0,25,26.0,32.0,41.0,22.0,29,29.200000000000003,27.295723948982964,29.03120074414082,31.566597586015146,4.270873637032182,5,17
Lee County High,Lee County Schools,Lee County,Sanford,27330,37105,1,370256001080,Lee County High,35.4679,-79.1482,exact_name_zip,100.0,35,29.0,36.0,14.0,46.0,32,32.0,28.48089051184935,32.19315396632619,35.03385748553846,6.552966973689113,5,15
Bragg Street Academy,Lee County Schools,Lee County,Sanford,27330,37105,0,370256001584,Bragg Street Academy,35.4805,-79.1602,exact_name_zip,100.0,36,30.0,35.0,15.0,46.0,32,32.400000000000006,29.009748058104798,32.58192433138371,35.31870436665803,6.308956308553235,5,15
Southern Lee High School,Lee County Schools,Lee County,Sanford,27332,37105,1,370256002781,Southern Lee High School,35.4349,-79.1855,exact_name_zip,100.0,32,28.0,33.0,13.0,46.0,31,30.4,26.95120064240865,30.497192826004746,33.58464576777939,6.633445125370741,5,15
Lee Early College,Lee County Schools,Lee County,Sanford,27330,37105,1,370256002868,Lee Early College,35.4712,-79.1439,exact_name_zip,100.0,35,27.0,35.0,14.0,46.0,31,31.4,27.95204079535959,31.53730034221042,34.51026644737604,6.55822565201645,5,15
Kinston High,Lenoir County Public Schools,Lenoir County,Kinston,28501,37107,1,370261000585,Kinston High,35.295700000000004,-77.5747,exact_name_zip,100.0,39,28.0,39.0,23.0,80.0,42,41.800000000000004,36.552156366521295,41.175166171883426,48.84106175470328,12.288905388181988,5,15
North Lenoir High,Lenoir County Public Schools,Lenoir County,La Grange,28551,37107,1,370261001091,North Lenoir High,35.3417,-77.6793,exact_name_zip,100.0,36,27.0,34.0,45.0,80.0,44,44.4,39.54920127298746,43.834870987974256,50.97172306412558,11.422521791138116,5,17
South Lenoir High,Lenoir County Public Schools,Lenoir County,Deep Run,28525,37107,1,370261001094,South Lenoir High,35.146193000000004,-77.704468,exact_name_zip,100.0,38,34.0,38.0,18.0,80.0,42,41.6,35.94528925022791,41.09322554406644,48.624485904410406,12.679196654182498,5,15
Lenoir County Early College High,Lenoir County Public Schools,Lenoir County,Kinston,28502,37107,1,370261002831,Lenoir County Early College High,35.235522,-77.572005,exact_name_zip,100.0,36,30.0,33.0,46.0,80.0,45,45.0,40.37257132828382,44.39338021821143,51.482310103323,11.109738775039183,5,17
Lexington Senior High School,Lexington City Schools,Davidson County,Lexington,27292,37057,1,370264001102,Lexington Senior High School,35.8333,-80.2483,exact_name_zip,100.0,31,29.0,33.0,16.0,25.0,27,26.8,24.7044127124849,26.94348069719134,28.40020246445472,3.6957897519698193,5,15
East Lincoln High,Lincoln County Schools,Lincoln County,Denver,28037,37109,0,370268001110,East Lincoln High,35.4544,-81.02590000000001,exact_name_zip,100.0,15,13.0,26.0,11.0,22.0,17,17.400000000000002,15.727673482323157,17.35033860426239,19.21499389756983,3.487320415246673,5,15
Lincolnton High,Lincoln County Schools,Lincoln County,Lincolnton,28092,37109,0,370268001114,Lincolnton High,35.47947,-81.260091,exact_name_zip,100.0,23,25.0,28.0,11.0,22.0,22,21.8,19.72690707703898,21.97888262265152,23.31030636380875,3.583399286769769,5,15
West Lincoln High,Lincoln County Schools,Lincoln County,Lincolnton,28092,37109,0,370268001124,West Lincoln High,35.4852,-81.3897,exact_name_zip,100.0,23,25.0,28.0,11.0,22.0,22,21.8,19.72690707703898,21.97888262265152,23.31030636380875,3.583399286769769,5,15
Asbury Academy,Lincoln County Schools,Lincoln County,Lincolnton,28092,37109,0,370268002392,Asbury Academy,35.478229,-81.207864,exact_name_zip,100.0,23,25.0,28.0,11.0,22.0,22,21.8,19.72690707703898,21.97888262265152,23.31030636380875,3.583399286769769,5,15
North Lincoln High,Lincoln County Schools,Lincoln County,Lincolnton,28092,37109,0,370268002673,North Lincoln High,35.5336,-81.11970000000001,exact_name_zip,100.0,23,25.0,28.0,11.0,22.0,22,21.8,19.72690707703898,21.97888262265152,23.31030636380875,3.583399286769769,5,15
Franklin High,Macon County Schools,Macon County,Franklin,28734,37113,1,370276001138,Franklin High,35.1768,-83.38210000000001,exact_name_zip,100.0,28,22.0,27.0,36.0,35.0,30,29.6,27.948992036458915,29.615007610792436,31.119766190816268,3.1707741543573533,5,14
Macon Early College High School,Macon County Schools,Macon County,Franklin,28734,37113,1,370276002901,Macon Early College High School,35.160468,-83.381534,exact_name_zip,100.0,28,21.0,27.0,40.0,35.0,30,30.200000000000003,28.17154783878947,30.166599545876252,32.28346509352042,4.111917254730951,5,14
Union Academy,Macon County Schools,Macon County,Franklin,28734,37113,0,370011202551,Union Academy,34.991185,-80.580515,unique_exact_name,100.0,27,23.0,27.0,35.0,35.0,29,29.400000000000002,27.91730918557719,29.395433567386092,30.828817951540678,2.9115087659634895,5,14
Madison High School,Madison County Schools,Madison County,Marshall,28753,37115,1,370282001153,Madison High School,35.815200000000004,-82.6734,exact_name_zip,100.0,27,20.0,26.0,29.0,55.0,31,31.400000000000002,28.296653909390358,31.02768433542433,35.74719170037991,7.45053779098955,5,13
Madison Early College High,Madison County Schools,Madison County,Marshall,28753,37115,1,370282003145,Madison Early College High,35.815468,-82.675351,exact_name_zip,100.0,27,20.0,26.0,29.0,55.0,31,31.400000000000002,28.296653909390358,31.02768433542433,35.74719170037991,7.45053779098955,5,13
Madison Velocity Learning Center,Madison County Schools,Madison County,Marshall,28753,37115,0,370282003500,Madison Velocity Learning Center,35.81507,-82.673136,exact_name_zip,100.0,27,20.0,26.0,35.0,55.0,32,32.6,29.299253783437866,32.31208330699261,36.80005104936098,7.500797265923115,5,13
South Creek High,Martin County Schools,Martin County,Robersonville,27871,37117,1,370288001165,South Creek High,35.85624,-77.24359100000001,exact_name_zip,100.0,42,26.0,31.0,23.0,57.0,36,35.800000000000004,32.33312762372407,35.55354550105694,39.945633229456476,7.612505605732409,5,14
Riverside High,Martin County Schools,Martin County,Williamston,27892,37117,1,370288001169,Riverside High,35.836611,-77.07093400000001,exact_name_zip,100.0,42,26.0,30.0,23.0,57.0,36,35.6,32.13389344769605,35.365160292111,39.753226677962935,7.619333230266882,5,14
Mcdowell High School,Mcdowell County Schools,McDowell County,Marion,28752,37111,1,370294001179,McDowell High School,35.696400000000004,-82.0367,exact_name_zip,100.0,28,24.0,29.0,25.0,49.0,31,31.0,28.733011902921056,30.705476587208423,34.280728752810205,5.547716849889149,5,15
Mcdowell Early College,Mcdowell County Schools,McDowell County,Marion,28752,37111,1,370294002809,McDowell Early College,35.656196,-81.96212700000001,exact_name_zip,100.0,28,24.0,29.0,25.0,49.0,31,31.0,28.733011902921056,30.705476587208423,34.280728752810205,5.547716849889149,5,15
Mcdowell Academy For Innovation,Mcdowell County Schools,McDowell County,Marion,28752,37111,0,370294003487,McDowell Academy for Innovation,35.656196,-81.96212700000001,exact_name_zip,100.0,31,26.0,30.0,18.0,49.0,31,30.8,27.84197743841373,30.583718349857556,34.21514885908991,6.373171420676179,5,15
Mcdowell Virtual Academy,Mcdowell County Schools,McDowell County,Marion,28752,37111,0,370294003609,McDowell Virtual Academy,35.7003,-82.0403,exact_name_zip,100.0,31,26.0,30.0,18.0,49.0,31,30.8,27.84197743841373,30.583718349857556,34.21514885908991,6.373171420676179,5,15
Turning Point Academy,Charlotte-Mecklenburg Schools,Mecklenburg County,Charlotte,28214,37119,0,370297000871,Turning Point Academy,35.273766,-80.950755,exact_name_zip,100.0,30,26.0,32.0,32.0,33.0,31,30.6,29.72978317042994,30.64790511565588,31.26518072061868,1.5353975501887405,5,17
Cochrane Collegiate Academy,Charlotte-Mecklenburg Schools,Mecklenburg County,Charlotte,28215,37119,0,370297001203,Cochrane Collegiate Academy,35.246500000000005,-80.7501,exact_name_zip,100.0,33,44.0,33.0,28.0,33.0,34,34.2,32.76681443606632,34.10951110339121,36.10667292238299,3.339858486316672,5,17
East Mecklenburg High School,Charlotte-Mecklenburg Schools,Mecklenburg County,Charlotte,28212,37119,1,370297001214,East Mecklenburg High School,35.176,-80.75800000000001,exact_name_zip,100.0,29,30.0,32.0,29.0,33.0,31,30.6,30.126559018577353,30.592983357303314,31.121118995215095,0.994559976637742,5,17
Harding University High School,Charlotte-Mecklenburg Schools,Mecklenburg County,Charlotte,28208,37119,1,370297001221,Harding University High School,35.2366,-80.9026,exact_name_zip,100.0,30,32.0,34.0,23.0,33.0,30,30.400000000000002,29.011491657246648,30.533829737418465,31.423189791433103,2.411698134186455,5,17
Independence High School,Charlotte-Mecklenburg Schools,Mecklenburg County,Charlotte,28227,37119,1,370297001229,Independence High School,35.1972,-80.6874,exact_name_zip,100.0,28,35.0,34.0,34.0,33.0,33,32.8,31.907276571039684,32.90711752773662,33.40450175154792,1.4972251805082344,5,17
Myers Park High School,Charlotte-Mecklenburg Schools,Mecklenburg County,Charlotte,28209,37119,1,370297001244,Myers Park High School,35.170971,-80.832668,exact_name_zip,100.0,23,15.0,29.0,26.0,33.0,25,25.200000000000003,23.18286772736178,25.249503590283894,26.978675255334153,3.7958075279723715,5,17
North Mecklenburg High School,Charlotte-Mecklenburg Schools,Mecklenburg County,Huntersville,28078,37119,1,370297001248,North Mecklenburg High School,35.372964,-80.833704,exact_name_zip,100.0,27,19.0,29.0,34.0,33.0,28,28.400000000000002,26.577909936387726,28.460004358555878,29.865661345375575,3.287751408987848,5,17
Northwest School Of The Arts,Charlotte-Mecklenburg Schools,Mecklenburg County,Charlotte,28216,37119,0,370297001250,Northwest School of the Arts,35.2571,-80.8567,exact_name_zip,100.0,26,26.0,32.0,23.0,33.0,28,28.000000000000004,26.865877620959317,27.994507916670983,29.192731177977343,2.326853557018026,5,17
Olympic High School,Charlotte-Mecklenburg Schools,Mecklenburg County,Charlotte,28273,37119,0,370297001255,Olympic High School,35.157999000000004,-80.952276,exact_name_zip,100.0,29,33.0,31.0,29.0,33.0,31,31.0,30.461527444992317,31.02114119648539,31.541032491502193,1.079505046509876,5,17
South Mecklenburg High School,Charlotte-Mecklenburg Schools,Mecklenburg County,Charlotte,28210,37119,1,370297001274,South Mecklenburg High School,35.109707,-80.859333,exact_name_zip,100.0,28,20.0,27.0,30.0,33.0,28,27.6,26.122251363063366,27.66511017358095,28.784474191165497,2.6622228281021307,5,17
West Charlotte High School,Charlotte-Mecklenburg Schools,Mecklenburg County,Charlotte,28216,37119,1,370297001285,West Charlotte High School,35.2654,-80.8585,exact_name_zip,100.0,29,25.0,33.0,23.0,33.0,29,28.6,27.327382213015333,28.62281552741806,29.79153832058266,2.4641561075673266,5,17
West Mecklenburg High School,Charlotte-Mecklenburg Schools,Mecklenburg County,Charlotte,28214,37119,1,370297001286,West Mecklenburg High School,35.2474,-80.952168,exact_name_zip,100.0,29,25.0,31.0,28.0,33.0,29,29.200000000000003,28.333455424250758,29.212311400313276,30.020824524267418,1.6873691000166602,5,17
Providence High School,Charlotte-Mecklenburg Schools,Mecklenburg County,Charlotte,28270,37119,1,370297002220,Providence High School,35.1103,-80.7639,exact_name_zip,100.0,26,11.0,22.0,32.0,33.0,25,24.8,22.072422711706526,24.924213371441624,26.986178694143128,4.9137559824366015,5,17
Hawthorne Academy Of Health Sciences,Charlotte-Mecklenburg Schools,Mecklenburg County,Charlotte,28205,37119,0,370297002228,Hawthorne Academy of Health Sciences,35.22846,-80.814761,exact_name_zip,100.0,28,40.0,38.0,21.0,33.0,32,32.0,29.767067571715575,32.09663373936776,34.04062533034385,4.273557758628275,5,17
Butler High School,Charlotte-Mecklenburg Schools,Mecklenburg County,Matthews,28105,37119,1,370297002324,Butler High School,35.1203,-80.69160000000001,exact_name_zip,100.0,30,25.0,30.0,29.0,33.0,29,29.400000000000002,28.548170271244025,29.42676342602467,30.14833881376362,1.6001685425195937,5,17
Julius L. Chambers High School,Charlotte-Mecklenburg Schools,Mecklenburg County,Charlotte,28262,37119,1,370297002326,Julius L. Chambers High School,35.3004,-80.7692,exact_name_zip,100.0,27,30.0,31.0,32.0,33.0,30,30.6,29.900335459965,30.63665039249581,31.193408173589564,1.2930727136245643,5,17
Hopewell High School,Charlotte-Mecklenburg Schools,Mecklenburg County,Huntersville,28078,37119,1,370297002593,Hopewell High School,35.3784,-80.911,exact_name_zip,100.0,23,14.0,26.0,26.0,33.0,25,24.400000000000002,22.327224164435318,24.468329593772623,26.241722350869722,3.914498186434404,5,17
Phillip O Berry Academy Of Technology,Charlotte-Mecklenburg Schools,Mecklenburg County,Charlotte,28208,37119,0,370297002641,Phillip O Berry Academy of Technology,35.239200000000004,-80.8917,exact_name_zip,100.0,37,35.0,36.0,23.0,33.0,33,32.800000000000004,30.95711906020801,32.968978567142614,34.08371487433786,3.126595814129846,5,17
Mallard Creek High School,Charlotte-Mecklenburg Schools,Mecklenburg County,Charlotte,28269,37119,1,370297002811,Mallard Creek High School,35.3652,-80.77,exact_name_zip,100.0,26,19.0,28.0,36.0,33.0,28,28.400000000000002,26.491984305522443,28.43526499768543,30.146096593322472,3.6541122878000287,5,17
Performance Learning Center,Charlotte-Mecklenburg Schools,Mecklenburg County,Charlotte,28217,37119,1,370053002975,Performance Learning Center,35.38956,-80.651705,unique_exact_name,100.0,27,22.0,30.0,29.0,33.0,28,28.200000000000003,26.976414098702172,28.229087077638017,29.256590610671992,2.2801765119698203,5,17
Ardrey Kell High School,Charlotte-Mecklenburg Schools,Mecklenburg County,Charlotte,28277,37119,1,370297002910,Ardrey Kell High School,35.02999,-80.82665,exact_name_zip,100.0,28,12.0,27.0,31.0,33.0,26,26.200000000000003,23.50446278693841,26.41421396302667,28.03824669422955,4.533783907291138,5,17
Cato Middle College High School,Charlotte-Mecklenburg Schools,Mecklenburg County,Charlotte,28215,37119,1,370297003000,Cato Middle College High School,35.264900000000004,-80.7312,exact_name_zip,100.0,27,22.0,30.0,29.0,33.0,28,28.200000000000003,26.976414098702172,28.229087077638017,29.256590610671992,2.2801765119698203,5,17
Military And Global Leadership,Charlotte-Mecklenburg Schools,Mecklenburg County,Charlotte,28205,37119,0,370297003042,Military and Global Leadership,35.22846,-80.814761,exact_name_zip,100.0,28,40.0,38.0,21.0,33.0,32,32.0,29.767067571715575,32.09663373936776,34.04062533034385,4.273557758628275,5,17
Rocky River High School,Charlotte-Mecklenburg Schools,Mecklenburg County,Mint Hill,28227,37119,1,370297003173,Rocky River High School,35.214252,-80.640044,exact_name_zip,100.0,29,29.0,31.0,29.0,33.0,30,30.200000000000003,29.758741625318805,30.16996291730438,30.741423647249214,0.9826820219304082,5,17
William Amos Hough High,Charlotte-Mecklenburg Schools,Mecklenburg County,Cornelius,28031,37119,1,370297003175,William Amos Hough High,35.468143,-80.82809300000001,exact_name_zip,100.0,21,11.0,24.0,30.0,33.0,24,23.8,21.27259245888809,23.888324796862012,25.996613215146745,4.724020756258653,5,17
Garinger High School,Charlotte-Mecklenburg Schools,Mecklenburg County,Charlotte,28205,37119,1,370297003245,Garinger High School,35.2411,-80.7829,exact_name_zip,100.0,31,46.0,37.0,26.0,33.0,34,34.60000000000001,32.681236327863154,34.53320856065605,36.84409122462189,4.162854896758738,5,17
Harper Middle College High,Charlotte-Mecklenburg Schools,Mecklenburg County,Charlotte,28273,37119,0,370297003313,Harper Middle College High,35.1296,-80.8956,exact_name_zip,100.0,29,33.0,31.0,29.0,33.0,31,31.0,30.461527444992317,31.02114119648539,31.541032491502193,1.079505046509876,5,17
Char Eng Early College-Uncc,Charlotte-Mecklenburg Schools,Mecklenburg County,Charlotte,28262,37119,0,370297003315,Char Eng Early College-UNCC,35.308908,-80.744073,exact_name_zip,100.0,24,22.0,30.0,37.0,33.0,29,29.200000000000003,27.510954147178104,29.15501738781589,30.920899899907,3.4099457527288948,5,17
Levine Middle College High Sch,Charlotte-Mecklenburg Schools,Mecklenburg County,Matthews,28105,37119,1,370297003318,Levine Middle College High Sch,35.10741,-80.692786,exact_name_zip,100.0,27,22.0,30.0,29.0,33.0,28,28.200000000000003,26.976414098702172,28.229087077638017,29.256590610671992,2.2801765119698203,5,17
Williams Secondary Montessori,Charlotte-Mecklenburg Schools,Mecklenburg County,Charlotte,28206,37119,0,370297003416,Williams Secondary Montessori,35.266666,-80.841373,exact_name_zip,100.0,32,30.0,34.0,17.0,33.0,29,29.200000000000003,26.93664246389572,29.424616785578245,30.690083257392963,3.7534407934972442,5,17
Charlotte Teacher Early College,Charlotte-Mecklenburg Schools,Mecklenburg County,Charlotte,28262,37119,0,370297003418,Charlotte Teacher Early College,35.308908,-80.744073,exact_name_zip,100.0,24,22.0,30.0,37.0,33.0,29,29.200000000000003,27.510954147178104,29.15501738781589,30.920899899907,3.4099457527288948,5,17
Merancas Middle College-Cpcc,Charlotte-Mecklenburg Schools,Mecklenburg County,Huntersville,28078,37119,0,370297003421,Merancas Middle College-CPCC,35.393407,-80.840844,exact_name_zip,100.0,27,11.0,29.0,26.0,33.0,25,25.200000000000003,22.54768534730285,25.364867360512658,27.102318217204573,4.554632869901724,5,17
Mitchell High,Mitchell County Schools,Mitchell County,Bakersville,28705,37121,1,370300001297,Mitchell High,35.9709,-82.1174,exact_name_zip,100.0,28,24.0,24.0,27.0,45.0,30,29.6,27.69576005044869,29.337249290971265,32.374567988719974,4.678807938271284,5,13
Mayland Early College,Mitchell County Schools,Avery County,Spruce Pine,28777,37011,1,370300003137,Mayland Early College,35.934400000000004,-82.01683,exact_name_zip,100.0,27,24.0,26.0,27.0,36.0,28,28.0,26.93989752300497,27.867463118282465,29.471923982801783,2.532026459796814,5,13
Montgomery Learning Academy,Montgomery County Schools,Montgomery County,Troy,27371,37123,0,370306002328,Montgomery Learning Academy,35.35567,-79.89441000000001,exact_name_zip,100.0,35,33.0,44.0,17.0,53.0,36,36.400000000000006,32.52202671693312,36.53552718521871,39.99678382045053,7.474757103517412,5,14
Montgomery County Early College,Montgomery County Schools,Montgomery County,Troy,27371,37123,0,370306003438,Montgomery County Early College,35.36695,-79.870113,exact_name_zip,100.0,35,33.0,44.0,17.0,53.0,36,36.400000000000006,32.52202671693312,36.53552718521871,39.99678382045053,7.474757103517412,5,14
Montgomery Central High,Montgomery County Schools,Montgomery County,Troy,27371,37123,0,370306003515,Montgomery Central High,35.368185000000004,-79.866795,exact_name_zip,100.0,35,33.0,44.0,17.0,53.0,36,36.400000000000006,32.52202671693312,36.53552718521871,39.99678382045053,7.474757103517412,5,14
North Moore High,Moore County Schools,Moore County,Robbins,27325,37125,1,370309001320,North Moore High,35.467600000000004,-79.5537,exact_name_zip,100.0,29,27.0,28.0,22.0,25.0,26,26.200000000000003,25.36107607366572,26.231077418553834,26.914054203046827,1.5529781293811062,5,15
Pinecrest High,Moore County Schools,Moore County,Southern Pines,28387,37125,1,370309001321,Pinecrest High,35.1848,-79.4346,exact_name_zip,100.0,21,16.0,23.0,17.0,25.0,21,20.400000000000002,19.353067582428153,20.403956468896077,21.4244890382376,2.071421455809446,5,15
Union Pines High,Moore County Schools,Moore County,Cameron,28326,37125,1,370309001328,Union Pines High,35.3179,-79.34700000000001,exact_name_zip,100.0,25,19.0,26.0,45.0,25.0,28,28.0,25.71552164760083,27.693060173246813,31.25620114157188,5.540679493971048,5,16
The Community Learning Center @ Pinckney,Moore County Schools,Moore County,Carthage,28327,37125,0,370309001929,The Community Learning Center @ Pinckney,35.3405,-79.4269,exact_name_zip,100.0,24,15.0,23.0,24.0,25.0,22,22.200000000000003,20.85289446304444,22.308283546715,23.067355979083395,2.2144615160389556,5,15
Nf Woods Campus,Mooresville Graded School District,Iredell County,Mooresville,28115,37097,0,370312000808,NF Woods Campus,35.5869,-80.8237,exact_name_zip,100.0,20,18.0,31.0,36.0,27.0,27,26.400000000000002,24.387851878699742,26.31614090180674,28.51070018116216,4.122848302462419,5,17
Mooresville High School,Mooresville Graded School District,Iredell County,Mooresville,28115,37097,1,370312001333,Mooresville High School,35.5783,-80.8014,exact_name_zip,100.0,20,17.0,32.0,37.0,27.0,27,26.6,24.38636919858762,26.528652556043948,28.914060870943242,4.527691672355623,5,17
Mount Airy High,Mount Airy City Schools,Surry County,Mount Airy,27030,37171,1,370321001339,Mount Airy High,36.5122,-80.6156,exact_name_zip,100.0,25,27.0,30.0,20.0,42.0,29,28.800000000000004,26.751128324979796,28.671791481065632,31.30714351999001,4.556015195010215,5,15
Rocky Mount High,Nash County Public Schools,Nash County,Rocky Mount,27803,37127,1,370327000763,Rocky Mount High,35.939076,-77.834874,exact_name_zip,100.0,39,23.0,41.0,33.0,46.0,36,36.4,33.78319926313888,36.46716145390084,38.5976325157766,4.81443325263772,5,17
Tar River Academy,Nash County Public Schools,Nash County,Rocky Mount,27804,37127,0,370327001218,Tar River Academy,35.941795,-77.808177,exact_name_zip,100.0,34,20.0,37.0,38.0,46.0,35,35.0,32.08052329170629,35.12935908515169,37.39362236088251,5.313099069176218,5,17
Northern Nash High,Nash County Public Schools,Nash County,Rocky Mount,27804,37127,1,370327001351,Northern Nash High,35.9987,-77.89150000000001,exact_name_zip,100.0,35,24.0,33.0,44.0,46.0,36,36.400000000000006,33.8136771641121,36.4639942534187,38.688248808480594,4.874571644368494,5,17
Southern Nash High,Nash County Public Schools,Nash County,Bailey,27807,37127,1,370327001354,Southern Nash High,35.8511,-78.0874,exact_name_zip,100.0,33,29.0,36.0,19.0,46.0,33,32.6,29.82395358267602,32.62112850624602,35.30493756718902,5.480983984513003,5,15
Nash Central High,Nash County Public Schools,Nash County,Rocky Mount,27804,37127,1,370327002643,Nash Central High,35.9558,-77.8981,exact_name_zip,100.0,35,22.0,39.0,32.0,46.0,35,34.8,32.229373930539445,34.83896800376919,37.134828850098586,4.905454919559141,5,17
Nrm Early College High School,Nash County Public Schools,Nash County,Rocky Mount,27804,37127,1,370327002644,NRM Early College High School,35.977871,-77.898825,exact_name_zip,100.0,35,26.0,38.0,35.0,46.0,36,36.0,33.965711240114146,35.996566486994695,37.98628182385242,4.020570583738277,5,17
Citi High School,Nash County Public Schools,Nash County,Rocky Mount,27804,37127,0,370327003475,CITI High School,35.97788,-77.899473,exact_name_zip,100.0,34,20.0,37.0,38.0,46.0,35,35.0,32.08052329170629,35.12935908515169,37.39362236088251,5.313099069176218,5,17
Havelock High,Craven County Schools,Craven County,Havelock,28532,37049,1,370331000384,Havelock High,34.8805,-76.8936,exact_name_zip,100.0,28,19.0,32.0,17.0,50.0,29,29.2,25.863182749535767,28.95572822516678,33.204501663907905,7.341318914372138,5,15
New Bern High,Craven County Schools,Craven County,New Bern,28562,37049,1,370331000388,New Bern High,35.100500000000004,-77.1155,exact_name_zip,100.0,29,20.0,29.0,16.0,50.0,29,28.8,25.52334198699575,28.538952263300335,32.79417285333574,7.270830866339988,5,15
West Craven High,Craven County Schools,Craven County,Vanceboro,28586,37049,1,370331002180,West Craven High,35.2376,-77.1374,exact_name_zip,100.0,33,25.0,34.0,46.0,50.0,38,37.6,34.82141832837638,37.603097576517754,40.38103307976442,5.55961475138804,5,17
Craven Early College High,Craven County Schools,Craven County,New Bern,28562,37049,1,370331002843,Craven Early College High,35.110636,-77.099926,exact_name_zip,100.0,29,22.0,34.0,45.0,50.0,36,36.0,32.90792573032189,36.01894585636149,39.140467067956095,6.232541337634203,5,17
Early College East High,Craven County Schools,Craven County,Havelock,28532,37049,1,370331003127,Early College EAST High,34.877565000000004,-76.89962200000001,exact_name_zip,100.0,29,22.0,34.0,45.0,50.0,36,36.0,32.90792573032189,36.01894585636149,39.140467067956095,6.232541337634203,5,17
Emsley A Laney High,New Hanover County Schools,New Hanover County,Wilmington,28405,37129,1,370333001373,Emsley A Laney High,34.298700000000004,-77.8725,exact_name_zip,100.0,25,16.0,30.0,38.0,39.0,30,29.6,26.848894130227123,29.676005234085302,32.04118977424823,5.192295644021108,5,17
John T Hoggard High,New Hanover County Schools,New Hanover County,Wilmington,28403,37129,1,370333001379,John T Hoggard High,34.199600000000004,-77.8929,exact_name_zip,100.0,20,13.0,28.0,34.0,39.0,27,26.799999999999997,23.833916975585918,26.846417771879764,29.613293680972937,5.779376705387019,5,17
New Hanover High,New Hanover County Schools,New Hanover County,Wilmington,28401,37129,1,370333001384,New Hanover High,34.2374,-77.9324,exact_name_zip,100.0,24,18.0,31.0,29.0,39.0,28,28.200000000000003,26.026373321827666,28.182746939568318,30.418709973850248,4.392336652022582,5,17
J. C. Roe Center,New Hanover County Schools,New Hanover County,Wilmington,28412,37129,0,370333002213,J. C. Roe Center,34.184771,-77.942026,exact_name_zip,100.0,27,17.0,28.0,33.0,39.0,29,28.8,26.453281367169232,28.860262912734523,30.949444150304117,4.496162783134885,5,17
Eugene Ashley High,New Hanover County Schools,New Hanover County,Wilmington,28412,37129,1,370333002595,Eugene Ashley High,34.1002,-77.9117,exact_name_zip,100.0,21,14.0,26.0,36.0,39.0,27,27.2,24.335764982114483,27.24144249426286,29.990895096953018,5.655130114838535,5,17
Isaac M Bear Early College High School,New Hanover County Schools,New Hanover County,Wilmington,28403,37129,1,370333002888,Isaac M Bear Early College High School,34.220519,-77.881225,exact_name_zip,100.0,23,16.0,30.0,34.0,39.0,28,28.400000000000002,25.78409416734249,28.45440166966981,30.841428728894524,5.057334561552032,5,17
Wilmington Early College High,New Hanover County Schools,New Hanover County,Castle Hayne,28429,37129,1,370333002915,Wilmington Early College High,34.322700000000005,-77.8788,exact_name_zip,100.0,23,16.0,30.0,34.0,39.0,28,28.400000000000002,25.78409416734249,28.45440166966981,30.841428728894524,5.057334561552032,5,17
Career Readiness Academy At Mosley Plc,New Hanover County Schools,New Hanover County,Wilmington,28405,37129,0,370333003138,Career Readiness Academy at Mosley PLC,34.243517000000004,-77.900561,exact_name_zip,100.0,22,17.0,31.0,34.0,39.0,29,28.6,26.092665047141878,28.623290074122828,31.032230515006738,4.93956546786486,5,17
Sea-Tech,New Hanover County Schools,New Hanover County,Castle Hayne,28429,37129,0,370333003439,SEA-Tech,34.331781,-77.867095,exact_name_zip,100.0,14,20.0,26.0,9.0,39.0,22,21.6,18.596511916146817,21.502067421902066,25.064515919047807,6.46800400290099,5,15
Newton-Conover High,Newton Conover City Schools,Catawba County,Newton,28658,37035,1,370336001400,Newton-Conover High,35.6777,-81.2242,exact_name_zip,100.0,24,27.0,30.0,12.0,33.0,25,25.200000000000003,22.70723104034632,25.394267174444074,27.18426788474075,4.47703684439443,5,15
Discovery High School,Newton Conover City Schools,Catawba County,Newton,28658,37035,1,370336002754,Discovery High School,35.6796,-81.22237100000001,exact_name_zip,100.0,24,27.0,30.0,12.0,33.0,25,25.200000000000003,22.70723104034632,25.394267174444074,27.18426788474075,4.47703684439443,5,15
Northampton County High School,Northampton County Schools,Northampton County,Gaston,27832,37131,1,370342001412,Northampton County High School,36.511417,-77.65309500000001,exact_name_zip,100.0,38,25.0,32.0,32.0,66.0,39,38.6,34.90480520699975,38.15827959016212,43.56357121709645,8.658766010096706,5,14
Northampton Early College,Northampton County Schools,Halifax County,Weldon,27890,37083,0,370342003388,Northampton Early College,36.428164,-77.617534,exact_name_zip,100.0,49,27.0,42.0,24.0,66.0,42,41.6,37.10002084593285,41.43476984813726,46.4809481845357,9.380927338602845,5,15
Dixon High,Onslow County Schools,Onslow County,Holly Ridge,28445,37133,1,370345001421,Dixon High,34.585127,-77.479563,exact_name_zip,100.0,22,17.0,27.0,27.0,30.0,25,24.6,23.084773056416584,24.644825751043747,25.903180543439408,2.8184074870228244,5,15
Jacksonville High,Onslow County Schools,Onslow County,Jacksonville,28540,37133,1,370345001423,Jacksonville High,34.7844,-77.427,exact_name_zip,100.0,25,19.0,32.0,37.0,30.0,29,28.6,26.632832191966568,28.58549740106219,30.486062761234948,3.85323056926838,5,17
Richlands High,Onslow County Schools,Onslow County,Richlands,28574,37133,1,370345001429,Richlands High,34.8921,-77.5442,exact_name_zip,100.0,26,19.0,30.0,18.0,30.0,25,24.6,22.95954021299176,24.613713648436672,26.107105223864497,3.1475650108727358,5,15
Southwest High,Onslow County Schools,Onslow County,Jacksonville,28540,37133,1,370345001431,Southwest High,34.749,-77.48270000000001,exact_name_zip,100.0,24,20.0,32.0,42.0,30.0,30,29.6,27.418702095729135,29.44541218817725,32.13269217680162,4.713990081072485,5,17
Swansboro High,Onslow County Schools,Onslow County,Swansboro,28584,37133,1,370345001434,Swansboro High,34.6982,-77.15440000000001,exact_name_zip,100.0,28,19.0,25.0,17.0,30.0,24,23.8,22.258280110747044,23.813619713728404,25.29418525284573,3.0359051420986845,5,15
White Oak High,Onslow County Schools,Onslow County,Jacksonville,28546,37133,1,370345001440,White Oak High,34.7685,-77.3484,exact_name_zip,100.0,24,21.0,31.0,37.0,30.0,29,28.600000000000005,26.90814731903195,28.529925349069725,30.381302315000184,3.4731549959682333,5,17
Northside High,Onslow County Schools,Onslow County,Jacksonville,28546,37133,1,370345002598,Northside High,34.7911,-77.3884,exact_name_zip,100.0,24,20.0,31.0,38.0,30.0,29,28.6,26.74377354123282,28.52323867294567,30.579686512582523,3.8359129713497033,5,17
Onslow Early College,Onslow County Schools,Onslow County,Jacksonville,28546,37133,0,370345003425,Onslow Early College,34.772632,-77.385902,exact_name_zip,100.0,25,22.0,33.0,37.0,30.0,29,29.400000000000002,27.762436428257036,29.34533621685089,31.075169715701477,3.3127332874444413,5,17
Onslow Virtual Secondary,Onslow County Schools,Onslow County,Jacksonville,28540,37133,0,,Onslow Virtual School,,,unmatched_review_required,78.04878048780488,29,20.0,33.0,36.0,30.0,29,29.6,27.772404979529867,29.648496652268246,31.135672064109684,3.3632670845798174,5,17
Orange High,Orange County Schools,Orange County,Hillsborough,27278,37135,1,370348001447,Orange High,36.0929,-79.0947,exact_name_zip,100.0,26,19.0,27.0,35.0,11.0,24,23.6,21.03297700165147,23.572606338534726,26.068614051943378,5.035637050291907,5,17
Cedar Ridge High,Orange County Schools,Orange County,Hillsborough,27278,37135,1,370348002645,Cedar Ridge High,36.0541,-79.1262,exact_name_zip,100.0,26,18.0,27.0,31.0,11.0,23,22.6,20.282763992355815,22.616849131986676,24.69796235286628,4.415198360510466,5,17
Partnership Academy,Orange County Schools,Orange County,Hillsborough,27278,37135,0,370348002788,Partnership Academy,36.063797,-79.08135800000001,exact_name_zip,100.0,30,18.0,26.0,32.0,11.0,24,23.4,20.890067251039017,23.424622952661505,25.66764682453188,4.777579573492861,5,17
Pamlico County High,Pamlico County Schools,Pamlico County,Bayboro,28515,37137,1,370351001450,Pamlico County High,35.1426,-76.7792,exact_name_zip,100.0,28,21.0,29.0,34.0,100.0,42,42.400000000000006,35.430403638213576,41.45864087364647,52.84726978106014,17.416866142846565,5,13
Northeastern High,Elizabeth City-Pasquotank Public Schools,Pasquotank County,Elizabeth City,27909,37139,1,370354001456,Northeastern High,36.286500000000004,-76.2549,exact_name_zip,100.0,27,19.0,32.0,18.0,64.0,32,32.0,27.63036365535225,31.512530210970112,37.9295477998809,10.299184144528649,5,15
H L Trigg Community,Elizabeth City-Pasquotank Public Schools,Pasquotank County,Elizabeth City,27909,37139,0,370354002344,H L Trigg Community,36.2862,-76.2123,exact_name_zip,100.0,26,19.0,32.0,17.0,64.0,32,31.6,27.190915033847798,31.059911408236903,37.6019099965673,10.410994962719503,5,15
Pasquotank County High,Elizabeth City-Pasquotank Public Schools,Pasquotank County,Elizabeth City,27909,37139,1,370354002537,Pasquotank County High,36.365500000000004,-76.2735,exact_name_zip,100.0,26,20.0,31.0,17.0,64.0,31,31.6,27.24243741189666,31.062719753335898,37.56723119249076,10.3247937805941,5,15
Elizabeth City Pasquotank Early College,Elizabeth City-Pasquotank Public Schools,Pasquotank County,Elizabeth City,27909,37139,0,370354003426,Elizabeth City Pasquotank Early College,36.324896,-76.22024900000001,exact_name_zip,100.0,26,19.0,32.0,17.0,64.0,32,31.6,27.190915033847798,31.059911408236903,37.6019099965673,10.410994962719503,5,15
Pender High,Pender County Schools,Pender County,Burgaw,28425,37141,1,370357001466,Pender High,34.5459,-78.0123,exact_name_zip,100.0,29,26.0,32.0,25.0,22.0,27,26.800000000000004,25.756689723872412,26.789324372977198,27.848878476363307,2.0921887524908946,5,15
Topsail High,Pender County Schools,Pender County,Hampstead,28443,37141,1,370357001469,Topsail High,34.395709000000004,-77.68158700000001,exact_name_zip,100.0,25,15.0,32.0,23.0,22.0,23,23.400000000000002,21.694209457082614,23.357404654196593,25.079843093326552,3.385633636243938,5,15
Heide Trask High,Pender County Schools,Pender County,Rocky Point,28457,37141,1,370357002646,Heide Trask High,34.4378,-77.8925,exact_name_zip,100.0,27,22.0,33.0,18.0,22.0,24,24.4,22.933466198742185,24.33766988921153,26.049762553997006,3.1162963552548213,5,15
Pender Early College High,Pender County Schools,Pender County,Burgaw,28425,37141,1,370357002906,Pender Early College High,34.5437,-77.92280000000001,exact_name_zip,100.0,26,20.0,32.0,22.0,22.0,24,24.4,23.2457740621338,24.315851278833808,25.82294598353406,2.5771719214002573,5,15
Perquimans County High,Perquimans County Schools,Perquimans County,Hertford,27944,37143,1,370360001475,Perquimans County High,36.18413,-76.474249,exact_name_zip,100.0,28,22.0,26.0,19.0,56.0,30,30.200000000000003,26.857473323883216,29.753223764378074,34.92834718657538,8.070873862692164,5,13
Person High,Person County Schools,Person County,Roxboro,27573,37145,0,370363001484,Person High,36.411024000000005,-78.98042000000001,exact_name_zip,100.0,30,23.0,32.0,18.0,47.0,30,30.0,27.123348044593488,29.861552121294817,33.25510612321111,6.131758078617619,5,15
Person Early College Innovation & Ldrshp,Person County Schools,Person County,Roxboro,27573,37145,0,370363003394,Person Early College Innovation & Ldrshp,36.431646,-78.980602,exact_name_zip,100.0,30,23.0,32.0,18.0,47.0,30,30.0,27.123348044593488,29.861552121294817,33.25510612321111,6.131758078617619,5,15
Polk County High School,Polk County Schools,Polk County,Columbus,28722,37149,1,370372000785,Polk County High School,35.2656,-82.18520000000001,exact_name_zip,100.0,29,21.0,25.0,24.0,39.0,28,27.6,25.92246772410089,27.451057716237365,29.71865236129749,3.7961846371965997,5,13
Polk County Early College,Polk County Schools,Polk County,Columbus,28722,37149,1,370372003006,Polk County Early College,35.263799,-82.183293,exact_name_zip,100.0,29,21.0,25.0,24.0,39.0,28,27.6,25.92246772410089,27.451057716237365,29.71865236129749,3.7961846371965997,5,13
Eastern Randolph High School,Randolph County School System,Randolph County,Ramseur,27316,37151,1,370378001519,Eastern Randolph High School,35.7555,-79.6175,exact_name_zip,100.0,29,28.0,36.0,17.0,29.0,28,27.8,25.75075833877349,27.939656744385736,29.532566819720806,3.7818084809473156,5,15
Randleman High School,Randolph County School System,Randolph County,Randleman,27317,37151,1,370378001527,Randleman High School,35.8265,-79.8211,exact_name_zip,100.0,25,26.0,40.0,41.0,29.0,32,32.2,30.15444588598979,32.1367511825908,34.36001571958684,4.20556983359705,5,17
Southwestern Randolph High School,Randolph County School System,Randolph County,Asheboro,27205,37151,1,370378001530,Southwestern Randolph High School,35.624705,-79.869737,exact_name_zip,100.0,26,26.0,35.0,14.0,29.0,26,26.0,23.727544089666676,26.155781171373754,27.92485320766591,4.197309117999236,5,15
Trinity High School,Randolph County School System,Randolph County,Trinity,27370,37151,1,370378001534,Trinity High School,35.8943,-79.99770000000001,exact_name_zip,100.0,25,28.0,39.0,39.0,29.0,32,32.0,30.228003172648485,31.963553289527518,33.83263105749,3.6046278848415128,5,17
Uwharrie Ridge Six-Twelve,Randolph County School System,Randolph County,Trinity,27370,37151,0,370378002647,Uwharrie Ridge Six-Twelve,35.718,-79.9911,exact_name_zip,100.0,23,24.0,30.0,11.0,29.0,24,23.400000000000002,21.07480392470817,23.598982570182645,25.200739325976837,4.125935401268666,5,15
Randolph Early College High School,Randolph County School System,Randolph County,Asheboro,27205,37151,1,370378002883,Randolph Early College High School,35.6728,-79.8285,exact_name_zip,100.0,26,28.0,40.0,40.0,29.0,33,32.6,30.782874823184578,32.54744187079888,34.52050271168817,3.7376278885035887,5,17
Providence Grove High School,Randolph County School System,Randolph County,Climax,27233,37151,1,370378003016,Providence Grove High School,35.8502,-79.7136,exact_name_zip,100.0,27,27.0,35.0,14.0,29.0,27,26.4,24.062317063080712,26.573977347472315,28.29304317760627,4.230726114525556,5,15
Wheatmore High School,Randolph County School System,Randolph County,Trinity,27370,37151,1,370378003100,Wheatmore High School,35.829100000000004,-80.00710000000001,exact_name_zip,100.0,26,25.0,30.0,11.0,29.0,24,24.2,21.77104792511769,24.449916136513842,25.882126268901455,4.111078343783767,5,15
Ashley Chapel Educational Center,Richmond County Schools,Richmond County,Rockingham,28379,37153,0,370387000788,Ashley Chapel Educational Center,34.897049,-79.784233,exact_name_zip,100.0,41,27.0,40.0,22.0,55.0,37,37.0,33.56057376894145,36.984878930523124,40.67329473072438,7.112720961782927,5,15
Richmond Senior High,Richmond County Schools,Richmond County,Rockingham,28379,37153,1,370387001557,Richmond Senior High,34.9495,-79.7157,exact_name_zip,100.0,40,27.0,40.0,24.0,55.0,37,37.2,33.89941746962282,37.12455984041111,40.74986433908519,6.850446869462374,5,15
Richmond Early College High,Richmond County Schools,Richmond County,Hamlet,28345,37153,1,370387002916,Richmond Early College High,34.905198,-79.709745,exact_name_zip,100.0,40,27.0,40.0,24.0,55.0,37,37.2,33.89941746962282,37.12455984041111,40.74986433908519,6.850446869462374,5,15
Roanoke Rapids High School,Roanoke Rapids City Schools,Halifax County,Roanoke Rapids,27870,37083,1,370390001564,Roanoke Rapids High School,36.458924,-77.653829,exact_name_zip,100.0,43,25.0,40.0,16.0,66.0,38,38.0,32.93904654114783,37.85163554102803,43.572474054798576,10.633427513650744,5,15
Roanoke Rapids Early College High,Roanoke Rapids City Schools,Halifax County,Roanoke Rapids,27870,37083,0,370390003481,Roanoke Rapids Early College High,36.457474000000005,-77.654501,exact_name_zip,100.0,45,25.0,42.0,18.0,66.0,39,39.2,34.26663960909546,39.11742445664252,44.614622315196115,10.347982706100652,5,15
Purnell Swett High,Public Schools Of Robeson County,Robeson County,Pembroke,28372,37155,1,370393002102,Purnell Swett High,34.6961,-79.2467,exact_name_zip,100.0,46,28.0,51.0,37.0,84.0,49,49.2,43.95099523770355,48.75435679729901,55.750715074584164,11.799719836880612,5,17
Fairmont High,Public Schools Of Robeson County,Robeson County,Fairmont,28340,37155,1,370393002232,Fairmont High,34.479,-79.0951,exact_name_zip,100.0,48,28.0,52.0,41.0,84.0,50,50.60000000000001,45.39469536829038,50.23033570858211,56.88340514710452,11.48870977881414,5,17
Lumberton Senior High,Public Schools Of Robeson County,Robeson County,Lumberton,28358,37155,1,370393002237,Lumberton Senior High,34.6464,-78.9984,exact_name_zip,100.0,44,28.0,46.0,38.0,84.0,48,48.00000000000001,42.907594923487004,47.42946918414283,54.65414958993908,11.746554666452077,5,17
Red Springs High,Public Schools Of Robeson County,Robeson County,Red Springs,28377,37155,1,370393002239,Red Springs High,34.8232,-79.1857,exact_name_zip,100.0,45,31.0,41.0,18.0,84.0,44,43.8,37.5484060088169,43.27385451091938,51.314298123193495,13.765892114376598,5,15
Saint Pauls High,Public Schools Of Robeson County,Robeson County,Saint Pauls,28384,37155,1,370393002244,Saint Pauls High,34.81469,-78.976803,exact_name_zip,100.0,42,29.0,40.0,42.0,84.0,47,47.400000000000006,42.568594534583404,46.79168862520001,54.127518454356,11.558923919772596,5,17
Psrc Early College At Rcc,Public Schools Of Robeson County,Robeson County,Lumberton,28360,37155,1,370393002791,PSRC Early College at RCC,34.6759,-79.0074,exact_name_zip,100.0,45,28.0,46.0,37.0,84.0,48,48.0,42.888558212723844,47.42544749199553,54.676265385589694,11.78770717286585,5,17
John M Morehead High,Rockingham County Schools,Rockingham County,Eden,27288,37157,1,370399001072,John M Morehead High,36.5054,-79.7351,exact_name_zip,100.0,33,26.0,31.0,20.0,45.0,31,31.0,28.511332184734187,30.881330631994402,33.71860774446653,5.207275559732345,5,15
Reidsville High,Rockingham County Schools,Rockingham County,Reidsville,27320,37157,1,370399001543,Reidsville High,36.330535000000005,-79.675568,exact_name_zip,100.0,34,24.0,31.0,16.0,45.0,30,30.000000000000004,26.998333440649084,29.96428233511694,33.031925336714394,6.03359189606531,5,15
Rockingham County High,Rockingham County Schools,Rockingham County,Reidsville,27320,37157,1,370399001595,Rockingham County High,36.3859,-79.7407,exact_name_zip,100.0,35,25.0,33.0,16.0,45.0,31,30.8,27.734026689505775,30.830996065006037,33.79056691869919,6.056540229193416,5,15
Dalton Mcmichael High,Rockingham County Schools,Rockingham County,Mayodan,27027,37157,1,370399002306,Dalton McMichael High,36.417,-79.9426,exact_name_zip,100.0,33,26.0,33.0,16.0,45.0,31,30.6,27.588270888495007,30.635161817189974,33.535529037959975,5.947258149464968,5,15
Rockingham Co Early College High,Rockingham County Schools,Rockingham County,Wentworth,27375,37157,1,370399003014,Rockingham Co Early College High,36.387854000000004,-79.756941,exact_name_zip,100.0,33,26.0,32.0,17.0,45.0,31,30.6,27.747719304921514,30.57681695779005,33.460675763334486,5.712956458412972,5,15
East Rowan High,Rowan-Salisbury Schools,Rowan County,Salisbury,28146,37159,1,370405001616,East Rowan High,35.5935,-80.4231,exact_name_zip,100.0,27,21.0,34.0,16.0,43.0,28,28.200000000000003,25.304887827225162,28.134316832099557,31.211787053342167,5.906899226117005,5,15
North Rowan High,Rowan-Salisbury Schools,Rowan County,Spencer,28159,37159,1,370405001625,North Rowan High,35.6974,-80.4297,exact_name_zip,100.0,30,22.0,35.0,18.0,43.0,29,29.6,26.853264092844203,29.579104498096733,32.38999513117808,5.53673103833388,5,15
South Rowan High,Rowan-Salisbury Schools,Rowan County,China Grove,28023,37159,1,370405001629,South Rowan High,35.573100000000004,-80.61,exact_name_zip,100.0,24,25.0,36.0,37.0,43.0,33,33.0,30.762439093836395,32.97421787811139,35.250027602334576,4.487588508498181,5,17
West Rowan High,Rowan-Salisbury Schools,Rowan County,Mount Ulla,28125,37159,1,370405001630,West Rowan High,35.6993,-80.6431,exact_name_zip,100.0,27,27.0,31.0,39.0,43.0,33,33.400000000000006,31.489958323317058,33.36794597603715,35.4865883027632,3.996629979446144,5,17
Salisbury High,Rowan-Salisbury Schools,Rowan County,Salisbury,28144,37159,1,370405002253,Salisbury High,35.6644,-80.4847,exact_name_zip,100.0,30,28.0,33.0,17.0,43.0,30,30.2,27.528730437065,30.230396835100443,32.78791643642657,5.25918599936157,5,15
Henderson High,Rowan-Salisbury Schools,Rowan County,Salisbury,28144,37159,0,370405002409,Henderson High,35.6768,-80.4565,exact_name_zip,100.0,31,25.0,35.0,20.0,43.0,31,30.8,28.374328244538237,30.7818447320339,33.29518894051307,4.920860695974834,5,15
Carson High,Rowan-Salisbury Schools,Rowan County,China Grove,28023,37159,1,370405002882,Carson High,35.563,-80.5457,exact_name_zip,100.0,26,25.0,35.0,41.0,43.0,34,34.0,31.71951988285508,34.00553359212328,36.25390072414437,4.534380841289291,5,17
Rowan Co Early College,Rowan-Salisbury Schools,Rowan County,Salisbury,28146,37159,1,370405003035,Rowan Co Early College,35.637709,-80.480575,exact_name_zip,100.0,27,25.0,35.0,40.0,43.0,34,34.0,31.8421895109505,34.01143228540661,36.14019767062809,4.29800815967759,5,17
Chase High School,Rutherford County Schools,Rutherford County,Forest City,28043,37161,1,370408001636,Chase High School,35.2506,-81.84270000000001,exact_name_zip,100.0,31,23.0,29.0,18.0,32.0,26,26.6,24.893826379727468,26.668421546246083,28.11795682002217,3.224130440294701,5,15
East Rutherford High School,Rutherford County Schools,Rutherford County,Bostic,28018,37161,1,370408001640,East Rutherford High School,35.340594,-81.818253,exact_name_zip,100.0,33,24.0,32.0,20.0,32.0,28,28.2,26.53352489528652,28.25926671419633,29.685215193837198,3.1516902985506796,5,15
R-S Central High School,Rutherford County Schools,Rutherford County,Rutherfordton,28139,37161,1,370408001651,R-S Central High School,35.402634,-81.967691,exact_name_zip,100.0,33,22.0,30.0,24.0,32.0,28,28.200000000000003,26.838687924612593,28.211337325726454,29.494850781177444,2.656162856564851,5,15
Rutherford Opportunity Center,Rutherford County Schools,Rutherford County,Forest City,28043,37161,0,370408002607,Rutherford Opportunity Center,35.32976,-81.85805,exact_name_zip,100.0,32,26.0,30.0,18.0,32.0,28,27.6,25.800450313069337,27.727157643283817,29.02820408397321,3.227753770903874,5,15
Rutherford Early College High School,Rutherford County Schools,Rutherford County,Spindale,28160,37161,1,370408002793,Rutherford Early College High School,35.33471,-81.913687,exact_name_zip,100.0,33,22.0,30.0,23.0,32.0,28,28.0,26.599836582079593,28.02908263184122,29.357266004218037,2.7574294221384434,5,15
Hobbton High,Sampson County Schools,Sampson County,Newton Grove,28366,37163,1,370414001672,Hobbton High,35.177781,-78.329097,exact_name_zip,100.0,35,30.0,30.0,23.0,67.0,37,37.0,33.076336898580436,36.477044156091466,42.42134772667637,9.345010828095937,5,15
Lakewood High,Sampson County Schools,Sampson County,Salemburg,28385,37163,1,370414001674,Lakewood High,34.990777,-78.502174,exact_name_zip,100.0,32,27.0,31.0,23.0,67.0,36,36.0,32.08612951656314,35.45590434170639,41.68923278762722,9.603103271064079,5,15
Midway High,Sampson County Schools,Sampson County,Newton Grove,28366,37163,1,370414001676,Midway High,35.175081,-78.473133,exact_name_zip,100.0,35,28.0,31.0,22.0,67.0,37,36.6,32.510775726528465,36.08343360421273,42.09809660272931,9.587320876200849,5,15
Union High,Sampson County Schools,Sampson County,Rose Hill,28458,37163,1,370414001683,Union High,34.809133,-78.23699400000001,exact_name_zip,100.0,32,30.0,29.0,23.0,67.0,36,36.2,32.359925873450436,35.64531939335767,41.76557540137111,9.405649527920673,5,15
Sampson Early College High,Sampson County Schools,Sampson County,Clinton,28329,37163,1,370414003086,Sampson Early College High,34.990386,-78.360878,exact_name_zip,100.0,33,28.0,30.0,22.0,67.0,36,36.0,31.963707852362845,35.429528976605916,41.634866041102285,9.67115818873944,5,15
Shaw Academy,Scotland County Schools,Scotland County,Laurinburg,28352,37165,0,370420001687,Shaw Academy,34.8587,-79.41680000000001,exact_name_zip,100.0,41,27.0,44.0,20.0,80.0,43,42.4,36.56720814922822,41.924085170147244,49.48888147013764,12.92167332090942,5,15
Scotland Early College High,Scotland County Schools,Scotland County,Laurinburg,28352,37165,1,370420003007,Scotland Early College High,34.772992,-79.47123,exact_name_zip,100.0,42,28.0,41.0,20.0,80.0,42,42.2,36.5521611298699,41.70755333734701,49.22997998305076,12.67781885318086,5,15
Scotland High School,Scotland County Schools,Scotland County,Laurinburg,28352,37165,1,370420003231,Scotland High School,34.7781,-79.4774,exact_name_zip,100.0,42,28.0,41.0,20.0,80.0,42,42.2,36.5521611298699,41.70755333734701,49.22997998305076,12.67781885318086,5,15
Albemarle High,Stanly County Schools,Stanly County,Albemarle,28001,37167,1,370432000022,Albemarle High,35.371228,-80.193145,exact_name_zip,100.0,31,24.0,35.0,23.0,32.0,29,29.0,27.542934538173267,29.0132095903035,30.354771866404658,2.811837328231391,5,15
North Stanly High,Stanly County Schools,Stanly County,New London,28127,37167,1,370432001713,North Stanly High,35.4269,-80.2125,exact_name_zip,100.0,27,21.0,33.0,25.0,32.0,28,27.6,26.2117974140582,27.60741988654914,28.906619960078306,2.694822546020106,5,15
South Stanly High,Stanly County Schools,Stanly County,Norwood,28128,37167,1,370432001718,South Stanly High,35.2308,-80.1636,exact_name_zip,100.0,27,23.0,32.0,26.0,32.0,28,28.000000000000004,26.916055591273025,27.99595899625689,29.042148219400293,2.1260926281272674,5,15
West Stanly High,Stanly County Schools,Stanly County,Oakboro,28129,37167,1,370432001720,West Stanly High,35.2678,-80.3468,exact_name_zip,100.0,26,21.0,37.0,12.0,32.0,26,25.6,22.83136188259789,25.679542676810904,28.08623130528883,5.254869422690941,5,15
Stanly Early College High,Stanly County Schools,Stanly County,Albemarle,28001,37167,1,370432002890,Stanly Early College High,35.339441,-80.23616200000001,exact_name_zip,100.0,26,22.0,35.0,21.0,32.0,27,27.200000000000003,25.5727573242121,27.180703618294714,28.87924647153033,3.3064891473182314,5,15
Stanly Academy Learning Center,Stanly County Schools,Stanly County,Albemarle,28001,37167,0,370432003008,Stanly Academy Learning Center,35.362746,-80.209382,exact_name_zip,100.0,28,22.0,33.0,19.0,32.0,26,26.800000000000004,25.069858422697326,26.8436102061724,28.35656822919245,3.286709806495125,5,15
Stanly Stem Early College,Stanly County Schools,Stanly County,Albemarle,28001,37167,0,370432003513,Stanly STEM Early College,35.371228,-80.193145,exact_name_zip,100.0,28,22.0,33.0,19.0,32.0,26,26.800000000000004,25.069858422697326,26.8436102061724,28.35656822919245,3.286709806495125,5,15
North Stokes High School,Stokes County Schools,Stokes County,Danbury,27016,37169,1,370438001737,North Stokes High School,36.4643,-80.2799,exact_name_zip,100.0,30,23.0,25.0,16.0,29.0,25,24.6,22.943023647413252,24.67835996316984,26.035636015213335,3.0926123678000828,5,14
South Stokes High School,Stokes County Schools,Stokes County,Walnut Cove,27052,37169,1,370438001741,South Stokes High School,36.3262,-80.2403,exact_name_zip,100.0,28,23.0,28.0,13.0,29.0,24,24.200000000000003,22.11941798122701,24.374220133535893,25.758156458505354,3.638738477278345,5,14
Meadowbrook Academy,Stokes County Schools,Stokes County,King,27021,37169,0,,King Elementary School,,,unmatched_review_required,31.57894736842105,32,19.0,25.0,39.0,29.0,29,28.8,26.71503873298665,28.75237418757785,30.892545063888342,4.177506330901693,5,16
West Stokes High School,Stokes County Schools,Stokes County,King,27021,37169,1,370438002485,West Stokes High School,36.3144,-80.3754,exact_name_zip,100.0,30,19.0,25.0,40.0,29.0,28,28.6,26.49357137458292,28.51160271629449,30.881156456121506,4.387585081538585,5,16
Stokes Early College High School,Stokes County Schools,Stokes County,Walnut Cove,27052,37169,1,370438003129,Stokes Early College High School,36.374700000000004,-80.18260000000001,exact_name_zip,100.0,30,21.0,24.0,40.0,29.0,29,28.800000000000004,26.914451370076513,28.668375336319336,30.993438167278857,4.078986797202344,5,16
East Surry High,Surry County Schools,Surry County,Pilot Mountain,27041,37171,1,370441001748,East Surry High,36.392900000000004,-80.47710000000001,exact_name_zip,100.0,24,22.0,23.0,40.0,42.0,30,30.200000000000003,27.595452859458277,30.13159670327934,32.93240977221954,5.336956912761266,5,17
North Surry High,Surry County Schools,Surry County,Mount Airy,27030,37171,1,370441001754,North Surry High,36.5052,-80.6733,exact_name_zip,100.0,25,27.0,27.0,23.0,42.0,29,28.8,27.12376952404813,28.5929081658051,31.20557600882417,4.081806484776042,5,15
Surry Central High,Surry County Schools,Surry County,Dobson,27017,37171,1,370441001757,Surry Central High,36.3818,-80.7152,exact_name_zip,100.0,26,27.0,28.0,21.0,42.0,29,28.800000000000004,26.911641965880953,28.626830634728517,31.240865999553318,4.329224033672364,5,15
Surry Early College,Surry County Schools,Surry County,Dobson,27017,37171,1,370441002903,Surry Early College,36.384376,-80.716831,exact_name_zip,100.0,25,25.0,24.0,44.0,42.0,32,32.0,29.363178516971633,31.952518742598798,34.84041539271031,5.477236875738679,5,17
Swain County High School,Swain County Schools,Swain County,Bryson City,28713,37173,1,370444001763,Swain County High School,35.447267000000004,-83.45671,exact_name_zip,100.0,33,22.0,30.0,39.0,91.0,43,43.0,36.9023758073088,42.225314157532715,51.88307689797313,14.980701090664333,5,13
Thomasville High,Thomasville City Schools,Davidson County,Thomasville,27360,37057,1,370450001776,Thomasville High,35.9003,-80.0761,exact_name_zip,100.0,31,31.0,34.0,11.0,25.0,26,26.4,23.442544325482483,26.643116778451972,28.54732130177204,5.104776976289557,5,15
Brevard High,Transylvania County Schools,Transylvania County,Brevard,28712,37175,0,370453001778,Brevard High,35.2172,-82.7356,exact_name_zip,100.0,23,12.0,19.0,24.0,30.0,22,21.6,19.636398862562636,21.628484886299084,23.343722776659195,3.707323914096559,5,14
Rosman High,Transylvania County Schools,Transylvania County,Rosman,28772,37175,0,370453001783,Rosman High,35.1433,-82.82050000000001,exact_name_zip,100.0,26,,35.0,,30.0,30,30.333333333333332,28.972346084187798,30.325014758338682,31.793434204879777,2.8210881206919787,3,5
Davidson River School,Transylvania County Schools,Transylvania County,Brevard,28712,37175,0,370453002351,Davidson River School,35.2581,-82.7042,exact_name_zip,100.0,23,12.0,19.0,24.0,30.0,22,21.6,19.636398862562636,21.628484886299084,23.343722776659195,3.707323914096559,5,14
Columbia High,Tyrrell County Schools,Tyrrell County,Columbia,27925,37177,1,370459001788,Columbia High,35.9191,-76.2455,exact_name_zip,100.0,34,24.0,19.0,27.0,,26,26.000000000000004,24.175359944653554,25.912809032064416,27.911399245447097,3.736039300793543,4,12
South Providence,Union County Public Schools,Union County,Waxhaw,28173,37179,0,370462001284,South Providence,34.9215,-80.7412,exact_name_zip,100.0,28,15.0,31.0,9.0,16.0,20,19.8,17.32879260385373,19.78002093883442,22.22879147496772,4.89999887111399,5,15
Monroe High,Union County Public Schools,Union County,Monroe,28112,37179,1,370462001301,Monroe High,34.9727,-80.52640000000001,exact_name_zip,100.0,25,31.0,28.0,12.0,16.0,22,22.4,20.148104750417108,22.429482780759237,24.57456633918983,4.426461588772721,5,15
Forest Hills High,Union County Public Schools,Union County,Marshville,28103,37179,1,370462001792,Forest Hills High,34.9793,-80.4133,exact_name_zip,100.0,25,32.0,29.0,13.0,16.0,23,23.0,20.757827116868885,23.006266052972542,25.247143797350788,4.4893166804819025,5,15
Parkwood High,Union County Public Schools,Union County,Monroe,28112,37179,1,370462001797,Parkwood High,34.902,-80.6314,exact_name_zip,100.0,26,22.0,29.0,10.0,16.0,21,20.6,18.378981605923776,20.637922157504793,22.523603263122244,4.144621657198467,5,15
Piedmont High,Union County Public Schools,Union County,Monroe,28110,37179,1,370462001799,Piedmont High,35.0954,-80.4915,exact_name_zip,100.0,24,23.0,30.0,9.0,16.0,20,20.4,18.077390948711084,20.43857852334458,22.500913377378453,4.4235224286673684,5,15
Sun Valley High,Union County Public Schools,Union County,Monroe,28110,37179,1,370462001803,Sun Valley High,35.0461,-80.6447,exact_name_zip,100.0,25,16.0,23.0,36.0,16.0,23,23.200000000000003,21.16093046962974,23.008948534667105,25.693764830057717,4.532834360427977,5,17
Central Academy Of Technology And Arts,Union County Public Schools,Union County,Monroe,28112,37179,1,370462001806,Central Academy of Technology and Arts,34.972300000000004,-80.5677,exact_name_zip,100.0,23,19.0,25.0,32.0,16.0,23,23.0,21.417134272266264,22.895922227390006,24.82833929485439,3.4112050225881276,5,17
Weddington High,Union County Public Schools,Union County,Matthews,28104,37179,1,370462002552,Weddington High,35.001232,-80.725525,exact_name_zip,100.0,21,9.0,25.0,31.0,16.0,20,20.400000000000002,18.017024484720746,20.315780763499987,22.732212691400395,4.715188206679649,5,17
Porter Ridge High School,Union County Public Schools,Union County,Indian Trail,28079,37179,1,370462002799,Porter Ridge High School,35.0906,-80.57390000000001,exact_name_zip,100.0,23,19.0,30.0,8.0,16.0,19,19.200000000000003,16.905946899390546,19.197576942592256,21.385317103638364,4.479370204247818,5,15
Marvin Ridge High,Union County Public Schools,Union County,Waxhaw,28173,37179,1,370462002845,Marvin Ridge High,34.974000000000004,-80.7959,exact_name_zip,100.0,21,9.0,27.0,32.0,16.0,21,21.0,18.45360065963901,20.92477115903668,23.499103116341,5.045502456701989,5,17
Union County Early College,Union County Public Schools,Union County,Monroe,28110,37179,1,370462002893,Union County Early College,35.0312,-80.6205,exact_name_zip,100.0,24,20.0,24.0,33.0,16.0,23,23.4,21.745606259617126,23.27508450087543,25.3378769402343,3.5922706806171725,5,17
Cuthbertson High,Union County Public Schools,Union County,Waxhaw,28173,37179,1,370462003093,Cuthbertson High,34.9758,-80.739,exact_name_zip,100.0,24,9.0,30.0,7.0,16.0,17,17.2,14.638210773956827,17.16427050389636,19.820196285139296,5.18198551118247,5,15
Vance County High School,Vance County Schools,Vance County,Henderson,27537,37181,0,370465001823,Vance County High School,36.303202,-78.374122,exact_name_zip,100.0,38,24.0,37.0,25.0,87.0,42,42.2,36.30648097295936,41.45929187637972,50.364425022386214,14.057944049426851,5,15
Advance Academy,Vance County Schools,Vance County,Henderson,27536,37181,0,370465001993,AdVance Academy,36.327653,-78.399392,exact_name_zip,100.0,38,25.0,36.0,24.0,87.0,42,42.0,36.11557816651057,41.2189195590732,50.234035583409074,14.1184574168985,5,15
Vance Co Early College,Vance County Schools,Vance County,Henderson,27537,37181,0,370465003024,Vance Co Early College,36.3232,-78.48700000000001,exact_name_zip,100.0,38,24.0,37.0,25.0,87.0,42,42.2,36.30648097295936,41.45929187637972,50.364425022386214,14.057944049426851,5,15
Leesville Road High,Wake County Schools,Wake County,Raleigh,27613,37183,1,370472000944,Leesville Road High,35.890087,-78.718603,exact_name_zip,100.0,19,11.0,24.0,30.0,18.0,20,20.400000000000002,18.46659852420047,20.322745128022486,22.44553198444233,3.9789334602418585,5,17
Apex High,Wake County Schools,Wake County,Apex,27502,37183,1,370472001829,Apex High,35.74501,-78.837554,exact_name_zip,100.0,20,12.0,22.0,27.0,18.0,20,19.8,18.228992286968694,19.7784660523008,21.344016352238754,3.1150240652700596,5,17
Athens Drive High,Wake County Schools,Wake County,Raleigh,27606,37183,1,370472001830,Athens Drive High,35.7687,-78.71130000000001,exact_name_zip,100.0,18,18.0,29.0,31.0,18.0,23,22.8,21.06951895546684,22.72429196672597,24.68926200771721,3.619743052250371,5,17
Needham Broughton High,Wake County Schools,Wake County,Raleigh,27605,37183,1,370472001839,Needham Broughton High,35.7903,-78.6523,exact_name_zip,100.0,20,18.0,27.0,26.0,18.0,22,21.8,20.64182456825954,21.74707707210964,22.997892481040722,2.3560679127811817,5,17
Cary High,Wake County Schools,Wake County,Cary,27511,37183,1,370472001844,Cary High,35.772715,-78.766132,exact_name_zip,100.0,19,12.0,23.0,29.0,18.0,20,20.200000000000003,18.49281794701716,20.119328095501935,22.0503201271507,3.557502180133543,5,17
East Wake High,Wake County Schools,Wake County,Wendell,27591,37183,1,370472001855,East Wake High,35.81165,-78.423475,exact_name_zip,100.0,27,25.0,27.0,35.0,18.0,26,26.4,24.716398641558442,26.369802651724328,28.17171384720337,3.455315205644929,5,17
Fuquay-Varina High,Wake County Schools,Wake County,Fuquay-Varina,27526,37183,1,370472001861,Fuquay-Varina High,35.597729,-78.796492,exact_name_zip,100.0,22,15.0,23.0,30.0,18.0,21,21.6,20.10999462870716,21.502913889250017,23.30845048950702,3.1984558607998608,5,17
Garner High,Wake County Schools,Wake County,Garner,27529,37183,1,370472001863,Garner High,35.710798000000004,-78.63516,exact_name_zip,100.0,22,22.0,30.0,29.0,18.0,24,24.200000000000003,22.787127341885117,24.1674448793978,25.570323664007976,2.7831963221228584,5,17
Millbrook High,Wake County Schools,Wake County,Raleigh,27615,37183,1,370472001879,Millbrook High,35.8658,-78.6031,exact_name_zip,100.0,23,17.0,28.0,32.0,18.0,24,23.6,21.880586372440614,23.52507318273741,25.441364297000987,3.560777924560373,5,17
Sanderson High,Wake County Schools,Wake County,Raleigh,27609,37183,1,370472001892,Sanderson High,35.8611,-78.6473,exact_name_zip,100.0,20,11.0,24.0,29.0,18.0,21,20.4,18.491731012955597,20.354125407955316,22.286896914581188,3.795165901625591,5,17
Wake Forest High School,Wake County Schools,Wake County,Wake Forest,27587,37183,1,370472001901,Wake Forest High School,35.984374,-78.515119,exact_name_zip,100.0,19,17.0,26.0,31.0,18.0,22,22.200000000000003,20.66997746160105,22.103763244757157,24.021731150958217,3.3517536893571673,5,17
Enloe High,Wake County Schools,Wake County,Raleigh,27610,37183,1,370472002055,Enloe High,35.784800000000004,-78.60470000000001,exact_name_zip,100.0,31,26.0,34.0,23.0,18.0,26,26.400000000000002,24.604362788010082,26.415427152196997,28.04905546829474,3.444692680284657,5,17
Phillips High,Wake County Schools,Wake County,Raleigh,27610,37183,0,370472002188,Phillips High,35.7883,-78.61630000000001,exact_name_zip,100.0,29,26.0,33.0,26.0,18.0,26,26.4,24.73871258251376,26.475666376205695,27.77650971674475,3.037797134230992,5,17
Longview,Wake County Schools,Wake County,Raleigh,27610,37183,0,370472002254,Longview,35.7857,-78.6098,exact_name_zip,100.0,29,26.0,33.0,26.0,18.0,26,26.4,24.73871258251376,26.475666376205695,27.77650971674475,3.037797134230992,5,17
Southeast Raleigh High,Wake County Schools,Wake County,Raleigh,27610,37183,1,370472002355,Southeast Raleigh High,35.7456,-78.604,exact_name_zip,100.0,27,28.0,31.0,28.0,18.0,27,26.400000000000002,24.86474260769286,26.533397364970156,27.52467437296319,2.659931765270329,5,17
Green Hope High,Wake County Schools,Wake County,Cary,27519,37183,1,370472002489,Green Hope High,35.805,-78.867,exact_name_zip,100.0,18,13.0,23.0,26.0,18.0,20,19.6,18.233607918892506,19.547845647996056,21.035605739931892,2.801997821039386,5,17
Wakefield High,Wake County Schools,Wake County,Raleigh,27614,37183,1,370472002560,Wakefield High,35.9473,-78.5704,exact_name_zip,100.0,19,15.0,25.0,29.0,18.0,21,21.200000000000003,19.722701636368768,21.11483753837199,22.893949994633925,3.1712483582651565,5,17
Middle Creek High,Wake County Schools,Wake County,Apex,27539,37183,1,370472002653,Middle Creek High,35.667300000000004,-78.7603,exact_name_zip,100.0,18,19.0,27.0,29.0,18.0,22,22.200000000000003,20.7988880995562,22.14158384141365,23.740531138538266,2.9416430389820647,5,17
Knightdale High,Wake County Schools,Wake County,Knightdale,27545,37183,1,370472002745,Knightdale High,35.810900000000004,-78.4762,exact_name_zip,100.0,28,26.0,29.0,31.0,18.0,26,26.4,24.854836898990772,26.514713763296534,27.607747487721962,2.75291058873119,5,17
Panther Creek High,Wake County Schools,Wake County,Cary,27519,37183,1,370472002810,Panther Creek High,35.8309,-78.8891,exact_name_zip,100.0,21,11.0,23.0,30.0,18.0,21,20.6,18.637295038723508,20.54735538636726,22.600856878517803,3.963561839794295,5,17
Holly Springs High,Wake County Schools,Wake County,Holly Springs,27540,37183,1,370472002847,Holly Springs High,35.628,-78.84870000000001,exact_name_zip,100.0,23,9.0,22.0,33.0,18.0,21,21.0,18.54958392690422,20.921727266147066,23.473556074760886,4.9239721478566665,5,17
Wake Early College Of Health And Science,Wake County Schools,Wake County,Raleigh,27610,37183,1,370472002866,Wake Early College of Health and Science,35.784907000000004,-78.584468,exact_name_zip,100.0,21,15.0,26.0,28.0,18.0,22,21.6,20.08844079076692,21.552617173810063,23.13288456504128,3.0444437742743595,5,17
Wake Stem Early College High School,Wake County Schools,Wake County,Cary,27518,37183,1,370472003192,Wake STEM Early College High School,35.755047000000005,-78.740685,exact_name_zip,100.0,21,15.0,26.0,28.0,18.0,22,21.6,20.08844079076692,21.552617173810063,23.13288456504128,3.0444437742743595,5,17
Heritage High,Wake County Schools,Wake County,Wake Forest,27587,37183,1,370472003226,Heritage High,35.9409,-78.51010000000001,exact_name_zip,100.0,22,17.0,26.0,28.0,18.0,22,22.200000000000003,20.884386146429684,22.1411009567959,23.562363733823112,2.6779775873934284,5,17
Wake Young Women'S Leadership Academy,Wake County Schools,Wake County,Raleigh,27606,37183,0,370472003237,Wake Young Women's Leadership Academy,35.778935000000004,-78.659953,exact_name_zip,100.0,15,21.0,31.0,31.0,18.0,23,23.200000000000003,21.193787930240617,23.188102522495697,25.25322649271491,4.059438562474291,5,17
Wake Young Men'S Leadership Academy,Wake County Schools,Wake County,Raleigh,27601,37183,0,370472003239,Wake Young Men's Leadership Academy,35.778411,-78.629465,exact_name_zip,100.0,22,19.0,30.0,16.0,18.0,21,21.0,19.692164362382584,20.893084465924613,22.618336884554076,2.926172522171491,5,17
Rolesville High,Wake County Schools,Wake County,Rolesville,27571,37183,1,370472003276,Rolesville High,35.9067,-78.442539,exact_name_zip,100.0,22,21.0,28.0,32.0,18.0,24,24.200000000000003,22.67775801613558,24.1311036177835,25.86725466547799,3.1894966493424093,5,17
Vernon Malone College And Career Academy,Wake County Schools,Wake County,Raleigh,27603,37183,1,370472003345,Vernon Malone College and Career Academy,35.752700000000004,-78.6431,exact_name_zip,100.0,21,15.0,26.0,28.0,18.0,22,21.6,20.08844079076692,21.552617173810063,23.13288456504128,3.0444437742743595,5,17
Apex Friendship High,Wake County Schools,Wake County,Apex,27502,37183,0,370472003351,Apex Friendship High,35.701882000000005,-78.91067,exact_name_zip,100.0,19,10.0,26.0,30.0,18.0,21,20.6,18.42871770880292,20.546227862932042,22.759497055664575,4.330779346861654,5,17
Crossroads Flex,Wake County Schools,Wake County,Cary,27518,37183,0,370472003402,Crossroads FLEX,35.75475,-78.738371,exact_name_zip,100.0,17,8.0,23.0,29.0,18.0,19,19.0,16.790765220670995,18.934472002482075,21.188327767415625,4.397562546744631,5,17
North Wake College And Career Academy,Wake County Schools,Wake County,Wake Forest,27587,37183,0,370472003410,North Wake College and Career Academy,35.97657,-78.541781,exact_name_zip,100.0,20,12.0,21.0,27.0,18.0,20,19.6,18.06946028780785,19.56085268315532,21.158622119358636,3.0891618315507863,5,17
Score Academy,Wake County Schools,Wake County,Cary,27518,37183,0,370472003444,SCORE Academy,35.75475,-78.738371,exact_name_zip,100.0,17,8.0,23.0,29.0,18.0,19,19.0,16.790765220670995,18.934472002482075,21.188327767415625,4.397562546744631,5,17
South Garner High,Wake County Schools,Wake County,Garner,27529,37183,0,370472003472,South Garner High,35.65502,-78.57968100000001,exact_name_zip,100.0,16,27.0,30.0,30.0,18.0,24,24.200000000000003,22.323210176567255,24.245831290755667,25.922822994175146,3.599612817607891,5,17
Green Level High,Wake County Schools,Wake County,Cary,27519,37183,0,370472003495,Green Level High,35.772649,-78.899838,exact_name_zip,100.0,20,11.0,26.0,25.0,18.0,20,20.0,18.20864946781347,20.012506485801694,21.55315884318043,3.344509375366961,5,17
Warren County High,Warren County Schools,Warren County,Warrenton,27589,37185,0,370474002189,Warren County High,36.432700000000004,-78.1654,exact_name_zip,100.0,41,29.0,33.0,26.0,55.0,37,36.800000000000004,33.92518796321878,36.58318608423,40.28608702080973,6.360899057590949,5,14
Warren New Tech High,Warren County Schools,Warren County,Warrenton,27589,37185,0,,Warren County High,,,unmatched_review_required,72.72727272727273,41,29.0,33.0,26.0,55.0,37,36.800000000000004,33.92518796321878,36.58318608423,40.28608702080973,6.360899057590949,5,14
Warren Early College High,Warren County Schools,Warren County,Warrenton,27589,37185,0,370474003044,Warren Early College High,36.403781,-78.155772,exact_name_zip,100.0,41,29.0,33.0,26.0,55.0,37,36.800000000000004,33.92518796321878,36.58318608423,40.28608702080973,6.360899057590949,5,14
Washington County High,Washington County Schools,Washington County,Plymouth,27962,37187,1,370480001930,Washington County High,35.8703,-76.73870000000001,exact_name_zip,100.0,46,24.0,32.0,28.0,41.0,34,34.2,31.837328881939655,34.11277842532071,36.829249031217536,4.991920149277881,5,13
Washington Early College High,Washington County Schools,Washington County,Creswell,27928,37187,0,370480003442,Washington Early College High,35.869059,-76.3961,exact_name_zip,100.0,48,26.0,29.0,32.0,41.0,35,35.2,32.86398129080163,35.090440317816274,37.855277652360975,4.991296361559343,5,13
Watauga High,Watauga County Schools,Watauga County,Boone,28607,37189,1,370483001943,Watauga High,36.216424,-81.651121,exact_name_zip,100.0,18,19.0,28.0,41.0,27.0,27,26.6,24.30035454933588,26.432740739324004,29.427511651168857,5.127157101832978,5,13
Watauga Innovation Academy,Watauga County Schools,Watauga County,Boone,28607,37189,1,370483003376,Watauga Innovation Academy,36.216424,-81.651121,exact_name_zip,100.0,18,19.0,28.0,41.0,27.0,27,26.6,24.30035454933588,26.432740739324004,29.427511651168857,5.127157101832978,5,13
Edgewood Cmty Developmental,Wayne County Public Schools,Wayne County,Goldsboro,27530,37191,0,370488000413,Edgewood Cmty Developmental,35.3776,-77.8809,exact_name_city,100.0,31,22.0,32.0,18.0,52.0,31,31.000000000000004,27.675870897063675,30.759476451712942,34.97161544940283,7.295744552339158,5,15
Goldsboro High,Wayne County Public Schools,Wayne County,Goldsboro,27530,37191,1,370488000502,Goldsboro High,35.3863,-77.97970000000001,exact_name_zip,100.0,35,28.0,34.0,18.0,52.0,33,33.400000000000006,30.04538330709022,33.29826772923667,36.98358339379992,6.938200086709699,5,15
Charles B Aycock High,Wayne County Public Schools,Wayne County,Pikeville,27863,37191,1,370488001948,Charles B Aycock High,35.509100000000004,-77.98010000000001,exact_name_zip,100.0,31,21.0,34.0,15.0,52.0,30,30.6,26.83716672075292,30.44902893076923,34.76028525426036,7.923118533507441,5,15
Eastern Wayne High,Wayne County Public Schools,Wayne County,Goldsboro,27534,37191,1,370488001950,Eastern Wayne High,35.3776,-77.8809,exact_name_zip,100.0,31,21.0,33.0,16.0,52.0,31,30.6,26.983056341571864,30.403925053205224,34.70679643546376,7.7237400938918945,5,15
Rosewood High,Wayne County Public Schools,Wayne County,Goldsboro,27530,37191,1,370488001961,Rosewood High,35.4156,-78.07520000000001,exact_name_zip,100.0,35,23.0,36.0,14.0,52.0,32,32.0,28.037502488275365,31.94953639442344,36.082297742239945,8.04479525396458,5,15
Southern Wayne High,Wayne County Public Schools,Wayne County,Dudley,28333,37191,1,370488001963,Southern Wayne High,35.2538,-78.045,exact_name_zip,100.0,38,40.0,36.0,19.0,52.0,37,37.0,33.38550119020168,37.18584176688256,40.15043669666871,6.764935506467033,5,15
Spring Creek High,Wayne County Public Schools,Wayne County,Seven Springs,28578,37191,1,370488002499,Spring Creek High,35.227000000000004,-77.8976,exact_name_zip,100.0,33,39.0,35.0,17.0,52.0,35,35.2,31.444696208799733,35.30580195903501,38.6066109725382,7.161914763738466,5,15
Wayne Early / Middle College High,Wayne County Public Schools,Wayne County,Goldsboro,27534,37191,1,370488002881,Wayne Early / Middle College High,35.403594,-77.944682,exact_name_zip,100.0,34,28.0,34.0,17.0,52.0,33,33.0,29.555759490276916,32.906932489504506,36.66123306532612,7.105473575049206,5,15
Wayne School Of Engineering,Wayne County Public Schools,Wayne County,Goldsboro,27530,37191,0,370488003010,Wayne School of Engineering,35.3891,-77.9822,exact_name_zip,100.0,31,22.0,32.0,18.0,52.0,31,31.000000000000004,27.675870897063675,30.759476451712942,34.97161544940283,7.295744552339158,5,15
Roanoke Valley Early College,Weldon City Schools,Halifax County,Weldon,27890,37083,1,370489003079,Roanoke Valley Early College,36.428164,-77.617534,exact_name_zip,100.0,45,25.0,42.0,24.0,66.0,41,40.400000000000006,35.93668405202424,40.26398778217121,45.42761741327294,9.4909333612487,5,15
Weldon Stem High School Career Academies,Weldon City Schools,Halifax County,Weldon,27890,37083,1,370489003262,Weldon STEM High School Career Academies,36.368500000000004,-77.59100000000001,unique_exact_name,100.0,45,25.0,42.0,24.0,66.0,41,40.400000000000006,35.93668405202424,40.26398778217121,45.42761741327294,9.4909333612487,5,15
Whiteville High,Whiteville City Schools,Columbus County,Whiteville,28472,37047,1,370492001970,Whiteville High,34.3346,-78.7068,exact_name_zip,100.0,38,25.0,41.0,25.0,82.0,42,42.2,36.707965755768,41.60349026715411,49.536024800918156,12.828059045150155,5,15
North Whiteville Academy,Whiteville City Schools,Columbus County,Whiteville,28472,37047,0,370492002510,North Whiteville Academy,34.327284,-78.710648,exact_name_zip,100.0,36,26.0,40.0,23.0,82.0,41,41.400000000000006,35.8895815847591,40.745428644296425,48.87254612302356,12.982964538264461,5,15
East Wilkes High School,Wilkes County Schools,Wilkes County,Ronda,28670,37193,1,370495001974,East Wilkes High School,36.2264,-80.9276,exact_name_zip,100.0,26,29.0,35.0,19.0,39.0,30,29.6,27.413916137418948,29.647913484906162,31.722343265496043,4.308427128077096,5,15
North Wilkes High School,Wilkes County Schools,Wilkes County,Hays,28635,37193,1,370495001981,North Wilkes High School,36.2826,-81.09870000000001,exact_name_zip,100.0,28,28.0,32.0,25.0,39.0,30,30.400000000000002,29.07019825190627,30.312533611514873,32.03173765913769,2.9615394072314203,5,15
West Wilkes High School,Wilkes County Schools,Wilkes County,Millers Creek,28651,37193,1,370495001988,West Wilkes High School,36.185679,-81.259411,exact_name_zip,100.0,27,25.0,34.0,29.0,39.0,31,30.8,29.35765501026194,30.73610651597219,32.474241024970866,3.1165860147089255,5,15
Wilkes Central High School,Wilkes County Schools,Wilkes County,Wilkesboro,28697,37193,1,370495001989,Wilkes Central High School,36.1099,-81.1785,exact_name_zip,100.0,25,24.0,34.0,22.0,39.0,29,28.800000000000004,26.87902791525811,28.736557929703935,30.926113019408664,4.047085104150554,5,15
Wilkes Early College High School,Wilkes County Schools,Wilkes County,Wilkesboro,28697,37193,1,370495003125,Wilkes Early College High School,36.135958,-81.184403,exact_name_zip,100.0,26,26.0,34.0,25.0,39.0,30,30.0,28.423104460353013,29.937589056636895,31.81054523765693,3.387440777303919,5,15
Beddingfield High,Wilson County Schools,Wilson County,Wilson,27893,37195,1,370502001994,Beddingfield High,35.6605,-77.8754,exact_name_zip,100.0,40,31.0,41.0,18.0,46.0,35,35.2,31.895096563334928,35.412781369684524,37.92097697893684,6.025880415601915,5,15
Fike High,Wilson County Schools,Wilson County,Wilson,27893,37195,1,370502001998,Fike High,35.753,-77.922,exact_name_zip,100.0,37,27.0,41.0,18.0,46.0,34,33.8,30.54647245449226,33.91859092939622,36.65197650793974,6.105504053447483,5,15
James Hunt High,Wilson County Schools,Wilson County,Wilson,27893,37195,1,370502002000,James Hunt High,35.722300000000004,-77.9979,exact_name_zip,100.0,35,26.0,41.0,16.0,46.0,33,32.800000000000004,29.33064643748285,32.93233895940558,35.88620060924562,6.555554171762768,5,15
Wilson Early College Academy,Wilson County Schools,Wilson County,Wilson,27893,37195,1,370502003097,Wilson Early College Academy,35.730000000000004,-77.896,exact_name_zip,100.0,36,26.0,41.0,16.0,46.0,33,33.0,29.548805450153242,33.127249202560705,36.088513888174425,6.539708438021183,5,15
Wilson Academy Of Applied Technology,Wilson County Schools,Wilson County,Wilson,27893,37195,0,370502003382,Wilson Academy of Applied Technology,35.723658,-77.892771,exact_name_zip,100.0,35,28.0,41.0,17.0,46.0,34,33.400000000000006,30.115772692112404,33.52929943335696,36.307750798384575,6.19197810627217,5,15
Forbush High,Yadkin County Schools,Yadkin County,East Bend,27018,37197,0,370504002018,Forbush High,36.143177,-80.556917,exact_name_zip,100.0,24,23.0,33.0,19.0,24.0,25,24.6,23.344198289235496,24.491068291493928,26.115306847848522,2.771108558613026,5,14
Starmount High,Yadkin County Schools,Yadkin County,Boonville,27011,37197,0,370504002020,Starmount High,36.1828,-80.7716,exact_name_zip,100.0,28,24.0,33.0,17.0,24.0,25,25.200000000000003,23.550726235564596,25.221678437941684,26.77693215311444,3.2262059175498443,5,14
Yadkin Early College,Yadkin County Schools,Yadkin County,Yadkinville,27055,37197,0,370504002912,Yadkin Early College,36.147968,-80.67367300000001,exact_name_zip,100.0,24,24.0,32.0,18.0,24.0,24,24.4,23.06214837806403,24.345182885555985,25.820236199380826,2.7580878213167956,5,14
Mountain Heritage High,Yancey County Schools,Yancey County,Burnsville,28714,37199,0,370507002030,Mountain Heritage High,35.908,-82.3336,exact_name_zip,100.0,32,23.0,25.0,35.0,33.0,30,29.6,28.083157616011693,29.63611547239195,30.979989510345657,2.896831894333964,5,13
Cherokee Central High School,Cherokee Central High School,Swain County,Cherokee,28719,37173,0,590010100045,Cherokee Central High School,35.512416,-83.296951,exact_name_zip,100.0,40,28.0,38.0,24.0,91.0,44,44.199999999999996,38.11221380601882,43.39397921230328,52.7515680280877,14.639354222068881,5,13
